sample_id,audio_filepath,duration,reference,hypothesis,wer,cer,status
kathbath/bengali/wavs/844424930757976-661-f.wav,/Users/monujgogoi/Downloads/kathbath/bengali/wavs/844424930757976-661-f.wav,7.7555,জাপা চেয়ারম্যানের একান্ত ব্যক্তিগত সচিব ও দলটির নেতা খালেদ আখতার সাংবাদিকদের,জাপা চেয়ারম্যানের একান্ত ব্যক্তিগত সচিব ও দলটির নেতা খালেদ আখতার সাংবাদিকদের।,0.0909,0.0149,ok
kathbath/bengali/wavs/844424930841702-70-f.wav,/Users/monujgogoi/Downloads/kathbath/bengali/wavs/844424930841702-70-f.wav,7.918,মাস্টার্স পরীক্ষা শেষে ১৫ দিন থাকা যাবে ইবির হলে,মাস্টার্স পরীক্ষা শেষে পনেরো দিন থাকা যাইবে ইব্রো হলে।,0.4444,0.225,ok
kathbath/bengali/wavs/844424930757897-661-f.wav,/Users/monujgogoi/Downloads/kathbath/bengali/wavs/844424930757897-661-f.wav,14.1641875,নড়াইলে বিশ্ববরেণ্য চিত্রশিল্পী এসএম সুলতানের ৯৪ তম জন্মজয়ন্তী পালিত সমাধিতে পুষ্পমাল্য অর্পণ ও আলোচনা সভা,নড়াইলে বিশ্ব বরেণ্য চিত্রশিল্পী এস এম সুলতানের চুয়ানব্বইতম জন্মজয়ন্তী পালিত সমাধিতে পুষ্পমাল্য অর্পণ ও আলোচনা সভা।,0.4667,0.1183,ok
kathbath/bengali/wavs/844424930757896-661-f.wav,/Users/monujgogoi/Downloads/kathbath/bengali/wavs/844424930757896-661-f.wav,7.5696875,লন্ডনে অবস্থানরত বিএনপির ভারপ্রাপ্ত চেয়ারম্যান তারেক রহমানের স্ত্রী ডা,লন্ডনে অবস্থানরত বিএনপির ভারপ্রাপ্ত চেয়ারম্যান তারেক রহমানের স্ত্রী ডাঃ।,0.1111,0.0317,ok
kathbath/bengali/wavs/844424930757988-661-f.wav,/Users/monujgogoi/Downloads/kathbath/bengali/wavs/844424930757988-661-f.wav,7.1285625,১০০ কোম্পানি সেনা পাঠিয়ে কাশ্মীরে উন্নয়নের ঢাক পেটালেন মোদি,100 কোম্পানি সেনা পাঠিয়ে কাশ্মীর উন্নয়নের ঢাক পেটালেন মোদী।,0.3333,0.1132,ok
kathbath/bengali/wavs/844424930841716-70-f.wav,/Users/monujgogoi/Downloads/kathbath/bengali/wavs/844424930841716-70-f.wav,12.5388125,সহযোগিতা চেয়ে ব্লাড ক্যান্সারে আক্রান্ত বিয়ানীবাজারের আওয়ামী লীগ নেতা আলীমের আকুতি,সহযোগিতা চেয়ে ব্লাড ক্যান্সারে আক্রান্ত বিয়ানীবাজারের আওয়ামী লীগ নেতা আলিমের আকুতি।,0.1818,0.0267,ok
kathbath/bengali/wavs/844424930757890-661-f.wav,/Users/monujgogoi/Downloads/kathbath/bengali/wavs/844424930757890-661-f.wav,8.8468125,তবে সার্বিক বৈশ্বিক এবং দেশীয় পরিস্থিতি বিবেচনায় দুঃখজনকভাবে আমাদের এ বছর আয়োজন স্থগিত করতে,তবে সার্বিক বৈশ্বিক এবং দেশীয় পরিস্থিতি বিবেচনায় দুঃখজনকভাবে আমাদের এ বছর আয়োজন স্থগিত করতে।,0.0714,0.0123,ok
kathbath/bengali/wavs/844424930757898-661-f.wav,/Users/monujgogoi/Downloads/kathbath/bengali/wavs/844424930757898-661-f.wav,7.2910625,ভ্রমণের ফলে নেতিবাচক আবেগ থেকে দূরে থাকেন বলে মন্তব্য করেন মি,ভ্রমণের ফলে নেতিবাচক আবেগ থেকে দূরে থাকেন বলেই মন্তব্য করেন মি।,0.1818,0.0392,ok
kathbath/bengali/wavs/844424930757909-661-f.wav,/Users/monujgogoi/Downloads/kathbath/bengali/wavs/844424930757909-661-f.wav,5.921125,বন্দুকধারী রক্ষী ছাড়া খাবারের ট্রাক রাস্তায় নামানো যাচ্ছে না,বন্দুকধারী রক্ষী ছাড়া খাবারের ট্রাক রাস্তায় নামানো যাচ্ছে না।,0.1111,0.0185,ok
kathbath/bengali/wavs/844424930841730-70-f.wav,/Users/monujgogoi/Downloads/kathbath/bengali/wavs/844424930841730-70-f.wav,9.357625,কেরী ফিশার হিসেবে প্রিন্সেস লেয়াকে চমত্কার মুভি স্টার ওয়ারের মধ্যে,কেরি ফিশার হিসাবে প্রিন্সেস লেয়াকে চমৎকার মুভি স্টার ওয়ারের মধ্যে।,0.4,0.0847,ok
kathbath/bengali/wavs/844424930757977-661-f.wav,/Users/monujgogoi/Downloads/kathbath/bengali/wavs/844424930757977-661-f.wav,8.7075,গোপালপুর ডিগ্রি কলেজে শিক্ষক নিয়োগ সাংসদসহ কমিটির বিরুদ্ধে ঘুষ বাণিজ্যের অভিযোগ,গোপালপুর ডিগ্রি কলেজে শিক্ষক নিয়োগ সংসদসহ কমিটির বিরুদ্ধে ঘুষ বাণিজ্যের অভিযোগ।,0.1818,0.0286,ok
kathbath/bengali/wavs/844424930841692-70-f.wav,/Users/monujgogoi/Downloads/kathbath/bengali/wavs/844424930841692-70-f.wav,10.9598125,তবে সামর্থ্যবানদের অনেকেরই বাড়িতে সময় কাটছে খাওয়া দাওয়া আর আমোদ ফুর্তিতে,তবে সমর্থবানদের অনেকেরই বাড়িতে সময় কাটছে খাওয়াদাওয়া আর আমোদ ফুর্তিতে।,0.3636,0.0606,ok
kathbath/bengali/wavs/844424930757899-661-f.wav,/Users/monujgogoi/Downloads/kathbath/bengali/wavs/844424930757899-661-f.wav,7.6858125,সারদা গোষ্ঠীকে একটি চ্যানেল বিক্রির বিষয়ে মধ্যস্থতা করে ৯ কোটি টাকা পেয়েছেন তিনি,শারদা গোষ্ঠীকে একটি চ্যানেল বিক্রির বিষয়ে মধ্যস্থতা করে ৯ কোটি টাকা পেয়েছেন তিনি।,0.1538,0.0286,ok
kathbath/bengali/wavs/844424930841694-70-f.wav,/Users/monujgogoi/Downloads/kathbath/bengali/wavs/844424930841694-70-f.wav,12.5388125,দেড় বছরের শিশুকে গামলায় বসিয়ে মাথায় নিয়েই একগলা জল সাঁতরে পেরোলেন পুলিশ অফিসার,দেড় বছরের শিশুকে গামলায় বসিয়ে মাথায় নিয়ে এক গলা জল সাঁতরে পেরোলেন পুলিশ অফিসার।,0.3077,0.0282,ok
kathbath/bengali/wavs/844424930841749-70-f.wav,/Users/monujgogoi/Downloads/kathbath/bengali/wavs/844424930841749-70-f.wav,8.428875,বাংলাদেশের ৯ টি পেজ ও ৬ টি আইডি বন্ধ করলো ফেসবুক,বাংলাদেশের 9টি পেইজ ও 6টি আইডি বন্ধ করল ফেসবুক।,0.6364,0.1316,ok
kathbath/bengali/wavs/844424930757917-661-f.wav,/Users/monujgogoi/Downloads/kathbath/bengali/wavs/844424930757917-661-f.wav,3.7384375,ভিড় সামলাতে না পেরে বন্ধ করা হলো সব মার্কেট,ভিড় সামলাতে না পেরে বন্ধ করা হলো সব মার্কেট।,0.1111,0.0278,ok
kathbath/bengali/wavs/844424930841718-70-f.wav,/Users/monujgogoi/Downloads/kathbath/bengali/wavs/844424930841718-70-f.wav,12.37625,১০ জন ডাক্তারের সমন্বয়ে গঠিত এই মেডিক্যাল টিমের প্রধান নির্বাহী হিসেবে দায়িত্ব পালন করছেন ডা,10 জন ডাক্তারের সমন্বয়ে গঠিত এই মেডিকেল টিমের প্রধান নির্বাহী হিসাবে দায়িত্ব পালন করেছেন ডা।,0.3333,0.1,ok
kathbath/bengali/wavs/844424930757914-661-f.wav,/Users/monujgogoi/Downloads/kathbath/bengali/wavs/844424930757914-661-f.wav,7.15175,টেকনোক্র্যাটদের নিয়ে নয়া সরকার গঠনের আহ্বান জানালেন লেবাননের প্রেসিডেন্ট,টেকনোক্রাটদের নিয়ে নয়া সরকার গঠনের আহ্বান জানালেন লেবানের প্রেসিডেন্ট।,0.3333,0.0606,ok
kathbath/bengali/wavs/844424930757903-661-f.wav,/Users/monujgogoi/Downloads/kathbath/bengali/wavs/844424930757903-661-f.wav,6.5248125,লক্ষ্মীপুর জেলা জাতীয় পার্টির সাবেক সভাপতি বিশিষ্ট শিল্পপতি মো,লক্ষ্মীপুর জেলা জাতীয় পার্টির সাবেক সভাপতি বিশিষ্ট শিল্পপতি মো।,0.1111,0.0182,ok
kathbath/bengali/wavs/844424930757941-661-f.wav,/Users/monujgogoi/Downloads/kathbath/bengali/wavs/844424930757941-661-f.wav,7.244625,মুগদা হাসপাতালে রোগীর স্বজন ও সাংবাদিক লাঞ্ছনার ঘটনায় তদন্ত কমিটি,মুগ্ধা হাসপাতালে রোগীর স্বজন ও সাংবাদিক লাঞ্ছনার ঘটনায় তদন্ত কমিটি।,0.2,0.0526,ok
kathbath/bengali/wavs/844424930757962-661-f.wav,/Users/monujgogoi/Downloads/kathbath/bengali/wavs/844424930757962-661-f.wav,6.478375,বিবাহবার্ষিকীতে প্রাক্তন স্বামীর ছবি শেয়ার করে বিশেষ বার্তা শ্রীলেখার,বিবাহবার্ষিকীতে প্রাক্তন স্বামীর ছবি শেয়ার করে বিশেষ বার্তা শ্রীলেখার।,0.1111,0.0161,ok
kathbath/bengali/wavs/844424930841699-70-f.wav,/Users/monujgogoi/Downloads/kathbath/bengali/wavs/844424930841699-70-f.wav,11.5635625,আটক ছাত্রলীগ নেতা তোফাজ্জল হোসেন পানছড়ি উপজেলার উল্টাছড়ি ইউনিয়নের বাঙালি গুচ্ছগ্রামের সভাপতি মো,আটক ছাত্রলীগ নেতা তফজ্জল হোসেন পানছড়ি উপজেলার উল্টাছড়ি ইউনিয়নের বাঙালি গুচ্ছগ্রামের সভাপতি মো.,0.1538,0.0349,ok
kathbath/bengali/wavs/844424930841747-70-f.wav,/Users/monujgogoi/Downloads/kathbath/bengali/wavs/844424930841747-70-f.wav,12.2136875,জেনেভাভিত্তিক এ সংস্থার এশিয়া প্যাসিফিক অঞ্চল থেকে সদস্য হওয়ার জন্য বাংলাদেশ ছাড়াও,জেনেভা ভিত্তিক এ সংস্থার এশিয়া প্যাসিফিক অঞ্চল থেকে সদস্য হওয়ার জন্য বাংলাদেশ ছাড়াও।,0.25,0.0135,ok
kathbath/bengali/wavs/844424930757987-661-f.wav,/Users/monujgogoi/Downloads/kathbath/bengali/wavs/844424930757987-661-f.wav,5.3638125,বাইজু বাওরা ছবি থেকে রণবীর সিং ছেঁটে ফেললেন পরিচালক,বাইজু বাওরা ছবি থেকে রণবীর সিং ছেঁটে ফেললেন পরিচালক।,0.1111,0.0233,ok
kathbath/bengali/wavs/844424930757932-661-f.wav,/Users/monujgogoi/Downloads/kathbath/bengali/wavs/844424930757932-661-f.wav,8.777125,বাংলার দুই পর্বতারোহীকে বাঁচানোর চেষ্টায় যে সমস্যা এসেছিল সে কথা তুলে ধরলেন নির্মল পুর্জা,বাংলায় দুই পর্বতারোহীকে বাঁচানোর চেষ্টায় যে সমস্যা এসেছিল সে কথা তুলে ধরলেন নির্মল পূজা।,0.1429,0.0779,ok
kathbath/bengali/wavs/844424930841745-70-f.wav,/Users/monujgogoi/Downloads/kathbath/bengali/wavs/844424930841745-70-f.wav,12.95675,নজরুল ইসলাম তালুকদার ও বিচারপতি কে এম হাফিজুল আলমের হাইকোর্ট বেঞ্চে একটি প্রতিবেদন,নজরুল ইসলাম তালুকদার ও বিচারপতি কে এম হাফিজুল আলমের হাইকোর্ট বেঞ্চে একটি প্রতিবেদন।,0.0769,0.0143,ok
kathbath/bengali/wavs/844424930841704-70-f.wav,/Users/monujgogoi/Downloads/kathbath/bengali/wavs/844424930841704-70-f.wav,12.7013125,নিহত ৬ তরুণের বাড়ি গিয়ে সমবেদনা জানান বিয়ানীবাজারের জমিয়ত নেতৃবৃন্দ,নিহত ছয় তরুণের বাড়ি গিয়ে সম্বেদনা জানান বিয়ানীবাজারের জমিয়ত নেতৃবৃন্দ।,0.3,0.0806,ok
kathbath/bengali/wavs/844424930757984-661-f.wav,/Users/monujgogoi/Downloads/kathbath/bengali/wavs/844424930757984-661-f.wav,9.0325625,এ ডেলিভারিতে অপারেশন থিয়েটারে একসঙ্গে ছিলেন নারায়ণগঞ্জের ডাক্তার কামরুন্নাহার ও তার দুই ছেলে ডা,এই ডেলিভারিতে অপারেশন থিয়েটারে একসঙ্গে ছিলেন নারায়ণগঞ্জের ডাক্তার কামরুন্নাহার ও তার দুই ছেলে ডাঃ।,0.1429,0.0357,ok
kathbath/bengali/wavs/844424930841748-70-f.wav,/Users/monujgogoi/Downloads/kathbath/bengali/wavs/844424930841748-70-f.wav,13.630125,নির্বাচন কমিশনের নিষ্ক্রিয়তা এবং সুষ্ঠু ভাবে ভোট করতে না দেওয়ার প্রতিবাদে নির্বাচন কমিশনার সুনীল,নির্বাচন কমিশনের নিষ্ক্রিয়তা এবং সুষ্ঠুভাবে ভোট করতে না দেওয়ার প্রতিবাদে নির্বাচন কমিশনার সুনীল।,0.2143,0.0118,ok
kathbath/bengali/wavs/844424930841732-70-f.wav,/Users/monujgogoi/Downloads/kathbath/bengali/wavs/844424930841732-70-f.wav,10.1935625,হাফিজ উদ্দিন খান ও সেক্রেটারি বদিউল আলম মজুমদারের পক্ষে ড,হাফিজুদ্দিন খান ও সেক্রেটারি বদিউল আলম মজুমদারের পক্ষে ড।,0.3,0.0417,ok
kathbath/bengali/wavs/844424930757931-661-f.wav,/Users/monujgogoi/Downloads/kathbath/bengali/wavs/844424930757931-661-f.wav,7.3143125,বিশ্বের দ্বিতীয় বৃহত্তম করোনা আক্রান্ত দেশে গাড়িতেই বিয়ে সেরে নিল ১৫ যুগল,বিশ্বের দ্বিতীয় বৃহত্তম করোনা আক্রান্ত দেশে গাড়িতেই বিয়ে সেরে নিল পনেরো যুগল।,0.1667,0.0923,ok
kathbath/bengali/wavs/844424930757946-661-f.wav,/Users/monujgogoi/Downloads/kathbath/bengali/wavs/844424930757946-661-f.wav,8.4985,লছমি কর্মকার নামের প্রতিবন্ধী ওই কিশোরীর বাড়ি চালসা রেলগেটের কাছে শিবমন্দির পাড়ায়,লক্ষ্মী কর্মকার নামের প্রতিবন্ধী ওই কিশোরীর বাড়ি চালসা রেলগেটের কাছে শিব মন্দির পাড়ায়।,0.3333,0.0822,ok
kathbath/bengali/wavs/844424930757975-661-f.wav,/Users/monujgogoi/Downloads/kathbath/bengali/wavs/844424930757975-661-f.wav,5.5495625,শ্বাসকষ্ট জনিত সমস্যা নিয়ে হাসপাতালে ভর্তি হলেন সরোজ খান,শ্বাসকষ্টজনিত সমস্যা নিয়ে হাসপাতালে ভর্তি হলেন সরোজ খান।,0.3333,0.0204,ok
kathbath/bengali/wavs/844424930757927-661-f.wav,/Users/monujgogoi/Downloads/kathbath/bengali/wavs/844424930757927-661-f.wav,7.9876875,মার্কিন যুক্তরাষ্ট্র মধ্যে বাণিজ্য অ চুক্তি এবং চুক্তি সীমাবদ্ধ,মার্কিন যুক্তরাষ্ট্র মধ্যে বাণিজ্য ও চুক্তি এবং চুক্তি সীমাবদ্ধ।,0.2222,0.0364,ok
kathbath/bengali/wavs/844424930757947-661-f.wav,/Users/monujgogoi/Downloads/kathbath/bengali/wavs/844424930757947-661-f.wav,8.2895625,প্রয়াত আরএসপির সাধারণ সম্পাদক ক্ষিতি গোস্বামীর মৃতদেহ কলকাতায় আনার উদ্যোগ,প্রয়াত আরএসপির সাধারণ সম্পাদক ক্ষিতি গোস্বামীর মৃতদেহ কলকাতায় আনার উদ্যোগ।,0.1,0.0152,ok
kathbath/bengali/wavs/844424930757948-661-f.wav,/Users/monujgogoi/Downloads/kathbath/bengali/wavs/844424930757948-661-f.wav,8.428875,বিশ্বের যে টিকাগুলি নিয়ে গবেষণা এগিয়ে গিয়েছে তাদের মধ্যে অন্যতম হল অক্সফোর্ড বিশ্ববিদ্যালয়ের,বিশ্বের যে টিকাগুলি নিয়ে গবেষণা এগিয়ে গিয়েছে তাদের মধ্যে অন্যতম হলো অক্সফোর্ড বিশ্ববিদ্যালয়ের।,0.1538,0.0238,ok
kathbath/bengali/wavs/844424930757944-661-f.wav,/Users/monujgogoi/Downloads/kathbath/bengali/wavs/844424930757944-661-f.wav,6.873125,একই আদেশে চা বোর্ডে নতুন চেয়ারম্যান নিয়োগ পেয়েছেন মেজর জেনারেল মো,একই আদেশে চা বোর্ডে নতুন চেয়ারম্যান নিয়োগ পেয়েছেন মেজর জেনারেল মো।,0.0909,0.0172,ok
kathbath/bengali/wavs/844424930757943-661-f.wav,/Users/monujgogoi/Downloads/kathbath/bengali/wavs/844424930757943-661-f.wav,6.0604375,আজ ২ হাজার ৯৯৩ জন হাসপাতাল থেকে ছাড়া পেয়েছে,আজ ২৯৯৩ জন হাসপাতাল থেকে ছাড়া পেয়েছে।,0.4444,0.1622,ok
kathbath/bengali/wavs/844424930757908-661-f.wav,/Users/monujgogoi/Downloads/kathbath/bengali/wavs/844424930757908-661-f.wav,8.7306875,তাই এই বছর গাছটি তার দায়িত্বে। ডাল ভেঙে পড়ায় তিনি ক্ষুব্ধ হয়ে রাহুলকে শাস্তি দেন,তাই এ বছর গাছটি তার দায়িত্বে ডাল ভেঙে পড়ায় তিনি ক্ষুদ্ধ হয়ে রাহুলকে শান্তি দেন,0.2667,0.0571,ok
kathbath/bengali/wavs/844424930757901-661-f.wav,/Users/monujgogoi/Downloads/kathbath/bengali/wavs/844424930757901-661-f.wav,6.57125,ভারতের বিপক্ষে মাঠে নেমেই বিরল রেকর্ড গড়লেন রস টেলর,ভারতের বিপক্ষে মাঠে নেমেই বিরল রেকর্ড গড়লেন রস টেলর।,0.1111,0.0227,ok
kathbath/bengali/wavs/844424930757911-661-f.wav,/Users/monujgogoi/Downloads/kathbath/bengali/wavs/844424930757911-661-f.wav,8.5681875,উক্ত সেমিনারে প্রধান অতিথি হিসেবে উপস্থিত ছিলেন গ্রীসে নিযুক্ত বাংলাদেশের রাষ্ট্রদূত মো,উক্ত সেমিনারে প্রধান অতিথি হিসেবে উপস্থিত ছিলেন গ্রিসে নিযুক্ত বাংলাদেশের রাষ্ট্রদূত মোঃ।,0.1667,0.0395,ok
kathbath/bengali/wavs/844424931309432-1116-f.wav,/Users/monujgogoi/Downloads/kathbath/bengali/wavs/844424931309432-1116-f.wav,4.6904375,সুশান্তের রাঁধুনি ও বন্ধুকে সঙ্গে নিয়ে বান্দ্রার ফ্ল্যাটে পৌঁছালো সিবিআই,সুশান্তের রাধুনি ও বন্ধুকে সঙ্গে নিয়ে বান্দ্রার ফ্ল্যাটে পৌঁছলো সিবিআই।,0.3,0.0469,ok
kathbath/bengali/wavs/844424931185290-1116-f.wav,/Users/monujgogoi/Downloads/kathbath/bengali/wavs/844424931185290-1116-f.wav,5.2245,ইনস্টাগ্রামে একটি ভিডিও পোস্ট করে অনুরাগীদের উদ্দেশ্যে শুভেচ্ছা জানিয়েছেন মালাইকা,ইনস্টাগ্রামের একটি ভিডিও পোস্ট করে অনুরাগীদের উদ্দেশ্যে শুভেচ্ছা জানিয়েছেন মালাইকা।,0.2,0.0274,ok
kathbath/bengali/wavs/844424931185293-1116-f.wav,/Users/monujgogoi/Downloads/kathbath/bengali/wavs/844424931185293-1116-f.wav,4.8761875,মা সোনি রাজদানের লেখা আবেগঘন নোট শেয়ার করলেন আলিয়া ভাট,মা শুনেই রাজদানের লেখা আবেগঘন নোট শেয়ার করলেন আলিয়া ভাট।,0.2,0.1064,ok
kathbath/bengali/wavs/844424931309518-1116-f.wav,/Users/monujgogoi/Downloads/kathbath/bengali/wavs/844424931309518-1116-f.wav,10.936625,জুলফিকার সাতক্ষীরার স্থানীয় দৈনিক আজকের সাতক্ষীরা পত্রিকার বাঁশদহা ইউনিয়ন প্রতিনিধি ও হাওয়ালখালী গ্রামের মো,জুলফিকার সাতক্ষীরার স্থানীয় দৈনিক আজকের সাতক্ষীরা পত্রিকার বাস্তহা ইউনিয়ন প্রতিনিধি ও হাওয়ালখালি গ্রামের মো.,0.2143,0.0515,ok
kathbath/bengali/wavs/844424931185280-1116-f.wav,/Users/monujgogoi/Downloads/kathbath/bengali/wavs/844424931185280-1116-f.wav,5.61925,সুদানে চলতি অর্থ বছরে রেকর্ড পরিমাণ পাটপণ্য রফতানি হচ্ছে,সুদানে চলতি অর্থ বছরের রেকর্ড পরিমাণ পাটপণ্য রপ্তানি হচ্ছে।,0.3333,0.0833,ok
kathbath/bengali/wavs/844424931382732-1116-f.wav,/Users/monujgogoi/Downloads/kathbath/bengali/wavs/844424931382732-1116-f.wav,5.526375,আপাতত বিশেষ অফারের অধীনে এই প্ল্যান নিয়ে এসেছে রাষ্ট্রায়ত্ত,আপাতত বিশেষ অফারের অধীনে এই প্ল্যান নিয়ে এসেছে রাষ্ট্রায়ত।,0.1111,0.0377,ok
kathbath/bengali/wavs/844424930757910-661-f.wav,/Users/monujgogoi/Downloads/kathbath/bengali/wavs/844424930757910-661-f.wav,9.0325625,উত্তর মেলেনি। সাংবাদিক বৈঠকে উঠেছে কলেজ সংসদ নির্বাচনের সময় বহিরাগত সমস্যার কথাও,উত্তর মেলেনি সাংবাদিক বৈঠকে উঠেছে কলেজ সংসদ নির্বাচনের সময় বাহিরাগত সমস্যার কথাও,0.1667,0.0286,ok
kathbath/bengali/wavs/844424931309515-1116-f.wav,/Users/monujgogoi/Downloads/kathbath/bengali/wavs/844424931309515-1116-f.wav,5.61925,পুরনো ছবিকে পশ্চিমবঙ্গের জলমগ্ন রাস্তার দৃশ্য দাবি করে ভুয়ো পোস্ট শেয়ার,পুরনো ছবিকে পশ্চিমবঙ্গে জলমগ্ন রাস্তার দৃশ্য দাবি করে ভুয়ো পোস্ট শেয়ার।,0.1818,0.0317,ok
kathbath/bengali/wavs/844424930841696-70-f.wav,/Users/monujgogoi/Downloads/kathbath/bengali/wavs/844424930841696-70-f.wav,10.913375,সত্যম কেলেঙ্কারি মামলায় অভিযুক্ত রামলিঙ্গ রাজুর ৭ বছরের জেল,সত্যম কেলেঙ্কারী মামলায় অভিযুক্ত রামলিঙ্গ রাজুর সাত বছরের জেল।,0.3333,0.0962,ok
kathbath/bengali/wavs/844424931309465-1116-f.wav,/Users/monujgogoi/Downloads/kathbath/bengali/wavs/844424931309465-1116-f.wav,5.503125,আটককৃতরা হলো মুন্সীগঞ্জ শ্রীনগর থানার কোলাপাড়া গ্রামের মৃত জালাল শেখের ছেলে মো,আটককৃতরা হলো মুন্সিগঞ্জ শ্রীনগর থানার কোলাপাড়া গ্রামের মৃত জালাল শেখের ছেলে মোঃ।,0.1667,0.0441,ok
kathbath/bengali/wavs/844424931185305-1116-f.wav,/Users/monujgogoi/Downloads/kathbath/bengali/wavs/844424931185305-1116-f.wav,6.0371875,নবমীর সকালে বর্ধমানের গলসিতে জাতীয় সড়কে মর্মান্তিক দুর্ঘটনায় নিহত বেহালার পাঁচ বাসিন্দা,নবমীর সকালে বর্ধমানের গোলসিতে জাতীয় সড়কে মর্মার্থিক দুর্ঘটনায় নিহত বেহালার পাঁচ বাসিন্দা।,0.25,0.0506,ok
kathbath/bengali/wavs/844424931309430-1116-f.wav,/Users/monujgogoi/Downloads/kathbath/bengali/wavs/844424931309430-1116-f.wav,5.596,নিজের মৃত সন্তানকে কবর দিতে গিয়ে মাটির নিচ থেকে মিলল জীবত সদ্যজাত শিশুকন্যা,নিজের মৃত সন্তানকে কবর দিতে গিয়ে মাটির নিচ থেকে মিলল জীবত সদ্যজাত শিশুকন্যা।,0.0769,0.0156,ok
kathbath/bengali/wavs/844424931185294-1116-f.wav,/Users/monujgogoi/Downloads/kathbath/bengali/wavs/844424931185294-1116-f.wav,4.6208125,উৎকৃষ্ট অভিনেতা হওয়ার পথ এবং উন্নত মানুষ হওয়ার পথ তখন অভিন্ন,উৎকৃষ্ট অভিনেতা হওয়ার পথ এবং উন্নত মানুষ হওয়ার পথ তখন অভিন্ন।,0.0909,0.0192,ok
kathbath/bengali/wavs/844424931309505-1116-f.wav,/Users/monujgogoi/Downloads/kathbath/bengali/wavs/844424931309505-1116-f.wav,5.2245,শিশুমৃত্যুর হার রুখতে মিশন ইন্দ্রধনুষ লঞ্চ করল কেন্দ্রীয় সরকার,শিশু মৃত্যুর হার রুখতে মিশন ইন্দ্রধনুষ লঞ্চ করল কেন্দ্রীয় সরকার।,0.3333,0.0182,ok
kathbath/bengali/wavs/844424931382763-1116-f.wav,/Users/monujgogoi/Downloads/kathbath/bengali/wavs/844424931382763-1116-f.wav,9.4505625,প্রশিক্ষণ কোর্সের উদ্বোধনে বক্তৃতা করছেন ব্যাংকের অতিরিক্ত ব্যবস্থাপনা পরিচালক ও সিবিও মো,প্রশিক্ষণ কোর্সের উদ্বোধনে বক্তৃতা করছেন ব্যাংকের অতিরিক্ত ব্যবস্থাপনা পরিচালক ও সিবিও মো।,0.0833,0.0128,ok
kathbath/bengali/wavs/844424931382803-1116-f.wav,/Users/monujgogoi/Downloads/kathbath/bengali/wavs/844424931382803-1116-f.wav,5.03875,শেফারের দেহ ছিন্নভিন্ন হয়ে যাওয়ায় প্রথমে তাকে শনাক্ত করা যায়নি,শেফারের দেহ ছিন্ন ভিন্ন হয়ে যাওয়ায় প্রথমে তাকে শনাক্ত করা যায়নি।,0.3,0.0175,ok
kathbath/bengali/wavs/844424931185282-1116-f.wav,/Users/monujgogoi/Downloads/kathbath/bengali/wavs/844424931185282-1116-f.wav,5.1548125,জীবন্ত ব্যাকটিরিয়ায় থাকা তথ্যটির সাহায্যে পুনরুদ্ধার করা সম্ভব হবে,জীবন্ত ব্যাকটেরিয়ায় থাকা তথ্যটির সাহায্যে পুনরুদ্ধার করা সম্ভব হবে।,0.2222,0.0333,ok
kathbath/bengali/wavs/844424931309527-1116-f.wav,/Users/monujgogoi/Downloads/kathbath/bengali/wavs/844424931309527-1116-f.wav,3.599125,আর এই প্রথম ভারতে ৫ লক্ষাধিক পরীক্ষা হত একদিনে,আর এই প্রথম ভারতে পাঁচ লক্ষাধিক পরীক্ষা হতো একদিনে।,0.3333,0.1579,ok
kathbath/bengali/wavs/844424931034384-760-f.wav,/Users/monujgogoi/Downloads/kathbath/bengali/wavs/844424931034384-760-f.wav,7.4071875,অভিনব বাগান তৈরি করে সবুজায়নের বার্তা দিচ্ছেন দমদমের রানা দা,অভিনব বাগান তৈরি করে সবুজায়নের বার্তা দিচ্ছেন দমদমের রানাদা।,0.2,0.0192,ok
kathbath/bengali/wavs/844424931309440-1116-f.wav,/Users/monujgogoi/Downloads/kathbath/bengali/wavs/844424931309440-1116-f.wav,5.0155,সৌদি যুবরাজ বিন সালমানের সঙ্গে সংবাদ সম্মেলনে ইমানুয়েল ম্যাকরন,সৌদি যুবরাজ বিন সালমানের সঙ্গে সংবাদ সম্মেলনে ইম্যানুয়েল ম্যাকরন।,0.2222,0.0545,ok
kathbath/bengali/wavs/844424931029511-760-f.wav,/Users/monujgogoi/Downloads/kathbath/bengali/wavs/844424931029511-760-f.wav,8.800375,হাসপাতাল যাওয়ার পথে অ্যাম্বুলেন্সেই যৌন হেনস্থার শিকার কোভিড আক্রান্ত মহিলা,হাসপাতালে যাওয়ার পথে অ্যাম্বুলেন্সে যৌন হেনস্থার শিকার কোভিড আক্রান্ত মহিলা।,0.3,0.0448,ok
kathbath/bengali/wavs/844424931382755-1116-f.wav,/Users/monujgogoi/Downloads/kathbath/bengali/wavs/844424931382755-1116-f.wav,8.428875,দুর্নীতিবাজদের প্রত্যাখ্যান এবং জঙ্গিবাদকে না বলতে নতুন প্রজন্মের প্রতি আহবান জানিয়েছেন খাদ্যমন্ত্রী এডভোকেট,দুর্নীতিবাজদের প্রত্যাখ্যান ও জঙ্গিবাদকে না বলতে নতুন প্রজন্মের প্রতি আহ্বান জানিয়েছেন খাদ্যমন্ত্রী এডভোকেট।,0.2308,0.0515,ok
kathbath/bengali/wavs/844424931285092-906-f.wav,/Users/monujgogoi/Downloads/kathbath/bengali/wavs/844424931285092-906-f.wav,6.4551875,শিক্ষক বরখাস্তের কথা নিশ্চিত করে জেলা প্রাথমিক শিক্ষা কর্মকর্তা মো,শিক্ষক বরখাস্তের কথা নিশ্চিত করে জেলা প্রাথমিক শিক্ষা কর্মকর্তা মো।,0.1,0.0175,ok
kathbath/bengali/wavs/844424931185317-1116-f.wav,/Users/monujgogoi/Downloads/kathbath/bengali/wavs/844424931185317-1116-f.wav,6.106875,বৃষ্টি হতে পারে কলকাতা ও তার পার্শ্ববর্তী জেলাগুলিতেও। বিক্ষিপ্ত বৃষ্টি হবে উত্তর ও দক্ষিণ দিনাজপুরে,বৃষ্টি হতে পারে কলকাতা ও তার পার্শ্ববর্তী জেলাগুলিতেও বিক্ষিপ্ত বৃষ্টি হবে উত্তর ও দক্ষিণ দিনাজপুরে,0.0667,0.0116,ok
kathbath/bengali/wavs/844424931285068-906-f.wav,/Users/monujgogoi/Downloads/kathbath/bengali/wavs/844424931285068-906-f.wav,6.5248125,ডিজি সুরজিতের সমান বেতন চেয়ে সিনিয়র অফিসারদের চিঠি গেল নবান্নে,ডিজি সুরজিতের সমান বেতন চেয়ে সিনিয়র অফিসারদের চিঠি গেল নবান্নে।,0.1,0.0182,ok
kathbath/bengali/wavs/844424931382791-1116-f.wav,/Users/monujgogoi/Downloads/kathbath/bengali/wavs/844424931382791-1116-f.wav,5.4566875,বিগ বসে আসার জন্য জেনিফারকে প্রায় ৩ কোটি টাকা অফার করা হয়েছিল,বিগ বস এ আসার জন্য জেনিফারকে প্রায় তিন কোটি টাকা অফার করা হয়েছিল।,0.3333,0.0962,ok
kathbath/bengali/wavs/844424931309496-1116-f.wav,/Users/monujgogoi/Downloads/kathbath/bengali/wavs/844424931309496-1116-f.wav,8.010875,আলমডাঙ্গায় ২ ইউপি চেয়ারম্যানকে সংবর্ধনা ও চিৎলা ইউপি চেয়ারম্যানের বাড়িতে বোমা হামলার নিন্দা ও প্রতিবাদ,আলমডাঙ্গায় দুই ইউপি চেয়ারম্যানকে সংবর্ধনা ও চিতলা ইউপি চেয়ারম্যানের বাড়িতে বোমা হামলা নিন্দা ও প্রতিবাদ।,0.2667,0.0652,ok
kathbath/bengali/wavs/844424931034352-760-f.wav,/Users/monujgogoi/Downloads/kathbath/bengali/wavs/844424931034352-760-f.wav,6.3390625,ফেসবুক ব্যবহার করতে হলে এখন থেকে এই নিয়মগুলো মানতেই হবে,ফেসবুক ব্যবহার করতে হলে এখন থেকে এই নিয়মগুলি মানতেই হবে।,0.2,0.0426,ok
kathbath/bengali/wavs/844424930757933-661-f.wav,/Users/monujgogoi/Downloads/kathbath/bengali/wavs/844424930757933-661-f.wav,8.800375,চট্রগ্রাম ইঞ্জিনিয়ারিং ইউনিভার্সিটি অফ টেকনোলজি অভিষেক ও বাংলাদেশ স্বাধীনতা দিবস উদযাপন,চট্টগ্রাম ইঞ্জিনিয়ারিং ইউনিভার্সিটি অফ টেকনোলজি অভিষেক ও বাংলাদেশ স্বাধীনতা দিবস উদযাপন।,0.1818,0.0256,ok
kathbath/bengali/wavs/844424931185316-1116-f.wav,/Users/monujgogoi/Downloads/kathbath/bengali/wavs/844424931185316-1116-f.wav,5.03875,সংবাদ সম্মেলনে গোয়েন্দা পুলিশের মিরপুর বিভাগের অতিরিক্ত উপকমিশনার মো,সংবাদ সম্মেলনে গোয়েন্দা পুলিশের মিরপুর বিভাগের অতিরিক্ত উপকমিশনার মো।,0.1111,0.0164,ok
kathbath/bengali/wavs/844424931382742-1116-f.wav,/Users/monujgogoi/Downloads/kathbath/bengali/wavs/844424931382742-1116-f.wav,7.0124375,দিল্লি নির্বাচনের প্রার্থী বাছাইয়ে অমিত শাহের বাড়িতে ৭ ঘণ্টার ম্যারাথন বৈঠকে বিজেপি নেতারা,দিল্লি নির্বাচনের প্রার্থী বাছাইয়ে অমিত শাহের বাড়িতে সাত ঘণ্টার ম্যারাথন বৈঠকে বিজেপি নেতারা।,0.1538,0.05,ok
kathbath/bengali/wavs/844424931034409-760-f.wav,/Users/monujgogoi/Downloads/kathbath/bengali/wavs/844424931034409-760-f.wav,7.244625,৪ জনকে ভোপাল থেকে দিল্লি আনতে গোটা এয়ারবাস ভাড়া করল পরিবার,4 জনকে ভোপাল থেকে দিল্লি আনতে গোটা এয়ারবাস ভাড়া করল পরিবার।,0.1818,0.04,ok
kathbath/bengali/wavs/844424931309529-1116-f.wav,/Users/monujgogoi/Downloads/kathbath/bengali/wavs/844424931309529-1116-f.wav,4.342125,রিকশায় ওঠার আগে আমার বাড়ির দীর্ঘদিনের বিশ্বস্ত কাজের মানুষ মো,রিক্সায় ওঠার আগে আমার বাড়ির দীর্ঘদিনের বিশ্বস্ত কাজের মানুষ মো।,0.2,0.0556,ok
kathbath/bengali/wavs/844424931285055-906-f.wav,/Users/monujgogoi/Downloads/kathbath/bengali/wavs/844424931285055-906-f.wav,6.4551875,বিশ্ব ইজতেমায় পাওয়া গেল সূর্য ও জান্নাত নামে ২ শিশু,বিশ্ব ইজতেমায় পাওয়া গেল সূর্য ও জান্নাত নামে দুই শিশু।,0.2,0.0909,ok
kathbath/bengali/wavs/844424931029480-760-f.wav,/Users/monujgogoi/Downloads/kathbath/bengali/wavs/844424931029480-760-f.wav,13.0960625,করোনাভাইরাস পরিস্থিতি আরও খারাপ হওয়ায় সরকার বাংলাদেশের নাগরিকসহ অন্যান্য দেশের মানুষকে চীন থেকে এ,করোনাভাইরাস পরিস্থিতি আরও খারাপ হওয়ায় সরকার বাংলাদেশের নাগরিকসহ অন্যান্য দেশের মানুষকে চীন থেকে এ,0.0,0.0,ok
kathbath/bengali/wavs/844424931029431-760-f.wav,/Users/monujgogoi/Downloads/kathbath/bengali/wavs/844424931029431-760-f.wav,11.00625,মোট ৫৯ লক্ষ টাকা করোনা মোকাবিলায় অনুদান দিলেন প্রাক্তন ভারত অধিনায়ক,মোট ঊনষাট লক্ষ টাকা করোনা মোকাবিলায় অনুদান দিলেন প্রাক্তন ভারত অধিনায়ক।,0.1818,0.1017,ok
kathbath/bengali/wavs/844424931285038-906-f.wav,/Users/monujgogoi/Downloads/kathbath/bengali/wavs/844424931285038-906-f.wav,7.5465,ঘোড়া সঙ্গে একটি ছবির অঙ্কুর জন্য ধারণা বিয়ের ফটোগ্রাফি সীমাবদ্ধ নয়,ঘোড়া সঙ্গে একটি ছবির অঙ্কুর জন্য ধারণা বিয়ের ফটোগ্রাফি সীমাবদ্ধ নয়।,0.0909,0.0169,ok
kathbath/bengali/wavs/844424931309525-1116-f.wav,/Users/monujgogoi/Downloads/kathbath/bengali/wavs/844424931309525-1116-f.wav,5.3638125,বাংলার শ্রমিকদের সুরক্ষা দিতে মউ চুক্তি সাক্ষরিত হবে বিভিন্ন রাজ্যের সঙ্গে,বাংলার শ্রমিকদের সুরক্ষা দিতে মৌ চুক্তি স্বাক্ষরিত হবে বিভিন্ন রাজ্যের সঙ্গে।,0.2727,0.0625,ok
kathbath/bengali/wavs/844424931382794-1116-f.wav,/Users/monujgogoi/Downloads/kathbath/bengali/wavs/844424931382794-1116-f.wav,5.2941875,নৈতিক একটি বৈপরীত্য ধারণা যে কিছুই অনৈতিক বা নৈতিক হতে পারে,নৈতিক একটি বৈপরীত্য ধারণা যে কিছুই অনৈতিক বা নৈতিক হতে পারে।,0.0909,0.0204,ok
kathbath/bengali/wavs/844424930757926-661-f.wav,/Users/monujgogoi/Downloads/kathbath/bengali/wavs/844424930757926-661-f.wav,13.3050625,ধর্ম অবমাননার অভিযোগ থেকে আসিয়া বিবিকে বেকসুর খালাসের ঘটনায় পাঁচ সহস্রাধিক বিক্ষোভকারীর বিরুদ্ধে মামলা করেছে,ধর্ম অবমাননার অভিযোগ থেকে আসিয়া বিবিকে বেকাসুর খালাসের ঘটনায় পাঁচ সহস্রাধিক বিক্ষোভকারীদের বিরুদ্ধে মামলা করেছে।,0.2,0.0417,ok
kathbath/bengali/wavs/844424931029429-760-f.wav,/Users/monujgogoi/Downloads/kathbath/bengali/wavs/844424931029429-760-f.wav,12.8174375,এ সময় বিজ্ঞান ও প্রযুক্তি মন্ত্রণালয়ের সিনিয়র সচিব প্রকৌশলী মো,এ সময় বিজ্ঞান ও প্রযুক্তি মন্ত্রণালয়ের সিনিয়র সচিব প্রকৌশলী মো।,0.1,0.0179,ok
kathbath/bengali/wavs/844424931323292-906-f.wav,/Users/monujgogoi/Downloads/kathbath/bengali/wavs/844424931323292-906-f.wav,6.501625,মোহাম্মদ নাসিমকে আহ্বায়ক করে এ কমিটির সদস্য সচিব হয়েছেন ডা,মোহাম্মদ নাসিমকে আহ্বায়ক করে এ কমিটির সদস্য সচিব হয়েছেন ডাঃ।,0.2,0.0784,ok
kathbath/bengali/wavs/844424931323301-906-f.wav,/Users/monujgogoi/Downloads/kathbath/bengali/wavs/844424931323301-906-f.wav,5.921125,শুনানী শেষে আদালত আগামী বছরের ১৭ জানুয়ারি সিভিল সার্জন ডা,শুনানি শেষে আদালত আগামী বছরের ১৭ই জানুয়ারি সিভিল সার্জন ডা।,0.3,0.0612,ok
kathbath/bengali/wavs/844424931309484-1116-f.wav,/Users/monujgogoi/Downloads/kathbath/bengali/wavs/844424931309484-1116-f.wav,5.1548125,সেসময়ই হঠাৎ পেছন থেকে সজোরে এসে ধাক্কা মারে এক বেপরোয়া লড়ি,সেই সময় হঠাৎ পেছন থেকে সজোরে এসে ধাক্কা মারে এক বেপরাওয়া লরি।,0.3636,0.1373,ok
kathbath/bengali/wavs/844424931382737-1116-f.wav,/Users/monujgogoi/Downloads/kathbath/bengali/wavs/844424931382737-1116-f.wav,4.1099375,রোজা পালন করতে গিয়ে তাঁরা অনেক সময় সম্মুখীন হন,রোজা পালন করতে গিয়ে তারা অনেক সময় সম্মুখীন হন।,0.2222,0.05,ok
kathbath/bengali/wavs/844424931285073-906-f.wav,/Users/monujgogoi/Downloads/kathbath/bengali/wavs/844424931285073-906-f.wav,5.108375,এ ঘটনায় মামলা দায়ের করা হয়েছে বলে জানান মো,এ ঘটনায় মামলা দায়ের করা হয়েছে বলে জানান মোঃ।,0.1111,0.0541,ok
kathbath/bengali/wavs/844424931449831-906-f.wav,/Users/monujgogoi/Downloads/kathbath/bengali/wavs/844424931449831-906-f.wav,5.3870625,নতুনদের টেরিটোরি অফিসার পদে নিয়োগ দিচ্ছে ব্রিটিশ আমেরিকান টোবাকো,নতুনদের টেরিটোরি অফিসার পদে নিয়োগ দিচ্ছে ব্রিটিশ আমেরিকান টোবাকো।,0.1111,0.0175,ok
kathbath/bengali/wavs/844424931382815-1116-f.wav,/Users/monujgogoi/Downloads/kathbath/bengali/wavs/844424931382815-1116-f.wav,8.196625,সিরিয়ায় নিহত সেনাদের লাশ গ্রহণের পর তাদের প্রতি সম্মান দেখাচ্ছেন ট্রাম্প ও পম্পেও,সিরিয়ায় নিহত সেনাদের লাশ গ্রহণের পর তাদের প্রতি সম্মান দেখাচ্ছেন ট্রাম্প ও পম্পেও।,0.0769,0.0141,ok
kathbath/bengali/wavs/844424931309506-1116-f.wav,/Users/monujgogoi/Downloads/kathbath/bengali/wavs/844424931309506-1116-f.wav,6.4319375,দাউদকান্দি উপজেলা নির্বাহী অফিসার কামরুল ইসলাম খানের সভাপতিত্বে উপস্থিত ছিলেন আ,দাউদ কান্দি উপজেলা নির্বাহী অফিসার কামরুল ইসলাম খানের সভাপতিত্বে উপস্থিত ছিলেন আ।,0.2727,0.0145,ok
kathbath/bengali/wavs/844424931382748-1116-f.wav,/Users/monujgogoi/Downloads/kathbath/bengali/wavs/844424931382748-1116-f.wav,6.1533125,বিজয় দিবসের প্রথম প্রহরে রাত ১২ টা ১ মিনিটে ভাইস চ্যান্সেলর প্রফেসর ড,বিজয় দিবসের প্রথম প্রহরে রাত ১২টা ১ মিনিটে ভাইস চ্যান্সেলর প্রফেসর ডঃ,0.2308,0.0172,ok
kathbath/bengali/wavs/844424931323242-906-f.wav,/Users/monujgogoi/Downloads/kathbath/bengali/wavs/844424931323242-906-f.wav,6.4086875,টিম গেমকে অস্ত্র করেই এ বারের রঞ্জিতে বাংলা যেন অশ্বমেধের ঘোড়া,টিম গেমকে অস্ত্র করেই এবারের রঞ্জিতে বাংলা যেন অশ্বমেধের ঘোড়া।,0.2727,0.0189,ok
kathbath/bengali/wavs/844424931323272-906-f.wav,/Users/monujgogoi/Downloads/kathbath/bengali/wavs/844424931323272-906-f.wav,7.639375,ওভাইর সহযোগিতায় ডিএমপি সদর দপ্তরে ২৩ টি ওয়াটার পিউরিফায়ার ও ডিসপেন্সার স্থাপন,উভয়ের সহযোগিতায় ডিএমপি সদর দপ্তরে ২৩টি ওয়াটার পিউরিফায়ার ও ডিসপেন্সার স্থাপন।,0.3333,0.0725,ok
kathbath/bengali/wavs/844424931285089-906-f.wav,/Users/monujgogoi/Downloads/kathbath/bengali/wavs/844424931285089-906-f.wav,5.688875,এই আইনকে চ্যালেঞ্জ করে বেশ কয়েকটি মামলা দায়ের হয় সুপ্রিম কোর্টে,এই আইনকে চ্যালেঞ্জ করে বেশ কয়েকটি মামলা দায়ের হয় সুপ্রিম কোর্টে।,0.0909,0.0179,ok
kathbath/bengali/wavs/844424930841711-70-f.wav,/Users/monujgogoi/Downloads/kathbath/bengali/wavs/844424930841711-70-f.wav,7.7555,আরব সাগর তীরে নীরব মোদীর ১০০ কোটির বাংলো ভাঙা শুরু,আরব সাগর তীরে নীরব মোদীর একশো কোটির বাংলো ভাঙা শুরু।,0.2,0.122,ok
kathbath/bengali/wavs/844424931309487-1116-f.wav,/Users/monujgogoi/Downloads/kathbath/bengali/wavs/844424931309487-1116-f.wav,5.8746875,আহলে সুন্নাতের মালিকি মাজহাবের প্রতিষ্ঠাতা মালিক ইবনে আনাস বলেছেন,তাহলে সুন্নাতের মালিকী মাজহাবের প্রতিষ্ঠাতা মালিক ইবনে আনাস বলেছেন।,0.3333,0.0702,ok
kathbath/bengali/wavs/844424930757939-661-f.wav,/Users/monujgogoi/Downloads/kathbath/bengali/wavs/844424930757939-661-f.wav,5.9675625,ভারতে প্রতিবছর সবচেয়ে বেশি মানুষ মারা যায় কোবরার দংশনে,ভারতে প্রতিবছর সবচেয়ে বেশি মানুষ মারা যায় কোবরার দংশনায়।,0.1111,0.0833,ok
kathbath/bengali/wavs/844424931185289-1116-f.wav,/Users/monujgogoi/Downloads/kathbath/bengali/wavs/844424931185289-1116-f.wav,4.5975625,যাত্রা শুরুর একদিনের মধ্যেই হোঁচট খেল বন্দে ভারত এক্সপ্রেস,যাত্রা শুরুর একদিনের মধ্যেই চোট খেল বন্দে ভারত এক্সপ্রেস।,0.2222,0.08,ok
kathbath/bengali/wavs/844424930841706-70-f.wav,/Users/monujgogoi/Downloads/kathbath/bengali/wavs/844424930841706-70-f.wav,8.68425,করবা চৌথে স্ত্রীদের জন্য উপোস করেন এই বলি তারকারাও,করবা চৌথে স্ত্রীদের জন্য উপোস করেন এই বলি তারকারাও।,0.1111,0.0238,ok
kathbath/bengali/wavs/844424931285074-906-f.wav,/Users/monujgogoi/Downloads/kathbath/bengali/wavs/844424931285074-906-f.wav,9.0558125,অনুষ্ঠানে প্রধান পৃষ্ঠপোষক হিসেবে বক্তব্য দেন খুলনা বিশ্ববিদ্যালয়ের উপাচার্য অধ্যাপক ড,অনুষ্ঠানে প্রধান পৃষ্ঠপোষক হিসেবে বক্তব্য দেন খুলনা বিশ্ববিদ্যালয়ের উপাচার্য অধ্যাপক ডক্টর।,0.0909,0.0649,ok
kathbath/bengali/wavs/844424931309501-1116-f.wav,/Users/monujgogoi/Downloads/kathbath/bengali/wavs/844424931309501-1116-f.wav,9.7059375,বিদেশে বাংলাদেশের কূটনৈতিক মিশনগুলোতে প্রতিদিন ২৪ ঘণ্টা কনস্যুলার সেবা দেওয়ার নির্দেশনা দিয়েছেন পররাষ্ট্রমন্ত্রী ড,বিদেশে বাংলাদেশের কূটনৈতিক মিশনগুলোতে প্রতিদিন 24 ঘণ্টা কনস্যুলার সেবা দেওয়ার নির্দেশনা দিয়েছেন পররাষ্ট্রমন্ত্রী ডঃ।,0.1429,0.0388,ok
kathbath/bengali/wavs/844424930757913-661-f.wav,/Users/monujgogoi/Downloads/kathbath/bengali/wavs/844424930757913-661-f.wav,7.3839375,শিশু পর্নগ্রাফি করানোর অপরাধে ২০১৭ সালেই গ্রেফতার হয় অস্টিন জোন্স,শিশু পর্ণোগ্রাফি করানোর অপরাধে 2017 সালে গ্রেফতার হয় অস্টিন জোন্স।,0.4,0.1404,ok
kathbath/bengali/wavs/844424931034422-760-f.wav,/Users/monujgogoi/Downloads/kathbath/bengali/wavs/844424931034422-760-f.wav,9.357625,আর উনিশ দিনের মাথায় ধরনা বিক্ষোভে গিয়ে পাশে থাকার বার্তা দিলেন বিজেপি নেতা শঙ্কুদেব,আর উনিশ দিনের মাথায় ধর্না বিক্ষোভে গিয়ে পাশে থাকার বার্তা দিলেন বিজেপি নেতা শঙ্কুদেব।,0.1429,0.0278,ok
kathbath/bengali/wavs/844424931449808-906-f.wav,/Users/monujgogoi/Downloads/kathbath/bengali/wavs/844424931449808-906-f.wav,5.24775,এই ভিডিও কনফারেন্সের জন্য সমস্ত ব্যবস্থা রাজ্যকে করার নির্দেশ দেওয়া হয়,এই ভিডিও কনফারেন্সের জন্য সমস্ত ব্যবস্থা রাজ্যকে করার নির্দেশ দেওয়া হয়।,0.0909,0.0161,ok
kathbath/bengali/wavs/844424931449846-906-f.wav,/Users/monujgogoi/Downloads/kathbath/bengali/wavs/844424931449846-906-f.wav,4.365375,এ রকম আরও হাজারটা উদাহরণ ছড়িয়ে আছে গল্পে গল্পে,এরকম আরও হাজারটা উদাহরণ ছড়িয়ে আছে গল্পে গল্পে।,0.3333,0.025,ok
kathbath/bengali/wavs/844424931029452-760-f.wav,/Users/monujgogoi/Downloads/kathbath/bengali/wavs/844424931029452-760-f.wav,8.4520625,রাত সাড়ে ৮ টার দিকে কোচিং সেন্টারের মালিক ও পরিচালক মো,রাত সাড়ে আটটার দিকে কোচিং সেন্টারের মালিক ও পরিচালক মো।,0.2727,0.0667,ok
kathbath/bengali/wavs/844424931309478-1116-f.wav,/Users/monujgogoi/Downloads/kathbath/bengali/wavs/844424931309478-1116-f.wav,5.0155,তাঁর সঙ্গে কিছু বিষয়ে দ্বিমত পোষণ করে পৃথক রায় দেন বিচারপতি মো,তার সঙ্গে কিছু বিষয়ের দ্বিমত পোষণ করে পৃথক রায় দেন বিচারপতি মো।,0.25,0.0566,ok
kathbath/bengali/wavs/844424931285056-906-f.wav,/Users/monujgogoi/Downloads/kathbath/bengali/wavs/844424931285056-906-f.wav,7.825125,প্রধানমন্ত্রীর ত্রাণ তহবিলে ১৩ হাজার টাকা দান করলেন জামালপুরের দরিদ্র রিকশাচালক মো,প্রধানমন্ত্রীর ত্রাণ তহবিলে ১৩ হাজার টাকা দান করলেন জামালপুরের দরিদ্র রিক্সাচালক মোঃ।,0.1667,0.0563,ok
kathbath/bengali/wavs/844424931309514-1116-f.wav,/Users/monujgogoi/Downloads/kathbath/bengali/wavs/844424931309514-1116-f.wav,7.4071875,ঢাকা বিশ্ববিদ্যালয়ের বায়োমেডিক্যাল রিসার্চ সেন্টারের সাবেক পরিচালক ও ওষুধ প্রযুক্তি বিভাগের অধ্যাপক ড,ঢাকা বিশ্ববিদ্যালয়ের বায়োমেডিকেল রিসার্চ সেন্টারের সাবেক পরিচালক ও ওষুধ প্রযুক্তি বিভাগের অধ্যাপক ডঃ।,0.1538,0.0549,ok
kathbath/bengali/wavs/844424930841743-70-f.wav,/Users/monujgogoi/Downloads/kathbath/bengali/wavs/844424930841743-70-f.wav,10.658,প্রথম পশ্চিমবঙ্গ সফরের জন্য রাষ্ট্রপতির প্রতি কৃতজ্ঞতা প্রকাশ করেন,প্রথম পশ্চিমবঙ্গ সফরের জন্য রাষ্ট্রপতির প্রতি কৃতজ্ঞতা প্রকাশ করেন।,0.1111,0.0172,ok
kathbath/bengali/wavs/844424931285070-906-f.wav,/Users/monujgogoi/Downloads/kathbath/bengali/wavs/844424931285070-906-f.wav,6.4319375,সখীপুরে ব্যবসায়ী রাজ্জাক হত্যাকাণ্ড প্রধান আসামি বোরকা পরা অবস্থায় গ্রেপ্তার,সখীপুরে ব্যবসায়ী রাজ্জাক হত্যাকাণ্ড প্রধান আসামী বোরকা পড়া অবস্থায় গ্রেপ্তার।,0.3,0.058,ok
kathbath/bengali/wavs/844424931185321-1116-f.wav,/Users/monujgogoi/Downloads/kathbath/bengali/wavs/844424931185321-1116-f.wav,6.873125,সভাপতিত্ব করেন সম্মেলন কমিটির আহবায়ক ও জিওগ্রাফি অ্যান্ড এনভায়রমেন্ট বিভাগের প্রধান অধ্যাপক ড,সভাপতিত্ব করেন সম্মেলন কমিটির আহ্বায়ক ও জিওগ্রাফি অ্যান্ড এনভায়রনমেন্ট বিভাগের প্রধান অধ্যাপক ডঃ।,0.2308,0.0482,ok
kathbath/bengali/wavs/844424931382735-1116-f.wav,/Users/monujgogoi/Downloads/kathbath/bengali/wavs/844424931382735-1116-f.wav,7.058875,নিক ও প্রিয়াঙ্কার দিল্লির রিসেপশনের আসরে উপস্থিত ছিলেন স্বয়ং প্রধানমন্ত্রী নরেন্দ্র মোদী,নিক ও প্রিয়াঙ্কার দিল্লির রিসেপশনের আসরে উপস্থিত ছিলেন স্বয়ং প্রধানমন্ত্রী নরেন্দ্র মোদী।,0.0833,0.0127,ok
kathbath/bengali/wavs/844424931034398-760-f.wav,/Users/monujgogoi/Downloads/kathbath/bengali/wavs/844424931034398-760-f.wav,6.8034375,পড়ে দেখুন আর নিজের ছোটোদের সাথে অবশ্যই এটা বলবেন,পড়ে দেখুন আর নিজের ছোটদের সাথে অবশ্যই এটা বলবেন।,0.2222,0.0488,ok
kathbath/bengali/wavs/844424931449830-906-f.wav,/Users/monujgogoi/Downloads/kathbath/bengali/wavs/844424931449830-906-f.wav,5.805,মসজিদে না গিয়ে বাড়িতেই নামাজ পাঠ করেন তা নিশ্চিত করতে ইমামদের নিয়ে বৈঠক,মসজিদে না গিয়ে বাড়িতেই নামাজ পাঠ করেন তা নিশ্চিত করতে ইমামদের নিয়ে বৈঠক।,0.0769,0.0161,ok
kathbath/bengali/wavs/844424931449847-906-f.wav,/Users/monujgogoi/Downloads/kathbath/bengali/wavs/844424931449847-906-f.wav,5.20125,কোন বিকল্পটি আপনার পক্ষে সেরা কিনা তা নির্ধারণ করুন,কোন বিকল্পটি আপনার পক্ষে সেরা কিনা তা নির্ধারণ করুন।,0.1111,0.0233,ok
kathbath/bengali/wavs/844424931323247-906-f.wav,/Users/monujgogoi/Downloads/kathbath/bengali/wavs/844424931323247-906-f.wav,5.1548125,অল্প দূরের ব্রিজে বিসর্জনের তুমুল তাসায় এক ঝলক নেচে,অল্প দূরের ব্রিজে বিসর্জনের তুমুল তাশায় এক ঝলক নেচে।,0.2222,0.0455,ok
kathbath/bengali/wavs/844424931309524-1116-f.wav,/Users/monujgogoi/Downloads/kathbath/bengali/wavs/844424931309524-1116-f.wav,4.2725,চীনের উহান থেকে ছড়িয়ে যাওয়া করোনা ভাইরাসে আক্রান্ত হয়ে,চীনের উহান থেকে ছড়িয়ে যাওয়া করোনাভাইরাসে আক্রান্ত হয়ে।,0.3333,0.02,ok
kathbath/bengali/wavs/844424930757982-661-f.wav,/Users/monujgogoi/Downloads/kathbath/bengali/wavs/844424930757982-661-f.wav,6.19975,চিরন্তন বিস্ময় অার ভালবাসা নিয়ে গ্রামীণ নারী চলেছেন বিশ্বজয়ে,চিরন্তন বিস্ময় আর ভালোবাসা নিয়ে গ্রামীণ নারী চলেছেন বিশ্বজয়ে।,0.3333,0.0727,ok
kathbath/bengali/wavs/844424931185307-1116-f.wav,/Users/monujgogoi/Downloads/kathbath/bengali/wavs/844424931185307-1116-f.wav,3.8313125,এ বিষয়ে স্থানীয় প্রশাসন সহযোগিতা করলে উচ্ছেদের পর ফের,এ বিষয়ে স্থানীয় প্রশাসন সহযোগিতা করলে উচ্ছেদের পর ফের।,0.1111,0.0213,ok
kathbath/bengali/wavs/844424931449832-906-f.wav,/Users/monujgogoi/Downloads/kathbath/bengali/wavs/844424931449832-906-f.wav,5.8746875,রানী দ্বিতীয় এলিজাবেথ তার প্রিয় কুকুর উইলোর মৃত্যুর কারণে দুঃখ প্রকাশ করেছেন,রানী দ্বিতীয় এলিজবেথ তার প্রিয় কুকুর উইলোর মৃত্যুর কারণে দুঃখ প্রকাশ করেছেন।,0.1667,0.0299,ok
kathbath/bengali/wavs/844424931449786-906-f.wav,/Users/monujgogoi/Downloads/kathbath/bengali/wavs/844424931449786-906-f.wav,5.24775,অভিষেক বচ্চনের সাক্ষাৎকার নানির হাতের সরষে মাছ ভীষণ প্রিয়,অভিষেক বচ্চনের সাক্ষাৎকার নানীর হাতের সরষে মাছ ভীষণ প্রিয়।,0.2222,0.04,ok
kathbath/bengali/wavs/844424931382820-1116-f.wav,/Users/monujgogoi/Downloads/kathbath/bengali/wavs/844424931382820-1116-f.wav,4.8994375,শীতকালে হওয়া কিছু সমস্যা ও তার সহজ সমাধান সম্বন্ধে,শীতকালে হওয়া কিছু সমস্যা ও তার সহজ সমাধান সম্বন্ধে।,0.1111,0.0233,ok
kathbath/bengali/wavs/844424931323263-906-f.wav,/Users/monujgogoi/Downloads/kathbath/bengali/wavs/844424931323263-906-f.wav,6.57125,এমনকি যদি তিনি একা তিনি সবসময় সেখানে মাথায় কিছু অস্বাভাবিক হয়,এমনকি যদি তিনি একা তিনি সব সময় সেখানে মাথায় কিছু অস্বাভাবিক হয়।,0.2727,0.0185,ok
kathbath/bengali/wavs/844424931029444-760-f.wav,/Users/monujgogoi/Downloads/kathbath/bengali/wavs/844424931029444-760-f.wav,11.401,নেতিবাচক অযৌক্তিক চিন্তা এবং অযৌক্তিক বিশ্বাস হচ্ছে চিন্তনের ত্রুটির,নেতিবাচক অযৌক্তিক চিন্তা এবং অযৌক্তিক বিশ্বাস হচ্ছে চিন্তনের ত্রুটির।,0.1111,0.0167,ok
kathbath/bengali/wavs/844424931382752-1116-f.wav,/Users/monujgogoi/Downloads/kathbath/bengali/wavs/844424931382752-1116-f.wav,5.1780625,স্থানীয় পুলিশের অনুমতি না পেয়ে রাজধানীর নয়াপল্টনে বিএনপির কেন্দ্রীয়,স্থানীয় পুলিশের অনুমতি না পেয়ে রাজধানীর নয়াপল্টনে বিএনবির কেন্দ্রীয়।,0.2222,0.0317,ok
kathbath/bengali/wavs/844424931323265-906-f.wav,/Users/monujgogoi/Downloads/kathbath/bengali/wavs/844424931323265-906-f.wav,6.478375,এ ছাড়া সন্ত্রাসীদের ছোড়া চলে বিদ্ধ হন স্থানীয় চা বিক্রেতা মোসা,এছাড়া সন্ত্রাসীদের ঝোড়া চলে বৃদ্ধ হন স্থানীয় চা বিক্রেতা মোসা।,0.4545,0.0545,ok
kathbath/bengali/wavs/844424930841720-70-f.wav,/Users/monujgogoi/Downloads/kathbath/bengali/wavs/844424930841720-70-f.wav,12.469125,সদস্য সচিব পদে তদবির চালিয়ে যাচ্ছেন বর্তমান কমিটির যুগ্ম সাধারণ সম্পাদক মো,সদস্য সচিব পদে তদবির চালিয়ে যাচ্ছেন বর্তমান কমিটির যুগ্ন সাধারণ সম্পাদক মো.,0.1667,0.0312,ok
kathbath/bengali/wavs/844424931382775-1116-f.wav,/Users/monujgogoi/Downloads/kathbath/bengali/wavs/844424931382775-1116-f.wav,4.9690625,আর ও উপস্থিত ছিলেন সংস্কৃতি বিষয়ক মন্ত্রণালয়ের যুগ্ম সচিব মো,আরও উপস্থিত ছিলেন সংস্কৃতি বিষয়ক মন্ত্রণালয়ের যুগ্ম সচিব মো.,0.3,0.0189,ok
kathbath/bengali/wavs/844424931029445-760-f.wav,/Users/monujgogoi/Downloads/kathbath/bengali/wavs/844424931029445-760-f.wav,8.0573125,বিষয়টি নিশ্চিত করেন সুপ্রিম কোর্টের স্পেশাল অফিসার ব্যারিস্টার মো,বিষয়টি নিশ্চিত করেন সুপ্রিম কোর্টের স্পেশাল অফিসর ব্যারিস্টার মো।,0.2222,0.0345,ok
kathbath/bengali/wavs/844424931034386-760-f.wav,/Users/monujgogoi/Downloads/kathbath/bengali/wavs/844424931034386-760-f.wav,8.986125,দোকানের চিপায় আটকেপড়া একটি কুকুরকে বাঁচাতে গিয়ে বিদ্যুৎস্পর্শে মারা গেছেন মো,দোকানের চিপায় আটকে পড়া একটি কুকুরকে বাঁচাতে গিয়ে বিদ্যুৎস্পর্শে মারা গেছেন মো।,0.2727,0.0145,ok
kathbath/bengali/wavs/844424931323264-906-f.wav,/Users/monujgogoi/Downloads/kathbath/bengali/wavs/844424931323264-906-f.wav,5.805,আর গতকাল পর্যন্ত মোট দুই হাজার ৯১৩ জন উপসর্গ নিয়ে,আর গতকাল পর্যন্ত মোট 2913 জন উপসর্গ নিয়ে।,0.4,0.2927,ok
kathbath/bengali/wavs/844424931449841-906-f.wav,/Users/monujgogoi/Downloads/kathbath/bengali/wavs/844424931449841-906-f.wav,5.1780625,এই শহরের ভেতর হঠাৎ নড়েচড়ে ওঠলো বিষণ্ন এক গলি,এই শহরের ভেতর হঠাৎ নড়েচড়ে উঠল বিষণ্ণ এক গলি।,0.3333,0.1053,ok
kathbath/bengali/wavs/844424930841731-70-f.wav,/Users/monujgogoi/Downloads/kathbath/bengali/wavs/844424930841731-70-f.wav,9.8916875,নিউ ইয়র্ক সফর শেষে গতরাতে তেহরানে ফেরেন ইরানের পররাষ্ট্রমন্ত্রী,নিউ ইয়র্ক সফর শেষে গত রাত তেহরানে ফেরেন ইরানের পররাষ্ট্রমন্ত্রী।,0.3333,0.0357,ok
kathbath/bengali/wavs/844424931382756-1116-f.wav,/Users/monujgogoi/Downloads/kathbath/bengali/wavs/844424931382756-1116-f.wav,6.106875,এ সময় সিসিইউতে কর্মরত ছিলেন মেডিসিন বিভাগের সহকারী রেজিস্ট্রার ডা,এ সময় সিসিইউতে কর্মরত ছিলেন মেডিসিন বিভাগের সহকারী রেজিস্ট্রার ডা।,0.1,0.0175,ok
kathbath/bengali/wavs/844424931309443-1116-f.wav,/Users/monujgogoi/Downloads/kathbath/bengali/wavs/844424931309443-1116-f.wav,7.4768125,হেমতাবাদের বিধায়কের মৃত্যুর নিরপেক্ষ তদন্তের দাবি বিজেপি রাজ্য সাধারণ সম্পাদক রথীন্দ্র নাথ বোসের,হেমতাবাদের বিধায়কের মৃত্যুর নিরপেক্ষ তদন্তের দাবি বিজেপি রাজ্য সাধারণ সম্পাদক রথিন্দ্রনাথ পোষের।,0.2308,0.0471,ok
kathbath/bengali/wavs/844424931029469-760-f.wav,/Users/monujgogoi/Downloads/kathbath/bengali/wavs/844424931029469-760-f.wav,7.5696875,বিমানসংস্থার ত্রুটিতে উড়ান বাতিল হলে ফেরত দিতে হবে টিকিটের দাম,বিমান সংস্থার ত্রুটিতে উড়ান বাতিল হলে ফেরত দিতে হবে টিকিটের দাম।,0.3,0.0185,ok
kathbath/bengali/wavs/844424931029490-760-f.wav,/Users/monujgogoi/Downloads/kathbath/bengali/wavs/844424931029490-760-f.wav,11.0526875,আরও পড়ুন বিরাটকে টপকে দ্বিতীয় দ্রুততম ভারতীয় হিসেবে অনবদ্য এই রেকর্ডটি করলেন স্মৃতি মন্ধনা,আরও পড়ুন বিরাটকে টপকে দ্বিতীয় দ্রুততম ভারতীয় হিসেবে অনবদ্য এই রেকর্ডটি করলেন স্মৃতি মন্ধনা,0.0,0.0,ok
kathbath/bengali/wavs/844424931285116-906-f.wav,/Users/monujgogoi/Downloads/kathbath/bengali/wavs/844424931285116-906-f.wav,6.3855,তৌকির পরীক্ষার একঘণ্টা আগে ছাত্রদের মধ্যে ওই প্রশ্নপত্র বিলি করে,তৌকির পরীক্ষার এক ঘণ্টা আগে ছাত্রদের মধ্যে ওই প্রশ্নপত্র বিলি করে।,0.3,0.0182,ok
kathbath/bengali/wavs/844424932675128-725-f.wav,/Users/monujgogoi/Downloads/kathbath/bengali/wavs/844424932675128-725-f.wav,6.8963125,করোনা পজেটিভ হয়েও করোনা রোগীর চিকিৎসা করছেন শরীয়তপুর সিভিল সার্জন অফিসের দায়িত্বরত মেডিকেল অফিসার ডা,করোনা পজিটিভ হয়েও করোনা রোগীর চিকিৎসা করছেন শরিয়তপুর সিভিল সার্জন অফিসের দায়িত্বরত মেডিকেল অফিসার ডাঃ।,0.2,0.0449,ok
kathbath/bengali/wavs/844424931285091-906-f.wav,/Users/monujgogoi/Downloads/kathbath/bengali/wavs/844424931285091-906-f.wav,8.1501875,হাসপাতালে না গিয়ে বেসরকারি প্যাথলজি ল্যাবরেটরিতে প্র্যাকটিস করার অভিযোগ উঠছিল এক চিকিৎসকের,হাসপাতালে না গিয়ে বেসরকারি প্যাথোলজি ল্যাবরেটরিতে প্র্যাকটিস করার অভিযোগ উঠছিল এক চিকিৎসকের।,0.1667,0.025,ok
kathbath/bengali/wavs/844424933095886-725-f.wav,/Users/monujgogoi/Downloads/kathbath/bengali/wavs/844424933095886-725-f.wav,4.760125,কিছুতে কাজ না হলে শোয়ার ভঙ্গি পরিবর্তন করে উপকার পাওয়া যেতে পারে,কিছুতেই কাজ না হলে শোয়ার ভঙ্গি পরিবর্তন করে উপকার পাওয়া যেতে পারে।,0.1667,0.0364,ok
kathbath/bengali/wavs/844424931323317-906-f.wav,/Users/monujgogoi/Downloads/kathbath/bengali/wavs/844424931323317-906-f.wav,5.921125,কিন্তু অ্যাঞ্জেলিনা জোলির মতো হতে গিয়ে তিনি চোখে নীল রঙের লেন্স পরেছিলেন,কিন্তু অ্যাঞ্জেলিনা জলির মতো হতে গিয়ে তিনি চোখে নীল রঙের লেন্স পড়েছিলেন।,0.1667,0.0645,ok
kathbath/bengali/wavs/844424931285048-906-f.wav,/Users/monujgogoi/Downloads/kathbath/bengali/wavs/844424931285048-906-f.wav,6.3158125,এই প্রথম টিম ইন্ডিয়ার নির্বাচক হওয়ার জন্য বিজ্ঞাপন দিয়েছে ভারতীয় ক্রিকেট,এই প্রথম টিম ইন্ডিয়া নির্বাচক হওয়ার জন্য বিজ্ঞাপন দিয়েছে ভারতীয় ক্রিকেট।,0.1818,0.0303,ok
kathbath/bengali/wavs/844424931449852-906-f.wav,/Users/monujgogoi/Downloads/kathbath/bengali/wavs/844424931449852-906-f.wav,6.6409375,তবে ভবিষ্যতে ছোট সুনামিগুলোও আজকের দিনের বড় বড় সুনামির ভয়াবহতা বয়ে আনবে,তবে ভবিষ্যতে ছোট সুনামিগুলোও আজকের দিনের বড় বড় সুনামির ভয়াবহতা বয়ে আনবে।,0.0833,0.0156,ok
kathbath/bengali/wavs/844424932843785-725-f.wav,/Users/monujgogoi/Downloads/kathbath/bengali/wavs/844424932843785-725-f.wav,5.108375,আইপিএলে এমএস ধোনির দুর্দান্ত অধিনায়কত্বের কয়েকটি উদাহরণ তুলে ধরা হল,আইপিএলে এমএস ধোনির দুর্দান্ত অধিনায়কত্বের কয়েকটি উদাহরণ তুলে ধরা হলো।,0.1,0.0333,ok
kathbath/bengali/wavs/844424932804710-725-f.wav,/Users/monujgogoi/Downloads/kathbath/bengali/wavs/844424932804710-725-f.wav,5.03875,সরস্বতী পুজো উপলক্ষে প্রায় সপ্তাহ জুড়ে ছুটি পেতে চলেছেন রাজ্য সরকারি কর্মচারীরা,সরস্বতী পুজো উপলক্ষে প্রায় সপ্তাহ জুড়ে ছুটি পেতে চলেছেন রাজ্য সরকারি কর্মচারীরা।,0.0833,0.0143,ok
kathbath/bengali/wavs/844424932805243-725-f.wav,/Users/monujgogoi/Downloads/kathbath/bengali/wavs/844424932805243-725-f.wav,4.2725,আমন্ত্রণ করা সত্ত্বেও মুখ্যমন্ত্রী রাজভবনে না আসায় ক্ষুব্ধ রাজ্যপাল,আমন্ত্রণ করা সত্ত্বেও মুখ্যমন্ত্রী রাজভবনে না আসায় ক্ষুব্ধ রাজ্যপাল।,0.1111,0.0167,ok
kathbath/bengali/wavs/844424931449867-906-f.wav,/Users/monujgogoi/Downloads/kathbath/bengali/wavs/844424931449867-906-f.wav,7.52325,পাবলিক লাইব্রেরির শহীদ দৌলত ময়দানে কক্সবাজার জেলা আওয়ামী লীগের সভাপতি এড,পাবলিক লাইব্রেরির শহীদ দৌলত ময়দানে কক্সবাজার জেলা আওয়ামী লীগের সভাপতি এড।,0.0909,0.0156,ok
kathbath/bengali/wavs/844424931034414-760-f.wav,/Users/monujgogoi/Downloads/kathbath/bengali/wavs/844424931034414-760-f.wav,10.05425,আজকে এই বিগ দিওয়ালী সেলে দারুন সব পাওয়ার ব্যাঙ্কের ওপরে দারুন সব অফার পাওয়া যাচ্ছে,আজকে এই বিগ দিওয়ালি সেলে দারুণ সব পাওয়ার ব্যাংকের ওপরে দারুণ সব অফার পাওয়া যাচ্ছে।,0.3333,0.0845,ok
kathbath/bengali/wavs/844424932804685-725-f.wav,/Users/monujgogoi/Downloads/kathbath/bengali/wavs/844424932804685-725-f.wav,4.2725,এতে প্রধান অতিথি হিসেবে উপস্থিত ছিলেন বাংলা নিউজ টুয়েন্টি ফোর,এতে প্রধান অতিথি হিসেবে উপস্থিত ছিলেন বাংলা নিউজ ২৪।,0.2,0.2264,ok
kathbath/bengali/wavs/844424931029441-760-f.wav,/Users/monujgogoi/Downloads/kathbath/bengali/wavs/844424931029441-760-f.wav,20.0620625,এক নিযুত প্রচেছৰৰ সৈতে নতুন ছুপাৰ কম্পিউটাৰটো বিশ্বৰ আটাইতকৈ বেগী মগজু অনুকৰণকাৰী যন্ত্র,এক নিযুত প্রচ্ছের সৈতে নতুন সুপার কম্পিউটারত বিশ্বর আটাই টকৈ বেগী মগজু অনুকরণকারী যন্ত্র।,0.6154,0.1711,ok
kathbath/bengali/wavs/844424930841727-70-f.wav,/Users/monujgogoi/Downloads/kathbath/bengali/wavs/844424930841727-70-f.wav,11.61,পরিচালনা ও উন্নয়নে ইসির জন্য বরাদ্দ ১৯২০ কোটি টাকা,পরিচালনা ও উন্নয়নে ইসির জন্য বরাদ্দ ১৯২০ কোটি টাকা।,0.1111,0.0233,ok
kathbath/bengali/wavs/844424932676604-725-f.wav,/Users/monujgogoi/Downloads/kathbath/bengali/wavs/844424932676604-725-f.wav,4.5743125,আজ এ খবর নিশ্চিত করেছেন কক্সবাজার মেডিকেল কলেজের অধ্যক্ষ প্রফেসর ডা,আজ এ খবর নিশ্চিত করেছেন কক্সবাজার মেডিকেল কলেজের অধ্যক্ষ প্রফেসর ডাঃ।,0.0909,0.0351,ok
kathbath/bengali/wavs/844424933095871-725-f.wav,/Users/monujgogoi/Downloads/kathbath/bengali/wavs/844424933095871-725-f.wav,5.4799375,জেনে নিন গতকাল শারজায় চেন্নাই বনাম রাজস্থান ম্যাচের মোড় ঘুরিয়ে দেওয়া মুহুর্ত সম্পর্কে,জেনে নিন গতকাল শার্জায় চেন্নাই বনাম রাজস্থান ম্যাচের মোড় ঘুরিয়ে দেওয়া মুহূর্ত সম্পর্কে।,0.2308,0.039,ok
kathbath/bengali/wavs/844424932843744-725-f.wav,/Users/monujgogoi/Downloads/kathbath/bengali/wavs/844424932843744-725-f.wav,6.1300625,গত ১৭ আগস্ট ঢাকার হাজারীবাগের গণকটুলী এলাকায় মোবাইল চুরির অভযোগ তুলে মো,গত ১৭ই আগস্ট ঢাকার হাজারিবাগের গণকুটুলি এলাকায় মোবাইল চুরির অভোযোগ তুলে মো.,0.4167,0.0984,ok
kathbath/bengali/wavs/844424932678023-725-f.wav,/Users/monujgogoi/Downloads/kathbath/bengali/wavs/844424932678023-725-f.wav,4.922625,এক মোবাইলেই পাঁচটি ফোন নম্বর অপারেট করতে সুইচ অ্যাপ,এক মোবাইলেই পাঁচটি ফোন নম্বর অপারেট করতে সুইচ অ্যাপ।,0.1111,0.0233,ok
kathbath/bengali/wavs/844424933095810-725-f.wav,/Users/monujgogoi/Downloads/kathbath/bengali/wavs/844424933095810-725-f.wav,4.9923125,রাতে থানা ও পুলিশ ফাঁড়ির নিরাপত্তা নিশ্চিত করতে পর্যাপ্ত লাইট লাগাতে হবে,রাতে থানা ও পুলিশ ফাঁড়ির নিরাপত্তা নিশ্চিত করতে পর্যাপ্ত লাইট লাগাতে হবে।,0.0833,0.0161,ok
kathbath/bengali/wavs/844424932804642-725-f.wav,/Users/monujgogoi/Downloads/kathbath/bengali/wavs/844424932804642-725-f.wav,4.922625,এ খবর পেয়ে তার পুরোনো প্রেমিকা চর টৌহাট গ্রামের বাসিন্দা মো,এ খবর পেয়ে তার পুরনো প্রেমিকা চর টৌহাট গ্রামের বাসিন্দা মো।,0.1818,0.04,ok
kathbath/bengali/wavs/844424932355708-436-f.wav,/Users/monujgogoi/Downloads/kathbath/bengali/wavs/844424932355708-436-f.wav,4.45825,পুজোর খরচ বাঁচিয়ে বাড়ি বাড়ি ৫০০ টাকা ও সাবান বিলি তমলুকে,পুজোর খরচ বাঁচিয়ে বাড়ি বাড়ি ৫০০ টাকা ও সাবান বিলি তমলুকে।,0.0909,0.0204,ok
kathbath/bengali/wavs/844424932332249-436-f.wav,/Users/monujgogoi/Downloads/kathbath/bengali/wavs/844424932332249-436-f.wav,8.9396875,করোনা আক্রান্ত পুলিশ কর্মকর্তাদের দেখভালে উচ্চপদস্থ পরিদর্শন টিম গঠন করেছেন আইজিপি ড,করোনা আক্রান্ত পুলিশ কর্মকর্তাদের দেখভালে উচ্চপদস্থ পরিদর্শন টিম গঠন করেছেন আইজিপিডো।,0.1667,0.0274,ok
kathbath/bengali/wavs/844424932682833-725-f.wav,/Users/monujgogoi/Downloads/kathbath/bengali/wavs/844424932682833-725-f.wav,5.61925,জানুয়ারি মাসেই বিজেপির বিরুদ্ধে বিরোধী দলগুলিকে নিয়ে ব্রিগেড কর্মসূচি মমতা বন্দ্যোপাধ্যায়ের,জানুয়ারি মাসেই বিজেপির বিরুদ্ধে বিরোধী দলগুলিকে নিয়ে ব্রিগেড কর্মসূচি মমতা বন্দ্যোপাধ্যায়ের।,0.0909,0.0119,ok
kathbath/bengali/wavs/844424933095855-725-f.wav,/Users/monujgogoi/Downloads/kathbath/bengali/wavs/844424933095855-725-f.wav,5.82825,পরে এক সমাবেশে জাতীয়তাবাদী আইনজীবী ঐক্য পরিষদের সাধারণ সম্পাদক হায়দার মো,পরে এক সমাবেশে জাতীয়তাবাদী আইনজীবী ঐক্য পরিষদের সাধারণ সম্পাদক হায়দার মো।,0.0909,0.0156,ok
kathbath/bengali/wavs/844424932843828-725-f.wav,/Users/monujgogoi/Downloads/kathbath/bengali/wavs/844424932843828-725-f.wav,4.7833125,মহিলাদের আত্মসম্মান রক্ষার্থে অস্ত্র হাতে তুলে নেওয়ার পরামর্শ দিলেন অগ্নিমিত্রা পল,মহিলাদের আত্মসম্মান রক্ষার্থে অস্ত্র হাতে তুলে নেওয়ার পরামর্শ দিলেন অগ্নিমিত্রা পল।,0.0909,0.0137,ok
kathbath/bengali/wavs/844424932678052-725-f.wav,/Users/monujgogoi/Downloads/kathbath/bengali/wavs/844424932678052-725-f.wav,6.8034375,মাদারীপুর পৌরসভার চরমুগরিয়া বন্দরে বিষ প্রয়োগ করে ১৬ টি বানর হত্যা করা হয়ে,মাদারীপুর পৌরসভার চরমমুগুড়িয়া বন্দরে বীজ প্রয়োগ করে ষোলোটি বানর হত্যা করা হয়।,0.3846,0.1692,ok
kathbath/bengali/wavs/844424932676644-725-f.wav,/Users/monujgogoi/Downloads/kathbath/bengali/wavs/844424932676644-725-f.wav,4.2956875,টাকা বাতিল হওয়ার দিন আমার কাছে পাঁচশো টাকার দুটো আর হাজার,টাকা বাতিল হওয়ার দিন আমার কাছে ₹500-র দুটো আর হাজার।,0.2727,0.2292,ok
kathbath/bengali/wavs/844424932805313-725-f.wav,/Users/monujgogoi/Downloads/kathbath/bengali/wavs/844424932805313-725-f.wav,5.6656875,এনকাউন্টারে কাশ্মীরে মৃত্যু ১ শীর্ষ জৈশ কমান্ডার মুন্না ভাইসহ ২ জঙ্গির,এনকাউন্টারে কাশ্মীরে মৃত্যু এক শীর্ষ জৈষ কমান্ডার মুন্না ভাই সহ দুই জঙ্গির।,0.5455,0.1167,ok
kathbath/bengali/wavs/844424932805233-725-f.wav,/Users/monujgogoi/Downloads/kathbath/bengali/wavs/844424932805233-725-f.wav,7.3143125,সিস্টার নিবেদিতার ১৫০ বছর পূর্তি উপলক্ষে আগামী ৩ অক্টোবর মহাজাতি সদনে একটি অনুষ্ঠানের আয়োজন করেছিল,সিস্টার নিবেদিতার 150 বছর পূর্তি উপলক্ষে আগামী 3 অক্টোবর মহাজাতি সদনে একটি অনুষ্ঠানের আয়োজন করেছিল।,0.2,0.0588,ok
kathbath/bengali/wavs/844424932682836-725-f.wav,/Users/monujgogoi/Downloads/kathbath/bengali/wavs/844424932682836-725-f.wav,4.2028125,রায়হানের সঙ্গে আজই দেখা করতে চান মালয়েশিয়ার দুই আইনজীবী,রায়হানের সঙ্গে আজই দেখা করতে চান মালয়েশিয়ার দুই আইনজীবী।,0.1111,0.02,ok
kathbath/bengali/wavs/844424932675198-725-f.wav,/Users/monujgogoi/Downloads/kathbath/bengali/wavs/844424932675198-725-f.wav,4.342125,শিক্ষা ছুটি শেষে ফিরে না আসায় রাবি শিক্ষক চাকরিচ্যুত,শিক্ষা ছুটি শেষে ফিরে না আসায় রাবি শিক্ষক চাকরিচ্যুত।,0.1111,0.0222,ok
kathbath/bengali/wavs/844424933096451-725-f.wav,/Users/monujgogoi/Downloads/kathbath/bengali/wavs/844424933096451-725-f.wav,3.50625,এই যে নির্বাচন হয়নি তার কারণ অবস্থা অস্বাভাবিক ছিল,এই যে নির্বাচন হয়নি তার কারণ অবস্থা অস্বাভাবিক ছিল।,0.1111,0.0233,ok
kathbath/bengali/wavs/844424932358428-436-f.wav,/Users/monujgogoi/Downloads/kathbath/bengali/wavs/844424932358428-436-f.wav,5.03875,আরও পড়ুন ধোনিকে বাইরে রেখেই দক্ষিণ আফ্রিকার দল নির্বাচন,আরও পড়ুন ধনীকে বাইরে রেখেই দক্ষিণ আফ্রিকার দল নির্বাচন,0.1111,0.0417,ok
kathbath/bengali/wavs/844424931285057-906-f.wav,/Users/monujgogoi/Downloads/kathbath/bengali/wavs/844424931285057-906-f.wav,7.175,নানা স্বাদের স্যুপের রেসিপি দিয়েছেন শেফ অসিত কর্মকার সুজন,নানা স্বাদের সুপের রেসিপি দিয়েছেন শেফ অসিত কর্মকার সুজন।,0.2222,0.06,ok
kathbath/bengali/wavs/844424933096419-725-f.wav,/Users/monujgogoi/Downloads/kathbath/bengali/wavs/844424933096419-725-f.wav,5.4335,পাশাপাশি পুরো বিষয়টি আপাতত বিজেপির শৃঙ্খলা রক্ষা কমিটি দেখছে বলে জানিয়েছেন অমিত শাহ,পাশাপাশি পুরো বিষয়টি আপাতত বিজেপির শৃঙ্খলা রক্ষা কমিটি দেখছে বলে জানিয়েছেন অমিত শাহ।,0.0769,0.0137,ok
kathbath/bengali/wavs/844424932332259-436-f.wav,/Users/monujgogoi/Downloads/kathbath/bengali/wavs/844424932332259-436-f.wav,4.342125,তাকে চাকরিচ্যুত করা হয় এবং এভাবেই গল্পটি এগিয়ে যায়,তাকে চাকরিচ্যুত করা হয় এবং এইভাবেই গল্পটি এগিয়ে যায়।,0.2222,0.0444,ok
kathbath/bengali/wavs/844424932358453-436-f.wav,/Users/monujgogoi/Downloads/kathbath/bengali/wavs/844424932358453-436-f.wav,6.478375,ফরেন্সিক টিম সবুজ সংকেত না দেওয়া পর্যন্ত বন্ধ থাকবে চ্যাটার্জি ইন্টারন্যাশনাল বিল্ডিং,ফরেন্সিক টিম সবুজ সংকেত না দেওয়া পর্যন্ত বন্ধ থাকবে চ্যাটার্জী ইন্টারন্যাশনাল বিল্ডিং।,0.1667,0.0267,ok
kathbath/bengali/wavs/844424932438041-436-f.wav,/Users/monujgogoi/Downloads/kathbath/bengali/wavs/844424932438041-436-f.wav,7.918,এতে অন্যদের মধ্যে বক্তব্য দেন নেত্রকোনা পল্লী বিদ্যুৎ কার্যালয়ের অতিরিক্ত জেনারেল ম্যানেজার মো,এতে অন্যদের মধ্যে বক্তব্য দেন নেত্রকোনা পল্লী বিদ্যুৎ কার্যালয়ের অতিরিক্ত জেনারেল ম্যানেজার মোঃ।,0.0769,0.0241,ok
kathbath/bengali/wavs/844424931382777-1116-f.wav,/Users/monujgogoi/Downloads/kathbath/bengali/wavs/844424931382777-1116-f.wav,4.760125,মামলা মোকদ্দমা চলতে থাকলে এই মাসে সেই বিষয়ে সাফল্য আসবে,মামলা মোকদ্দমা চলতে থাকলে এই মাসে সেই বিষয়ে সাফল্য আসবে।,0.1,0.0213,ok
kathbath/bengali/wavs/844424932355640-436-f.wav,/Users/monujgogoi/Downloads/kathbath/bengali/wavs/844424932355640-436-f.wav,4.2028125,চীনের এই উহান শহর থেকে করোনাভাইরাস বিশ্বব্যাপী ছড়িয়ে পড়ে,চীনের এই উহান শহর থেকে করোনাভাইরাস বিশ্বব্যাপী ছড়িয়ে পড়ে।,0.1111,0.0196,ok
kathbath/bengali/wavs/844424931185273-1116-f.wav,/Users/monujgogoi/Downloads/kathbath/bengali/wavs/844424931185273-1116-f.wav,5.8746875,বর্ষা কালে অসুস্থ হয়ে পড়ার আগেই প্রতি দিনই খাবারে রাখুন কিছু জিনিস যা ন্যাচারাল অ্যান্টিবায়োটিক,বর্ষাকালে অসুস্থ হয়ে পড়ার আগেই প্রতিদিনই খাবারে রাখুন কিছু জিনিস যা ন্যাচারাল অ্যান্টিবায়োটিক।,0.3333,0.0119,ok
kathbath/bengali/wavs/844424933096498-725-f.wav,/Users/monujgogoi/Downloads/kathbath/bengali/wavs/844424933096498-725-f.wav,4.0403125,এ আয়োজন উপলক্ষে কবি জসীমউদ্দীন বেদের মেয়ে নাটকটি রচনা করেন,এ আয়োজন উপলক্ষে কবি জসিমুদ্দিন বেদের মেয়ে নাটকটি রচনা করেন।,0.2,0.0784,ok
kathbath/bengali/wavs/844424931029428-760-f.wav,/Users/monujgogoi/Downloads/kathbath/bengali/wavs/844424931029428-760-f.wav,8.10375,অথচ আমার পাশে সেরে নেয় মধ্যাহ্ন ভোজন মাঝে মাঝে,অথচ আমার পাশে সেরে নেয় মধ্যাহ্ন ভোজন মাঝে মাঝে।,0.1111,0.0256,ok
kathbath/bengali/wavs/844424933096447-725-f.wav,/Users/monujgogoi/Downloads/kathbath/bengali/wavs/844424933096447-725-f.wav,4.9923125,এতে জনগণকে ঘর থেকে বেরিয়ে এসে শান্তিপূর্ণ বিক্ষোভ করার আহ্বান জানানো হচ্ছে,এতে জনগণকে ঘর থেকে বেরিয়ে এসে শান্তিপূর্ণ বিক্ষোভ করার আহ্বান জানানো হচ্ছে।,0.0833,0.0156,ok
kathbath/bengali/wavs/844424932346129-436-f.wav,/Users/monujgogoi/Downloads/kathbath/bengali/wavs/844424932346129-436-f.wav,6.0371875,পাক সেনাদের ৪ টি আউটপোস্ট সম্পূর্ণ ধ্বংস করে দিল ভারতীয় সেনা জওয়ানরা,পাক সেনাদের চারটি আউটপোস্ট সম্পূর্ণ ধ্বংস করে দিল ভারতীয় সেনা জোয়ানরা।,0.25,0.0847,ok
kathbath/bengali/wavs/844424932678006-725-f.wav,/Users/monujgogoi/Downloads/kathbath/bengali/wavs/844424932678006-725-f.wav,5.03875,সেখান থেকে পুরাতন মেডিক্যাল ব্লকে অবস্থিত চবি ছাত্রলীগের সহ সভাপতি মো,সেখান থেকে পুরাতন মেডিকেল ব্লকে অবস্থিত চবি ছাত্রলীগের সহ-সভাপতি মোঃ।,0.3636,0.1017,ok
kathbath/bengali/wavs/844424932355652-436-f.wav,/Users/monujgogoi/Downloads/kathbath/bengali/wavs/844424932355652-436-f.wav,4.365375,গরম জলে স্নান করলেও ঠান্ডা জলেই মুখ ধোওয়ার চেষ্টা করুন,গরম জলে স্নান করলেও ঠান্ডা জলেই মুখ ধোয়ার চেষ্টা করুন।,0.2,0.0435,ok
kathbath/bengali/wavs/844424932437978-436-f.wav,/Users/monujgogoi/Downloads/kathbath/bengali/wavs/844424932437978-436-f.wav,5.108375,ছুটির দিনগুলিকে জমিয়ে তুলতে বিভিন্ন রকমের রেসিপি শিখে রাখাই যায়,ছুটির দিনগুলিকে জমিয়ে তুলতে বিভিন্ন রকমের রেসিপি শিখে রাখাই যায়।,0.1,0.0179,ok
kathbath/bengali/wavs/844424931185311-1116-f.wav,/Users/monujgogoi/Downloads/kathbath/bengali/wavs/844424931185311-1116-f.wav,5.317375,ভারতে মোবাইল ফোন উৎপাদনে উৎসাহ দেওয়া হবে। জোর দেওয়া হবে বৈদ্যুতিন যন্ত্রাংশ উৎপাদনে,"ভারতে মোবাইল ফোন উৎপাদনে উৎসাহ দেওয়া হবে, জোর দেওয়া হবে বৈদ্যুতিক যন্ত্রাংশ উৎপাদনে।",0.2308,0.0411,ok
kathbath/bengali/wavs/844424933095820-725-f.wav,/Users/monujgogoi/Downloads/kathbath/bengali/wavs/844424933095820-725-f.wav,4.5975625,কারণ এ বছরই প্রথম মেয়ে আরাধ্যার সঙ্গে রেড কার্পেটে হেঁটেছেন তিনি,কারণ এ বছরই প্রথম মেয়ে আরাধ্যার সঙ্গে রেড কার্পেটে হেঁটেছেন তিনি।,0.0909,0.0182,ok
kathbath/bengali/wavs/844424932843741-725-f.wav,/Users/monujgogoi/Downloads/kathbath/bengali/wavs/844424932843741-725-f.wav,6.3158125,এই আইআরএস বিকল্প ব্যাখ্যা করার জন্য আরো নির্দেশিকা জন্য ট্যাক্স পেশাদার সঙ্গে পরীক্ষা করুন,এই আইআরএস বিকল্প ব্যাখ্যা করার জন্য আরও নির্দেশিকার জন্য ট্যাক্স পেশাদার সঙ্গে পরীক্ষা করুন।,0.2143,0.039,ok
kathbath/bengali/wavs/844424931449838-906-f.wav,/Users/monujgogoi/Downloads/kathbath/bengali/wavs/844424931449838-906-f.wav,4.66725,কলকাতায় কমেছে ২২ ক্যারাট সোনার দাম । প্রতীকী ছবি,কলকাতায় কমেছে 22 ক্যারেট সোনার দাম প্রতীকী ছবি।,0.4444,0.122,ok
kathbath/bengali/wavs/844424931034380-760-f.wav,/Users/monujgogoi/Downloads/kathbath/bengali/wavs/844424931034380-760-f.wav,7.5000625,অমুসলিমদের বাড়তি সুবিধা দিয়ে ভারতের লোকসভায় নাগরিকত্ব বিল পাশ,অমুসলিমদের বাড়তি সুবিধা দিয়ে ভারতের লোকসভায় নাগরিকত্ব বিল পাস।,0.1111,0.0357,ok
kathbath/bengali/wavs/844424932675196-725-f.wav,/Users/monujgogoi/Downloads/kathbath/bengali/wavs/844424932675196-725-f.wav,6.4319375,ইউনাইটেড ফোরাম অফ রিজার্ভ ব্যাঙ্ক অফিসার্স অ্যান্ড এমপ্লয়িজের পক্ষ থেকে ধর্মঘটের ডাক দেওয়া হলেও,ইউনাইটেড ফোরাম অফ রিজার্ভ ব্যাংক অফিসার্স অ্যান্ড এমপ্লয়িজের পক্ষ থেকে ধর্মঘটের ডাক দেওয়া হলেও,0.0714,0.0238,ok
kathbath/bengali/wavs/844424931034427-760-f.wav,/Users/monujgogoi/Downloads/kathbath/bengali/wavs/844424931034427-760-f.wav,12.283375,ব্যাংক আমানতে আবগারি শৃল্ক নিয়ে সংসদে হানিফের তোপের মুখে অর্থমন্ত্রী মুহিত,ব্যাংক আমানতে আবগারি সিল্ক নিয়ে সংসদে হানিফের তোপের মুখে অর্থমন্ত্রী মোহিত।,0.1818,0.0615,ok
kathbath/bengali/wavs/844424931382767-1116-f.wav,/Users/monujgogoi/Downloads/kathbath/bengali/wavs/844424931382767-1116-f.wav,5.7353125,ওয়ার্ড থেকে রোগী বের করার সময়ে হুড়োহুড়িতে এক জনের মৃত্যু হয়েছে বলে অভিযোগ,ওয়ার্ড থেকে রোগী বের করার সময় হুড়োহুড়িতে একজনের মৃত্যু হয়েছে বলে অভিযোগ।,0.3077,0.0303,ok
kathbath/bengali/wavs/844424931323266-906-f.wav,/Users/monujgogoi/Downloads/kathbath/bengali/wavs/844424931323266-906-f.wav,6.083625,এ সময় প্রয়োজনে মাঠ পরিদর্শন করার আগ্রহ ব্যক্ত করেন মো,এ সময় প্রয়োজনে মাঠ পরিদর্শন করার আগ্রহ ব্যক্ত করেন মো।,0.1,0.0217,ok
kathbath/bengali/wavs/844424931185275-1116-f.wav,/Users/monujgogoi/Downloads/kathbath/bengali/wavs/844424931185275-1116-f.wav,4.156375,নীল শার্ট পরে নমাজ পড়তে দেখা যাচ্ছে ওই যুবককে,নীল শার্ট পড়ে নমাজ পড়তে দেখা যাচ্ছে ওই যুবককে।,0.2222,0.0789,ok
kathbath/bengali/wavs/844424931382807-1116-f.wav,/Users/monujgogoi/Downloads/kathbath/bengali/wavs/844424931382807-1116-f.wav,8.10375,আগামী ১৫ জুন পর্যন্ত পাবলিক ও বেসরকারি বিশ্ববিদ্যালয়সমূহের যাবতীয় কার্যক্রম বন্ধ রাখার সিদ্ধান্ত নিয়েছে,আগামী ১৫ই জুন পর্যন্ত পাবলিক ও বেসরকারি বিশ্ববিদ্যালয় সমূহের যাবতীয় কার্যক্রম বন্ধ রাখার সিদ্ধান্ত নিয়েছে।,0.2857,0.0215,ok
kathbath/bengali/wavs/844424931323237-906-f.wav,/Users/monujgogoi/Downloads/kathbath/bengali/wavs/844424931323237-906-f.wav,7.7090625,মিয়ানমার কর্তৃপক্ষ রোহিঙ্গাদের ন্যাশনাল ভেরিফিকেশন কার্ড নিতে বাধ্য করছে যা তাদের বিদেশি নাগরিক হিসেবে,মিয়ানমার কর্তৃপক্ষ রোহিঙ্গাদের ন্যাশনাল ভেরিফিকেশন কার্ড নিতে বাধ্য করছে যা তাদের বিদেশী নাগরিক হিসেবে।,0.1429,0.0222,ok
kathbath/bengali/wavs/844424931323244-906-f.wav,/Users/monujgogoi/Downloads/kathbath/bengali/wavs/844424931323244-906-f.wav,5.131625,সঙ্গে এই ফোন দুটি রং গোল্ড ও সিলভার এ নিতে পারেন,সঙ্গেই ফোন দুটি রং গোল্ড ও সিলভারে নিতে পারেন।,0.4545,0.0789,ok
kathbath/bengali/wavs/844424932358436-436-f.wav,/Users/monujgogoi/Downloads/kathbath/bengali/wavs/844424932358436-436-f.wav,6.6176875,কাশ্মীরের নিয়ন্ত্রণ রেখায় ভারত ও পাকিস্তানের সেনাবাহিনীর মধ্যে সংঘর্ষে নিহত ৪,কাশ্মীরের নিয়ন্ত্রণ রেখায় ভারত ও পাকিস্তানের সেনাবাহিনীর মধ্যে সংঘর্ষে নিহত চার।,0.0909,0.058,ok
kathbath/bengali/wavs/844424933096414-725-f.wav,/Users/monujgogoi/Downloads/kathbath/bengali/wavs/844424933096414-725-f.wav,4.1099375,তাঁরা প্রথম সেলিব্রেটি অতিথি হয়ে আসতে পারেন বলে মনে করা হচ্ছে,তারা প্রথম সেলিব্রিটি অতিথি হয়ে আসতে পারেন বলে মনে করা হচ্ছে।,0.2727,0.0577,ok
kathbath/bengali/wavs/844424932805301-725-f.wav,/Users/monujgogoi/Downloads/kathbath/bengali/wavs/844424932805301-725-f.wav,4.4814375,সেই সময় থেকে এখনও পর্যন্ত গত ৬৭ দিনে শহরের নানা অংশ,সেই সময় থেকে এখনও পর্যন্ত গত সাতষট্টি দিনে শহরের নানা অংশ।,0.1818,0.2143,ok
kathbath/bengali/wavs/844424931323284-906-f.wav,/Users/monujgogoi/Downloads/kathbath/bengali/wavs/844424931323284-906-f.wav,7.453625,আর্থিক সমস্যার কবল থেকে আইডিবিআই ব্যাঙ্ককে উদ্ধার করতে কেন্দ্রের নির্দেশেই তাকে হাতে নিয়েছিল,আর্থিক সমস্যার কবল থেকে আইডিবিআই ব্যাংককে উদ্ধার করতে কেন্দ্রের নির্দেশই তাকে হাতে নিয়েছিল।,0.2308,0.0494,ok
kathbath/bengali/wavs/844424932803584-725-f.wav,/Users/monujgogoi/Downloads/kathbath/bengali/wavs/844424932803584-725-f.wav,4.853,সারা বিশ্বে করোনার শিকার হয়েছে প্রায় ৭০ হাজার মানুষ। আক্রান্তের সংখ্যা,"সারা বিশ্বে করোনার শিকার হয়েছে প্রায় ৭০,০০০ মানুষ আক্রান্তের সংখ্যা।",0.3636,0.1129,ok
kathbath/bengali/wavs/844424930757938-661-f.wav,/Users/monujgogoi/Downloads/kathbath/bengali/wavs/844424930757938-661-f.wav,11.0526875,বরগুনা সদর উপজেলা নির্বাচন কর্মকর্তা এবং বরগুনা পৌরসভা নির্বাচনের সহকারী রিটার্নিং অফিসার মো,বরগুনা সদর উপজেলা নির্বাচন কর্মকর্তা এবং বরগুনা পৌরসভা নির্বাচনের সহকারী রিটার্নিং অফিসর মো।,0.1538,0.025,ok
kathbath/bengali/wavs/844424931285121-906-f.wav,/Users/monujgogoi/Downloads/kathbath/bengali/wavs/844424931285121-906-f.wav,6.501625,তবে এ বিষয়ে সুপ্রিম কোর্ট প্রশাসন থেকে সাংবাদিকদের কাছে কেউ,তবে এ বিষয়ে সুপ্রিম কোর্ট প্রশাসন থেকে সাংবাদিকদের কাছে কেউ।,0.1,0.0196,ok
kathbath/bengali/wavs/844424931323305-906-f.wav,/Users/monujgogoi/Downloads/kathbath/bengali/wavs/844424931323305-906-f.wav,6.6176875,ওন্দা বিধানসভার বিধায়ক অরূপ খাঁ আনুষ্ঠানিক ভাবে বিজেপি থেকে আসা নেতা কর্মীদের,ওন্দা বিধানসভার বিধায়ক অরূপ খাঁ আনুষ্ঠানিকভাবে বিজেপি থেকে আসা নেতাকর্মীদের।,0.3333,0.0149,ok
kathbath/bengali/wavs/844424932805247-725-f.wav,/Users/monujgogoi/Downloads/kathbath/bengali/wavs/844424932805247-725-f.wav,5.2709375,চল্লিশ ঘণ্টার চেষ্টায় ৬০ ফুট গভীর গর্ত থেকে ১৮ মাসের নাদিমকে উদ্ধার করল সেনা,চল্লিশ ঘণ্টা চেষ্টায় ষাট ফুট গভীর গর্ত থেকে আঠেরো মাসের নাদিমকে উদ্ধার করল সেনা।,0.2857,0.1562,ok
kathbath/bengali/wavs/844424932682898-725-f.wav,/Users/monujgogoi/Downloads/kathbath/bengali/wavs/844424932682898-725-f.wav,4.435,ভাবতে অবাক লাগে বলে জানান ম্যায়নে প্যার কিয়া অভিনেত্রী,অবাক লাগে বলে জানান ম্যান এ পেয়ার কিয়া অভিনেত্রী।,0.5556,0.2292,ok
kathbath/bengali/wavs/844424932843806-725-f.wav,/Users/monujgogoi/Downloads/kathbath/bengali/wavs/844424932843806-725-f.wav,6.2229375,কেন্দ্রের বিভেদমূলক নীতির বিরুদ্ধে ১৭ বাম দল দেশ জুড়ে আন্দোলনে নামার কর্মসূচী ঘোষণা করল,কেন্দ্রের বিভেদমূলক নীতির বিরুদ্ধে 17 বাম দল দেশ জুড়ে আন্দোলনে নামার কর্মসূচি ঘোষণা করল।,0.2143,0.0533,ok
kathbath/bengali/wavs/844424931185296-1116-f.wav,/Users/monujgogoi/Downloads/kathbath/bengali/wavs/844424931185296-1116-f.wav,5.526375,নতুন এই ভাইরাসটির মহামারি সৃষ্টি করার মতো ক্ষমতা রয়েছে বলে বিজ্ঞানীরা জানিয়েছেন,নতুন এই ভাইরাসটির মহামারী সৃষ্টি করার মতো ক্ষমতা রয়েছে বলে বিজ্ঞানীরা জানিয়েছেন।,0.1667,0.0286,ok
kathbath/bengali/wavs/844424932358448-436-f.wav,/Users/monujgogoi/Downloads/kathbath/bengali/wavs/844424932358448-436-f.wav,8.034125,রাজশাহী বিশ্ববিদ্যালয়ের ইতিহাস বিভাগের অবসরপ্রাপ্ত শিক্ষক ও বাংলাদেশ রেড ক্রিসেন্ট সোসাইটির মহাসচিব মো,রাজশাহী বিশ্ববিদ্যালয়ের ইতিহাস বিভাগের অবসরপ্রাপ্ত শিক্ষক ও বাংলাদেশ রেড ক্রিসেন্ট সোসাইটির মহাসচিব মোঃ।,0.0769,0.022,ok
kathbath/bengali/wavs/844424931449779-906-f.wav,/Users/monujgogoi/Downloads/kathbath/bengali/wavs/844424931449779-906-f.wav,6.0604375,পর্যন্ত প্রতিদিন সকাল ১০ টা থেকে বিকেল ৫ টার মধ্যে ১০ হাজার টাকার বিনিময়ে,"পর্যন্ত প্রতিদিন সকাল ১০টা থেকে বিকেল ৫টার মধ্যে ১০,০০০ টাকার বিনিময়।",0.5,0.0984,ok
kathbath/bengali/wavs/844424930757895-661-f.wav,/Users/monujgogoi/Downloads/kathbath/bengali/wavs/844424930757895-661-f.wav,10.9598125,ভেনিজুয়েলার সামরিক বাহিনীর টুইটারে এই ছবিগুলো প্রকাশ করা হয় যেখানে বিমানটির সিরিয়াল নম্বর দেখা যাচ্ছে,ভেনেজুয়েলার সামরিক বাহিনীর টুইটারে এই ছবিগুলো প্রকাশ করা হয় যেখানে বিমানটির সিরিয়াল নম্বর দেখা যাচ্ছে।,0.1333,0.0222,ok
kathbath/bengali/wavs/844424931034424-760-f.wav,/Users/monujgogoi/Downloads/kathbath/bengali/wavs/844424931034424-760-f.wav,7.8715625,আফগানিস্তান থেকে পর পর চার ক্ষেপণাস্ত্র আঘাত হানল পাকিস্তানে,আফগানিস্তান থেকে পরপর চার ক্ষেপণাস্ত্র আঘাত হানল পাকিস্তানে।,0.3333,0.0192,ok
kathbath/bengali/wavs/844424931034413-760-f.wav,/Users/monujgogoi/Downloads/kathbath/bengali/wavs/844424931034413-760-f.wav,10.913375,গেলো বছর হংকংয়ে ৪ লাখ ২০ হাজার সাবান সংগ্রহ করেছে সোপ সাইক্লিং,"গেল বছর হংকং এ ৪,২০,০০০ সাবান সংগ্রহ করেছে সোপ সাইক্লিং।",0.5833,0.25,ok
kathbath/bengali/wavs/844424931323246-906-f.wav,/Users/monujgogoi/Downloads/kathbath/bengali/wavs/844424931323246-906-f.wav,7.0356875,আন্তর্জাতিক শকুন সচেতনা দিবসে বক্তব্য রাখছেন ইশতিয়াক উদ্দিন আহমেদ,আন্তর্জাতিক শকুন সচেতনা দিবসে বক্তব্য রাখছেন ইশতিয়াক উদ্দিন আহমেদ।,0.1111,0.0172,ok
kathbath/bengali/wavs/844424932682815-725-f.wav,/Users/monujgogoi/Downloads/kathbath/bengali/wavs/844424932682815-725-f.wav,5.317375,প্রথমে তাদের শোকজ করা হয়। কিন্তু হাসপাতাল কর্তৃপক্ষের জবাব সন্তুষ্ট করতে পারেনি,প্রথমে তাদের শোকজ করা হয় কিন্তু হাসপাতাল কর্তৃপক্ষের জবাব সন্তুষ্ট করতে পারেনি,0.0833,0.0145,ok
kathbath/bengali/wavs/844424932843761-725-f.wav,/Users/monujgogoi/Downloads/kathbath/bengali/wavs/844424932843761-725-f.wav,7.1981875,এতে প্রধান অতিথি হিসেবে উপস্থিত ছিলেন বসুন্ধরা সিমেন্ট সেক্টরের ময়মনসিংহ বিভাগীয় সেলস ইনচার্জ মো,এতে প্রধান অতিথি হিসেবে উপস্থিত ছিলেন বসুন্ধরা সিমেন্ট সেক্টরের ময়মনসিংহ বিভাগীয় সেলস ইনচার্জ মো।,0.0714,0.0118,ok
kathbath/bengali/wavs/844424931034397-760-f.wav,/Users/monujgogoi/Downloads/kathbath/bengali/wavs/844424931034397-760-f.wav,8.2895625,লোকসভা ভোট প্রচারের শুরুতেই রাজ্যের গ্রামে গঞ্জে বাড়ছে রাজনৈতিক সন্ত্রাস,লোকসভা ভোট প্রচারের শুরুতেই রাজ্যের গ্রামে গঞ্জে বাড়ছে রাজনৈতিক সন্ত্রাস।,0.1,0.0156,ok
kathbath/bengali/wavs/844424932325697-436-f.wav,/Users/monujgogoi/Downloads/kathbath/bengali/wavs/844424932325697-436-f.wav,5.0619375,মসজিদে নমাজ পাঠের অনিবার্যতা নিয়ে সুপ্রিম কোর্টের ফয়সলা আজ,মসজিদে নমাজ পাঠের অনিবার্যতা নিয়ে সুপ্রিম কোর্টের ফয়সালা আজ।,0.2222,0.0385,ok
kathbath/bengali/wavs/844424932332234-436-f.wav,/Users/monujgogoi/Downloads/kathbath/bengali/wavs/844424932332234-436-f.wav,8.336,তিনি যুক্তরাষ্ট্রের মিশিগান অঙ্গরাজ্যের প্রত্যন্ত সাগিনাও কাউন্টিতে বাস করেন,তিনি যুক্তরাষ্ট্রের মিশিগান অঙ্গরাজ্যের প্রত্যন্ত সাগিনাও কাউন্টিতে বাস করেন।,0.1111,0.0147,ok
kathbath/bengali/wavs/844424932355687-436-f.wav,/Users/monujgogoi/Downloads/kathbath/bengali/wavs/844424932355687-436-f.wav,5.78175,গত ২৬ জুন বিকেল ৪ টার দিকে করোনা ভাইরাস উপসর্গ নিয়ে হাসপাতালে ভর্তি হন ডা,গত ২৬শে জুন বিকেল ৪টার দিকে করোনাভাইরাস উপসর্গ নিয়ে হাসপাতালে ভর্তি হন ডা।,0.4,0.05,ok
kathbath/bengali/wavs/844424932678044-725-f.wav,/Users/monujgogoi/Downloads/kathbath/bengali/wavs/844424932678044-725-f.wav,4.7136875,পাশে আছি বার্তা দিয়ে চিদম্বরম সাক্ষাতে তিহাড় জেলে সনিয়া ও মনমোহন,পাশে আছি বার্তা দিয়ে চিদম্বরম সাক্ষাতে তিহার জেলে সোনিয়া ও মনমোহন,0.1818,0.0526,ok
kathbath/bengali/wavs/844424932675119-725-f.wav,/Users/monujgogoi/Downloads/kathbath/bengali/wavs/844424932675119-725-f.wav,4.1099375,শত্রুর ক্ষেপণাস্ত্র ধ্বংস করার জন্য ক্ষেপণাস্ত্র নিক্ষেপ করে সিরিয়া,শত্রুর ক্ষেপণাস্ত্র ধ্বংস করার জন্য ক্ষেপণাস্ত্র নিক্ষেপ করে সিরিয়া।,0.1111,0.0167,ok
kathbath/bengali/wavs/844424932682891-725-f.wav,/Users/monujgogoi/Downloads/kathbath/bengali/wavs/844424932682891-725-f.wav,4.527875,জেনে নিন ঘরোয়া ভেষজ উপায়ে চুল হাইলাইট করে নেওয়ার অব্যর্থ কৌশল,জেনে নিন ঘরোয়া ভেষজ উপায়ে চুল হাইলাইট করে নেওয়ার অব্যর্থ কৌশল।,0.0909,0.0185,ok
kathbath/bengali/wavs/844424932682852-725-f.wav,/Users/monujgogoi/Downloads/kathbath/bengali/wavs/844424932682852-725-f.wav,6.8266875,আমরা কি বলি এবং উপেক্ষা করে দেখি যে আমরা শুধু সেই যুক্তিটি অবলম্বন করিনি,আমরা কি বলি এবং উপেক্ষা করে দেখি যে আমরা শুধু সেই যুক্তিটি অবলম্বন করিনি।,0.0714,0.0169,ok
kathbath/bengali/wavs/844424932804658-725-f.wav,/Users/monujgogoi/Downloads/kathbath/bengali/wavs/844424932804658-725-f.wav,3.9009375,সম্প্রতি নিজের সোশ্যাল মিডিয়ায় একটি ছবি শেয়ার করেছেন অভিনেত্রী রাইমা,সম্প্রতি নিজের সোশ্যাল মিডিয়ায় একটি ছবি শেয়ার করেছেন অভিনেত্রী রাইমা।,0.1,0.0161,ok
kathbath/bengali/wavs/844424931034363-760-f.wav,/Users/monujgogoi/Downloads/kathbath/bengali/wavs/844424931034363-760-f.wav,10.913375,কাঁকসায় অপ্রীতিকর ঘটনা এড়াতে ২ নম্বর জাতীয় সড়কের ধারে বাঁশকোপায় নাকা চেকিং,কাকশায় অপ্রীতিকর ঘটনা এড়াতে দু নম্বর জাতীয় সড়কের ধারে বাঁশকোপায় নাকা চেকিং।,0.25,0.0735,ok
kathbath/bengali/wavs/844424931323325-906-f.wav,/Users/monujgogoi/Downloads/kathbath/bengali/wavs/844424931323325-906-f.wav,5.1780625,আগে নিজের দেশ এ গিয়ে পড়াশোনা শুরু করো পরে অন্য কে জ্ঞান দিও,আগে নিজের দেশে গিয়ে পড়াশোনা শুরু করে পরে অন্যকে জ্ঞান দিও।,0.4615,0.0612,ok
kathbath/bengali/wavs/844424931309492-1116-f.wav,/Users/monujgogoi/Downloads/kathbath/bengali/wavs/844424931309492-1116-f.wav,4.1099375,উপাচার্য চাইলে ৫ দফা দাবি এক ঘণ্টাতেই পূরণ সম্ভব,উপাচার্য চাইলে পাঁচ দফা দাবি এক ঘন্টাতেই পূরণ সম্ভব।,0.3333,0.15,ok
kathbath/bengali/wavs/844424932676688-725-f.wav,/Users/monujgogoi/Downloads/kathbath/bengali/wavs/844424932676688-725-f.wav,5.82825,আলোচনা সভায় অন্যান্যের মধ্যে উপস্থিত ছিলেন ঢাকা মহানগরীর মজলিশে শুরা সদস্য ড,আলোচনা সভায় অন্যান্যের মধ্যে উপস্থিত ছিলেন ঢাকা মহানগরীর মজলিসে সুরা সদস্য ডঃ।,0.25,0.0606,ok
kathbath/bengali/wavs/844424932355618-436-f.wav,/Users/monujgogoi/Downloads/kathbath/bengali/wavs/844424932355618-436-f.wav,5.2709375,১৬ তারিখ বাণিজ্যনগরী মুম্বাইতে তার মিউজিক কনর্সাট অনুষ্ঠিত হতে চলেছে,16 তারিখ বাণিজ্য নগরী মুম্বাইতে তার মিউজিক কনসার্ট অনুষ্ঠিত হতে চলেছে।,0.5,0.1186,ok
kathbath/bengali/wavs/844424932675168-725-f.wav,/Users/monujgogoi/Downloads/kathbath/bengali/wavs/844424932675168-725-f.wav,5.82825,আগরতলায় গণবস্থানে বক্তব্য রাখেন সিপিএম রাজ্য সম্পাদক বিজন ধর। ছবি নিজস্ব,আগরতলায় গণবস্থানে বক্তব্য রাখেন সিপিএম রাজ্য সম্পাদক বিজন ধর ছবি নিজস্ব,0.0909,0.0159,ok
kathbath/bengali/wavs/844424931285039-906-f.wav,/Users/monujgogoi/Downloads/kathbath/bengali/wavs/844424931285039-906-f.wav,6.478375,নির্ভয়ার দোষীদের ফাঁসি হওয়ার কথা ছিল ২২ জানুয়ারি সকাল ৭ টায়,নির্ভয়ার দোষীদের ফাঁসি হওয়ার কথা ছিল 22শে জানুয়ারি সকাল 7টায়।,0.2727,0.1132,ok
kathbath/bengali/wavs/844424932803608-725-f.wav,/Users/monujgogoi/Downloads/kathbath/bengali/wavs/844424932803608-725-f.wav,4.3885625,তিনি বলেন যে তিনি আসতে পারেন এবং চারটি শেষ একচেটিয়া খেলতে পারেন,তিনি বলেন যে তিনি আসতে পারেন এবং চারটি সেজ একচেটিয়া খেলতে পারেন।,0.1667,0.0566,ok
kathbath/bengali/wavs/844424931382724-1116-f.wav,/Users/monujgogoi/Downloads/kathbath/bengali/wavs/844424931382724-1116-f.wav,6.2461875,২০১৭ সালে ঢাকার ২৬ টি মিডিয়া হাউস পরিদর্শন শেষে ফায়ার সার্ভিসের প্রতিবেদন,2017 সালে ঢাকার 26টি মিডিয়া হাউস পরিদর্শন শেষে ফায়ার সার্ভিসের প্রতিবেদন।,0.3333,0.1094,ok
kathbath/bengali/wavs/844424932355663-436-f.wav,/Users/monujgogoi/Downloads/kathbath/bengali/wavs/844424932355663-436-f.wav,8.034125,সভায় বিশেষ অতিথি ছিলেন চট্টগ্রাম মেডিক্যাল কলেজের ভারপ্রাপ্ত অধ্যক্ষ অধ্যাপক ডা,সভায় বিশেষ অতিথি ছিলেন চট্টগ্রাম মেডিকেল কলেজের ভারপ্রাপ্ত অধ্যক্ষ অধ্যাপক ডাঃ।,0.1818,0.0714,ok
kathbath/bengali/wavs/844424933095889-725-f.wav,/Users/monujgogoi/Downloads/kathbath/bengali/wavs/844424933095889-725-f.wav,3.366875,এ কারণে তিনি প্রায়ই গুরুতর অসুস্থ হয়ে পড়েন,এ কারণে তিনি প্রায়ই গুরুতর অসুস্থ হয়ে পড়েন।,0.125,0.0263,ok
kathbath/bengali/wavs/844424931382722-1116-f.wav,/Users/monujgogoi/Downloads/kathbath/bengali/wavs/844424931382722-1116-f.wav,9.497,বেলা ১১ টায় রাজধানীর মতিঝিল আইডিয়াল সরকারি প্রাথমিক বিদ্যালয়ে যাবেন প্রাথমিক ও গণশিক্ষা প্রতিমন্ত্রী মো,বেলা ১১টায় রাজধানীর মতিঝিল আইটিয়াল সরকারি প্রাথমিক বিদ্যালয়ে যাবেন প্রাথমিক ও গণশিক্ষা প্রতিমন্ত্রী মো।,0.2667,0.0217,ok
kathbath/bengali/wavs/844424932675189-725-f.wav,/Users/monujgogoi/Downloads/kathbath/bengali/wavs/844424932675189-725-f.wav,8.10375,দাঙ্গা মোকাবিলার পোশাক পরে ও ৩০০ পুলিশের নিরাপত্তা বেস্টনিতেও ভারতের সবরিমালা মন্দিরে প্রবেশ করতে পারেননি,ভাঙ্গা মোকাবিলার পোশাক পরে ও তিনশো পুলিশের নিরাপত্তা বেষ্টনীতেও ভারতের শবরীমালা মন্দিরে প্রবেশ করতে পারেননি।,0.3333,0.1209,ok
kathbath/bengali/wavs/844424932682882-725-f.wav,/Users/monujgogoi/Downloads/kathbath/bengali/wavs/844424932682882-725-f.wav,3.2508125,গত বছরের থেকে আরও দুই স্থান নীচে নেমেছে ভারতের,গত বছরের থেকে আরও 2 স্থান নিচে নেমেছে ভারতের।,0.3333,0.1316,ok
kathbath/bengali/wavs/844424932843829-725-f.wav,/Users/monujgogoi/Downloads/kathbath/bengali/wavs/844424932843829-725-f.wav,4.45825,তাঁর হেঁসেল থেকে আজ স্পেশাল রেসিপি কাতলার তিল কোর্মা,তাঁর হেঁসেল থেকে আজ স্পেশাল রেসিপি কাতলার তিল কোরমা।,0.1111,0.0455,ok
kathbath/bengali/wavs/844424932804624-725-f.wav,/Users/monujgogoi/Downloads/kathbath/bengali/wavs/844424932804624-725-f.wav,6.6409375,মানবপাচার রোধে সরকারের যথাযথ পদক্ষেপের অভাব রয়েছে বলেও অভিযোগ করেন রামরুর চেয়ারম্যান প্রফেসর ড,মানব পাচার রোধে সরকারের যথাযথ পদক্ষেপের অভাব রয়েছে বলেও অভিযোগ করেন রামরুর চেয়ারম্যান প্রফেসর ডঃ।,0.2143,0.0241,ok
kathbath/bengali/wavs/844424932805238-725-f.wav,/Users/monujgogoi/Downloads/kathbath/bengali/wavs/844424932805238-725-f.wav,4.527875,সম্ভবত আজই মুর্শিদাবাদ জেলা পরিষদ দখলে আসতে চলেছে তৃণমূল কংগ্রেসের,সম্ভবত আজই মুর্শিদাবাদ জেলা পরিষদ দখলে আসতে চলেছে তৃণমূল কংগ্রেসের।,0.1,0.0175,ok
kathbath/bengali/wavs/844424932676629-725-f.wav,/Users/monujgogoi/Downloads/kathbath/bengali/wavs/844424932676629-725-f.wav,6.0604375,এদিন বিকেল সাড়ে পাঁচটা নাগাদ সামান্য বৃষ্টির মধ্যেও খেলা চলাকালীন আচমকাই বাজ পড়ে,এদিন বিকেল সাড়ে পাঁচটা নাগাদ সামান্য বৃষ্টির মধ্যেও খেলা চলাকালীন আচমকাই বাজ পড়ে।,0.0769,0.0143,ok
kathbath/bengali/wavs/844424931034423-760-f.wav,/Users/monujgogoi/Downloads/kathbath/bengali/wavs/844424931034423-760-f.wav,7.5696875,ভারতের গা ঘেষে মালদ্বীপে ভেঙে পড়ল শক্তিশালী চিনা রকেট,ভারতের গা ঘেঁষে মালদ্বীপে ভেঙে পড়ল শক্তিশালী চীনা রকেট।,0.3333,0.0652,ok
kathbath/bengali/wavs/844424931034345-760-f.wav,/Users/monujgogoi/Downloads/kathbath/bengali/wavs/844424931034345-760-f.wav,11.3778125,মোতিচুর চকনাচুর নামে এই সিনেমায় নওয়াজউদ্দিন সিদ্দিকির সঙ্গে ক্রিন শেয়ার করচেন সানি লিওন,মতিচুর চকনাচুর নামে এই সিনেমায় নওয়াজুদ্দিন সিদ্দিকীর সঙ্গে স্ক্রিন শেয়ার করছেন স্যানি লিয়ন।,0.5385,0.141,ok
kathbath/bengali/wavs/844424930841710-70-f.wav,/Users/monujgogoi/Downloads/kathbath/bengali/wavs/844424930841710-70-f.wav,12.7245625,১২৫ ধর্মীয় ও সামাজিক প্রতিষ্ঠানে সাংসদ হাবিবের টিআরের অর্থ বিতরণ,125 ধর্মীয় ও সামাজিক প্রতিষ্ঠানের সংসদ হাবিবের টিআর-এর অর্থ বিতরণ।,0.5,0.1429,ok
kathbath/bengali/wavs/844424931323275-906-f.wav,/Users/monujgogoi/Downloads/kathbath/bengali/wavs/844424931323275-906-f.wav,6.94275,হিমায়িত অ্যান্টার্কটিকার থেকে পৃথিবী জুড়ে সমস্ত মহাদেশে পোকামাকড় বাস করে,হিমায়িত আন্টার্কটিকার থেকে পৃথিবী জুড়ে সমস্ত মহাদেশে পোকামাকড় বাস করে।,0.2,0.0758,ok
kathbath/bengali/wavs/844424932843748-725-f.wav,/Users/monujgogoi/Downloads/kathbath/bengali/wavs/844424932843748-725-f.wav,3.575875,মালদহ উত্তর ও জঙ্গিপুরে প্রার্থী ঘোষণা করে দিল বামেরা,মালদহ উত্তর ও জঙ্গিপুরে প্রার্থী ঘোষণা করে দিল বামেরা।,0.1111,0.0222,ok
kathbath/bengali/wavs/844424931449818-906-f.wav,/Users/monujgogoi/Downloads/kathbath/bengali/wavs/844424931449818-906-f.wav,10.26325,মনোনয়ন পত্র জমাদানের শেষ দিনে কালিহাতী উপজেলা নির্বাহী কর্মকর্তা ও সহকারী রিটার্নিং কর্মকর্তা অমিত দেবনাথের,মনোনয়নপত্র জমাদানের শেষ দিনে কালীহাতি উপজেলা নির্বাহী কর্মকর্তা ও সহকারী রিটার্নিং কর্মকর্তা অমিত দেবনাথের।,0.2667,0.0319,ok
kathbath/bengali/wavs/844424930757981-661-f.wav,/Users/monujgogoi/Downloads/kathbath/bengali/wavs/844424930757981-661-f.wav,6.4086875,অবশেষে করোনা মুক্ত হলেন নাগিন ডান্স আবিষ্কার করা বাংলাদেশের ক্রিকেটার,অবশেষে করোনা মুক্ত হলেন নাগিন ডান্স আবিষ্কার করা বাংলাদেশের ক্রিকেটার।,0.1,0.0167,ok
kathbath/bengali/wavs/844424931382745-1116-f.wav,/Users/monujgogoi/Downloads/kathbath/bengali/wavs/844424931382745-1116-f.wav,4.7833125,সাংসদের পক্ষে কাজ না করায় বেতন পাচ্ছেন না এক উপাধ্যক্ষ,সাংসদের পক্ষে কাজ না করায় বেতন পাচ্ছেন না এক উপাধ্যক্ষ।,0.1,0.0217,ok
kathbath/bengali/wavs/844424932803570-725-f.wav,/Users/monujgogoi/Downloads/kathbath/bengali/wavs/844424932803570-725-f.wav,5.3638125,ডেঙ্গু আক্রান্ত হয়ে দেশের হাসপাতালগুলোতে মোট ৫১৯ জন ভর্তি আছেন বলেও জানান ডা,ডেঙ্গু আক্রান্ত হয়ে দেশের হাসপাতালগুলোতে মোট ৫১৯ জন ভর্তি আছেন বলেও জানান ডা।,0.0769,0.0154,ok
kathbath/bengali/wavs/844424932678060-725-f.wav,/Users/monujgogoi/Downloads/kathbath/bengali/wavs/844424932678060-725-f.wav,5.1548125,কামরুল হাসান খান ও একই বিশ্ববিদ্যালয়ের মেডিসিন অনুষদের ডিন প্রফেসর ডা,কামরুল হাসান খান ও একই বিশ্ববিদ্যালয়ের মেডিসিন অনুষদের ডিন প্রফেসর ডাঃ।,0.0909,0.0333,ok
kathbath/bengali/wavs/844424931382778-1116-f.wav,/Users/monujgogoi/Downloads/kathbath/bengali/wavs/844424931382778-1116-f.wav,4.7136875,গোটা দেশে পালিত হচ্ছে জাতির জনকের জন্মের সার্ধ শতবর্ষ,গোটা দেশে পালিত হচ্ছে জাতির জনকের জন্মের শার্ধ শতবর্ষ।,0.2222,0.0444,ok
kathbath/bengali/wavs/844424931029512-760-f.wav,/Users/monujgogoi/Downloads/kathbath/bengali/wavs/844424931029512-760-f.wav,11.3778125,এর ফলে এলাকাবাসীদের মধ্যে আতঙ্ক ছড়ালেও হতাহতের কোনও খবর নেই। কোনও ক্ষয়ক্ষতিরও খবর পাওয়া যায়নি,"এর ফলে এলাকাবাসীদের মধ্যে আতঙ্ক ছড়ালেও হতাহতির কোনো খবর নেই, কোনো ক্ষয়ক্ষতিরও খবর পাওয়া যায়নি।",0.3333,0.0602,ok
kathbath/bengali/wavs/844424932438012-436-f.wav,/Users/monujgogoi/Downloads/kathbath/bengali/wavs/844424932438012-436-f.wav,8.6378125,বিদেশি শিক্ষার্থীদের ভিসা ইস্যুতে প্রেসিডেন্ট ডোনাল্ড ট্রাম্প প্রশাসনের বিরুদ্ধে মামলা দায়ের করেছে যুক্তরাষ্ট্রের হার্ভার্ড বিশ্ববিদ্যালয়,বিদেশী শিক্ষার্থীদের ভিসা ইস্যুতে প্রেসিডেন্ট ডোনাল্ড ট্রাম্প প্রশাসনের বিরুদ্ধে মামলা দায়ের করেছে যুক্তরাষ্ট্রের হারভার্ড বিশ্ববিদ্যালয়।,0.2,0.024,ok
kathbath/bengali/wavs/844424931382764-1116-f.wav,/Users/monujgogoi/Downloads/kathbath/bengali/wavs/844424931382764-1116-f.wav,5.1548125,বাউবিতে চার বছর মেয়াদি বিএ ও বিএসএস প্রোগ্রামে ভর্তি,বাওবিতে চার বছর মেয়াদী বিএ ও বিএসএস প্রোগ্রামে ভর্তি।,0.3333,0.0667,ok
kathbath/bengali/wavs/844424931034394-760-f.wav,/Users/monujgogoi/Downloads/kathbath/bengali/wavs/844424931034394-760-f.wav,11.099125,নিউজিল্যান্ডে সন্ত্রাসী হামলা নিহত গোলাপগঞ্জের পারভীনসহ পাঁচ বাংলাদেশির জানাজা সম্পন্ন,নিউজিল্যান্ডে সন্ত্রাসী হামলা নিহত গোলাপগঞ্জের পারভিন সহ পাঁচ বাংলাদেশীর জানাজা সম্পন্ন।,0.4,0.039,ok
kathbath/bengali/wavs/844424932676648-725-f.wav,/Users/monujgogoi/Downloads/kathbath/bengali/wavs/844424932676648-725-f.wav,5.1780625,এই সুললিত শব্দে গ্রথিত কাব্যরসপূর্ণ পদটির মধ্যে যেন একটু,এই সুললিত শব্দে গ্রথিত কাব্যরসপূর্ণ পদটির মধ্যে যেন একটু।,0.1111,0.0208,ok
kathbath/bengali/wavs/844424932843826-725-f.wav,/Users/monujgogoi/Downloads/kathbath/bengali/wavs/844424932843826-725-f.wav,6.5945,পরে ভ্রাম্যমাণ আদালতের বিচারক সৈয়দপুর উপজেলা নির্বাহী কর্মকর্তা ও নির্বাহী ম্যাজিস্ট্রেট আবু ছালেহ মো,পরে ভ্রাম্যমাণ আদালতের বিচারক সৈয়দপুর উপজেলা নির্বাহী কর্মকর্তা ও নির্বাহী ম্যাজিস্ট্রেট আবু ছালেহ মো।,0.0714,0.0112,ok
kathbath/bengali/wavs/844424931449794-906-f.wav,/Users/monujgogoi/Downloads/kathbath/bengali/wavs/844424931449794-906-f.wav,6.1765,এফআর টাওয়ারের নকশা জালিয়াতির মামলায় ৫ জনের বিরুদ্ধে চার্জশিট,এফআর টাওয়ারের নকশা জালিয়াতির মামলায় পাঁচ জনের বিরুদ্ধে চার্জশিট।,0.2222,0.0909,ok
kathbath/bengali/wavs/844424931029521-760-f.wav,/Users/monujgogoi/Downloads/kathbath/bengali/wavs/844424931029521-760-f.wav,6.269375,নবমীতে সবধা ও কুমারী পুজোর আগে আলতা পরানো হচ্ছে,নবমীতে সধবা ও কুমারী পুজোর আগে আলতা পরানো হচ্ছে।,0.2222,0.0769,ok
kathbath/bengali/wavs/844424931034378-760-f.wav,/Users/monujgogoi/Downloads/kathbath/bengali/wavs/844424931034378-760-f.wav,6.1300625,কোন রঙ এর পার্স ব্যবহার করলে উন্নত হবে অর্থ ভাগ্য,কোন রঙের পার্স ব্যবহার করলে উন্নত হবে অর্থভাগ্য?,0.4,0.05,ok
kathbath/bengali/wavs/844424932682863-725-f.wav,/Users/monujgogoi/Downloads/kathbath/bengali/wavs/844424932682863-725-f.wav,5.131625,ভবিষ্যত জানতে চাইব। অতীতে যা হয়ে গেছে তা নিয়ে অনুশোচনা করে লাভ নেই,"ভবিষ্যৎ জানতে চাইবো, অতীতে যা হয়ে গেছে তা নিয়ে অনুশোচনা করে লাভ নেই।",0.2308,0.0714,ok
kathbath/bengali/wavs/844424931449862-906-f.wav,/Users/monujgogoi/Downloads/kathbath/bengali/wavs/844424931449862-906-f.wav,6.8963125,ভারতের শাসনের বিরুদ্ধে ১৯৮৯ সাল থেকে বিদ্রোহ প্রকাশ করে আসছে কাশ্মীরিরা,ভারতের শাসনের বিরুদ্ধে ১৯৮৯ সাল থেকে বিদ্রোহ প্রকাশ করে আসছে কাশ্মীরীরা।,0.0909,0.0328,ok
kathbath/bengali/wavs/844424932682845-725-f.wav,/Users/monujgogoi/Downloads/kathbath/bengali/wavs/844424932682845-725-f.wav,6.269375,বাংলাদেশের অকৃত্রিম বন্ধু ফাদার রিগনকে গার্ড অব অনার প্রদান করেছে বাংলাদেশ সরকার,বাংলাদেশের অকৃত্রিম বন্ধু ফাদার রিগনকে গার্ড অফ অনার প্রদান করেছে বাংলাদেশ সরকার।,0.1667,0.029,ok
kathbath/bengali/wavs/844424930841714-70-f.wav,/Users/monujgogoi/Downloads/kathbath/bengali/wavs/844424930841714-70-f.wav,9.2415625,পর্যবেক্ষণ শেষে চীন ফেরত ৫ শ্রমিক কাজে যোগ দিচ্ছেন কাল,পর্যবেক্ষণ শেষে চীন ফেরত পাঁচ শ্রমিক কাজে যোগ দিচ্ছেন কাল।,0.2,0.1111,ok
kathbath/bengali/wavs/844424933095852-725-f.wav,/Users/monujgogoi/Downloads/kathbath/bengali/wavs/844424933095852-725-f.wav,6.0371875,এ আসনে জামানত বাজেয়াপ্ত প্রার্থী হাতপাখা প্রতীকের ইসলামী আন্দোলন বাংলাদেশের মো,এ আসনে জামানত বাজিয়াপ্ত প্রার্থী হাত পাখা প্রতীকের ইসলামী আন্দোলন বাংলাদেশের মো।,0.3636,0.029,ok
kathbath/bengali/wavs/844424932843778-725-f.wav,/Users/monujgogoi/Downloads/kathbath/bengali/wavs/844424932843778-725-f.wav,5.526375,বেকারদের জন্য কাজের দাবিতে আগামী ১২ ও ১৩ সেপ্টেম্বর সিঙ্গুর থেকে কলকাতা অভিযানের ডাক দিয়েছে,বেকারদের জন্য কাজের দাবিতে আগামী ১২ ও ১৩ই সেপ্টেম্বর সিঙ্গুর থেকে কলকাতা অভিযানের ডাক দিয়েছে।,0.1333,0.0256,ok
kathbath/bengali/wavs/844424932843818-725-f.wav,/Users/monujgogoi/Downloads/kathbath/bengali/wavs/844424932843818-725-f.wav,4.760125,আপনি একটি এডেড ইউনিভারস এবং মেক্সিকো মধ্যে অ্যাক্সেস গ্রহণ করতে পারেন,আপনি একটি এডেড ইউনিভার্স এবং মেক্সিকোর মধ্যে অ্যাক্সেস গ্রহণ করতে পারেন।,0.2727,0.0508,ok
kathbath/bengali/wavs/844424932803611-725-f.wav,/Users/monujgogoi/Downloads/kathbath/bengali/wavs/844424932803611-725-f.wav,6.083625,মতিঝিলে নিজের চেম্বারে ঐক্যফ্রন্টের স্টিয়ারিং কমিটির বৈঠক শেষে ফ্রন্টের অন্যতম শীর্ষ নেতা ড,মতি ঝিলে নিজের চেম্বারে ঐক্য ফ্রন্টের স্টিয়ারিং কমিটির বৈঠক শেষে ফ্রন্টের অন্যতম শীর্ষ নেতা ডঃ,0.3846,0.0125,ok
kathbath/bengali/wavs/844424933095849-725-f.wav,/Users/monujgogoi/Downloads/kathbath/bengali/wavs/844424933095849-725-f.wav,4.0170625,আমি অসম্মতি জানালে ধমক দিয়ে সাক্ষী হতে বাধ্য করে,আমি অসম্মতি জানালে ধমক দিয়ে সাক্ষী হতে বাধ্য করে।,0.1111,0.0244,ok
kathbath/bengali/wavs/844424932678019-725-f.wav,/Users/monujgogoi/Downloads/kathbath/bengali/wavs/844424932678019-725-f.wav,9.68275,ভারত প্রত্যাগত শরণার্থীদের প্রত্যাবাসন ও পুনর্বাসন এবং অভ্যন্তরীণ উদ্বাস্তু নির্দিষ্টকরণ ও পুনর্বাসন সংক্রান্ত টাস্কফোর্স,ভারত প্রত্যাগত শরণার্থীদের প্রত্যাবাসন ও পুনর্বাসন এবং অভ্যন্তরীণ উদ্বাস্তু নির্দিষ্টকরণ ও পুনর্বাসন সংক্রান্ত টাস্ক ফোর্স।,0.1429,0.0093,ok
kathbath/bengali/wavs/844424931323320-906-f.wav,/Users/monujgogoi/Downloads/kathbath/bengali/wavs/844424931323320-906-f.wav,6.2229375,সলমনের পরে এলেন তাঁর ঙারত ছবির নায়িকা ক্যাটরিনা কাইফ,সলমনের পরে এলেন তার নারদ ছবির নায়িকা ক্যাটরিনা কাইফ।,0.3333,0.0889,ok
kathbath/bengali/wavs/844424932676624-725-f.wav,/Users/monujgogoi/Downloads/kathbath/bengali/wavs/844424932676624-725-f.wav,4.853,চামড়াপণ্যের মান নিশ্চিত করে নতুন বাজার তৈরির আহ্বান প্রধানমন্ত্রীর,আমরা পণ্যের মান নিশ্চিত করে নতুন বাজার তৈরির আহ্বান প্রধানমন্ত্রীর।,0.3333,0.0847,ok
kathbath/bengali/wavs/844424931449844-906-f.wav,/Users/monujgogoi/Downloads/kathbath/bengali/wavs/844424931449844-906-f.wav,6.94275,সভায় অন্যদের মধ্যে জাতীয় ঐক্যফ্রন্টের আহ্বায়ক এবং গণফোরামের সভাপতি ড,সভায় অন্যদের মধ্যে জাতীয় ঐক্য ফ্রন্টের আহ্বায়ক এবং গণফোরামের সভাপতি ডক্টর।,0.3,0.0806,ok
kathbath/bengali/wavs/844424932805296-725-f.wav,/Users/monujgogoi/Downloads/kathbath/bengali/wavs/844424932805296-725-f.wav,4.8065625,এই ঘটনার পরই শাহীন কাদিরকে শ্যামনগর হাসপাতালে ভর্তি করা হলেও ডা,এই ঘটনার পরই শাহিন কাদিরকে শ্যামনগর হাসপাতালে ভর্তি করা হলেও ডা।,0.1818,0.0377,ok
kathbath/bengali/wavs/844424932332218-436-f.wav,/Users/monujgogoi/Downloads/kathbath/bengali/wavs/844424932332218-436-f.wav,6.083625,১৮ মার্চ কলকাতার ইডেনে হবে ভারত বনাম দক্ষিণ আফ্রিকা ওয়ানডে ম্যাচ,18ই মার্চ কলকাতার ইডেনে হবে ভারত প্রনাম দক্ষিণ আফ্রিকা ওয়ানডে ম্যাচ।,0.2727,0.1273,ok
kathbath/bengali/wavs/844424931285072-906-f.wav,/Users/monujgogoi/Downloads/kathbath/bengali/wavs/844424931285072-906-f.wav,6.478375,তিনি বাঁকা শহরের এই মাদ্রাসায় হাফিজ ছিলেন এবং সেখানে শিশুদের,তিনি বাঁকা শহরের এই মাদ্রাসায় হাফিজ ছিলেন এবং সেখানে শিশুদের।,0.1,0.0192,ok
kathbath/bengali/wavs/844424932843770-725-f.wav,/Users/monujgogoi/Downloads/kathbath/bengali/wavs/844424932843770-725-f.wav,5.4799375,এ বিষয়ে জানতে চাইলে ঢাকা বিশ্ববিদ্যালয়ের আন্তর্জাতিক সম্পর্ক বিভাগের শিক্ষক অধ্যাপক ড,এ বিষয়ে জানতে চাইলে ঢাকা বিশ্ববিদ্যালয়ের আন্তর্জাতী সম্পর্ক বিভাগের শিক্ষক অধ্যাপক ডঃ,0.1667,0.0395,ok
kathbath/bengali/wavs/844424932843797-725-f.wav,/Users/monujgogoi/Downloads/kathbath/bengali/wavs/844424932843797-725-f.wav,4.2956875,গণপিটুনি প্রতিরোধ সহ ২ টি বিল নিয়ে বৈঠকের ডাক ধনকড়ের,গণপিটুনি প্রতিরোধসহ দুটি বিল নিয়ে বৈঠকের ডাক ধনকড়ের।,0.5,0.0667,ok
kathbath/bengali/wavs/844424932676679-725-f.wav,/Users/monujgogoi/Downloads/kathbath/bengali/wavs/844424932676679-725-f.wav,6.6176875,কিন্তু মিসৌরির শেরিফ ড্যারেন হোয়াইট জানিয়েছেন বন্দুকটি মোটেও পেইনবল নয় বরং,কিন্তু মিশৌরির শেরিফ ড্যারেন হোয়াইট জানিয়েছেন বন্দুকটি মোটেও পেইন বল নয় বরং।,0.3636,0.0299,ok
kathbath/bengali/wavs/844424932676655-725-f.wav,/Users/monujgogoi/Downloads/kathbath/bengali/wavs/844424932676655-725-f.wav,4.156375,ভিন্ন মতের মানুষদের প্রতি অশুভ বার্তা দেওয়া হলো ড,ভিন্ন মতের মানুষদের প্রতি অশুভ বার্তা দেওয়া হলো ড।,0.1111,0.0238,ok
kathbath/bengali/wavs/844424932805246-725-f.wav,/Users/monujgogoi/Downloads/kathbath/bengali/wavs/844424932805246-725-f.wav,4.6904375,সিলেট আলিয়া মাদ্রাসা মাঠের প্রধান ফটকের সামনে থেকে তাকে গ্রেপ্তার করে পুলিশ,সিলেট আলিয়া মাদ্রাসা মাঠের প্রধান ফটকের সামনে থেকে তাকে গ্রেপ্তার করে পুলিশ।,0.0833,0.0154,ok
kathbath/bengali/wavs/844424933095860-725-f.wav,/Users/monujgogoi/Downloads/kathbath/bengali/wavs/844424933095860-725-f.wav,3.5294375,ভাগ্য ভালো সেই দর্শক কোনো খেলোয়াড়কে আহত করেননি,ভাগ্য ভালো সেই দর্শক কোনো খেলোয়াড়কে আহত করেননি।,0.125,0.0244,ok
kathbath/bengali/wavs/844424932804643-725-f.wav,/Users/monujgogoi/Downloads/kathbath/bengali/wavs/844424932804643-725-f.wav,4.8761875,পাওনা টাকা আদায়ের জন্য কালুরঘাট এলাকায় তাঁকে আটক করে মারধর করেন জনৈক মো,পাওনা টাকা আদায়ের জন্য কালুরঘাট এলাকায় তাঁকে আটক করে মারধর করেন জনৈক মো।,0.0769,0.0164,ok
kathbath/bengali/wavs/844424933095867-725-f.wav,/Users/monujgogoi/Downloads/kathbath/bengali/wavs/844424933095867-725-f.wav,4.8761875,তবে আমরা সচেতনতা অবলম্বন করলে প্রকৃতি আমাদের সবসময় সাহায্য করে,তবে আমরা সচেতনতা অবলম্বন করলে প্রকৃতি আমাদের সবসময় সাহায্য করে।,0.1,0.0185,ok
kathbath/bengali/wavs/844424933095872-725-f.wav,/Users/monujgogoi/Downloads/kathbath/bengali/wavs/844424933095872-725-f.wav,4.0635,এই সমাবেশ থেকে সবাইকে শান্ত থাকার আহ্বান জানান স্থানীয়,এই সমাবেশ থেকে সবাইকে শান্ত থাকার আহ্বান জানান স্থানীয়।,0.1111,0.0213,ok
kathbath/bengali/wavs/844424931323309-906-f.wav,/Users/monujgogoi/Downloads/kathbath/bengali/wavs/844424931323309-906-f.wav,4.6208125,পুজোর সময় হাতের কাজ করেন দক্ষিণ দিনাজপুরের বহু মহিলা,পুজোর সময় হাতের কাজ করেন দক্ষিণ দিনাজপুরের বহু মহিলা।,0.1111,0.0222,ok
kathbath/bengali/wavs/844424931029506-760-f.wav,/Users/monujgogoi/Downloads/kathbath/bengali/wavs/844424931029506-760-f.wav,7.7555,মাধুরীর হাত থেকে সেরা অভিনেতার পুরস্কার পেয়ে চোখে জল রণবীরের,মাধুরীর হাত থেকে সেরা অভিনেতার পুরস্কার পেয়ে চোখের জল রণবীরের।,0.2,0.0385,ok
kathbath/bengali/wavs/844424932678030-725-f.wav,/Users/monujgogoi/Downloads/kathbath/bengali/wavs/844424932678030-725-f.wav,4.4814375,ফাঁসির দণ্ডাদেশ পাওয়া দুজন হলেন মারিয়ার বাড়ির তত্ত্বাবধায়ক মো,ফাঁসির দণ্ডাদেশ পাওয়া দুজন হলেন মারিয়ার বাড়ির তত্ত্বাবধায়ক মো।,0.1111,0.0175,ok
kathbath/bengali/wavs/844424932339460-436-f.wav,/Users/monujgogoi/Downloads/kathbath/bengali/wavs/844424932339460-436-f.wav,7.918,পাকিস্তানের হিন্দু ক্রিকেটার দানিশ কানেরিয়াকে ভারতীয় নাগরিকতা দেওয়ার কথা বললেন বিজেপির মন্ত্রী,পাকিস্তানের হিন্দু ক্রিকেটার দানিশ কানেরিয়াকে ভারতীয় নাগরিকতা দেওয়ার কথা বললেন বিজেপির মন্ত্রী।,0.0833,0.0116,ok
kathbath/bengali/wavs/844424932803605-725-f.wav,/Users/monujgogoi/Downloads/kathbath/bengali/wavs/844424932803605-725-f.wav,4.5743125,সাত কার্যদিবসের মধ্যে শিমুল বিশ্বাসকে নতুন পাসপোর্ট দেওয়ার নির্দেশ,সাত কার্যদিবসের মধ্যে শিমুল বিশ্বাসকে নতুন পাসপোর্ট দেওয়ার নির্দেশ।,0.1111,0.0169,ok
kathbath/bengali/wavs/844424932394632-37-f.wav,/Users/monujgogoi/Downloads/kathbath/bengali/wavs/844424932394632-37-f.wav,7.430375,এ তথ্য নিশ্চিত করেছেন কুমিল্লা মেডিকেল কলেজের ফরেনসিক বিভাগের প্রধান ডা,এ তথ্য নিশ্চিত করেছেন কুমিল্লা মেডিকেল কলেজের ফরেন্সিক বিভাগের প্রধান ডাঃ।,0.1818,0.0492,ok
kathbath/bengali/wavs/844424932804621-725-f.wav,/Users/monujgogoi/Downloads/kathbath/bengali/wavs/844424932804621-725-f.wav,3.50625,মেয়র নির্বাচনে ভোট দিয়ে দলে ফেরার রাস্তা খোলা রাখলেন শোভন,মেয় নির্বাচনে ভোট দিয়ে দলে ফেরার রাস্তা খোলা রাখলেন শোভন।,0.2,0.04,ok
kathbath/bengali/wavs/844424932843756-725-f.wav,/Users/monujgogoi/Downloads/kathbath/bengali/wavs/844424932843756-725-f.wav,4.08675,পাকিস্তানের প্রধানমন্ত্রী ইমরান খান ও ইরানের প্রেসিডেন্ট হাসান রুহানি,পাকিস্তানের প্রধানমন্ত্রী ইমরান খান ও ইরানের প্রেসিডেন্ট হাসান রুহানি।,0.1111,0.0164,ok
kathbath/bengali/wavs/844424932339452-436-f.wav,/Users/monujgogoi/Downloads/kathbath/bengali/wavs/844424932339452-436-f.wav,5.1548125,রক্তচক্ষু উপেক্ষা করে বঙ্গবন্ধু হত্যা মামলার রায় দেন আদালত,রক্তচক্ষু উপেক্ষা করে বঙ্গবন্ধু হত্যা মামলার রায় দেন আদালত।,0.1111,0.0196,ok
kathbath/bengali/wavs/844424930757904-661-f.wav,/Users/monujgogoi/Downloads/kathbath/bengali/wavs/844424930757904-661-f.wav,7.3839375,পুষ্টিকর এই কলা দিয়েই আজ আমরা তৈরি করছি খুব সহজ কিছু রেসিপি শুধু আপনাদের,পুষ্টিকর এই কলা দিয়েই আজ আমরা তৈরি করছি খুব সহজ কিছু রেসিপি শুধু আপনাদের।,0.0714,0.0167,ok
kathbath/bengali/wavs/844424932339466-436-f.wav,/Users/monujgogoi/Downloads/kathbath/bengali/wavs/844424932339466-436-f.wav,5.7585625,তবে এই ম্যাচে নির্ভর করছিলো লিচেস্টার সিটির ইংলিশ প্রিমিয়ার লিগ চ্যাম্পিয়ন হওয়ার,তবে এই ম্যাচে নির্ভর করছিল লিচেস্টার স্মৃতির ইংলিশ প্রিমিয়ার লিগ চ্যাম্পিয়ন হওয়ার।,0.25,0.0833,ok
kathbath/bengali/wavs/844424933095821-725-f.wav,/Users/monujgogoi/Downloads/kathbath/bengali/wavs/844424933095821-725-f.wav,4.551125,এম এন লারমার সংগ্রাম ছিল সব নিপীড়িত মানুষের পক্ষে,এম এন লার্মার সংগ্রাম ছিল সব নিপীড়িত মানুষের পক্ষে।,0.2222,0.0476,ok
kathbath/bengali/wavs/844424932676642-725-f.wav,/Users/monujgogoi/Downloads/kathbath/bengali/wavs/844424932676642-725-f.wav,5.0155,ট্রেনের সামনে ঝাঁপ দিয়ে আত্মহত্যা করার আগে ভাইয়ের জন্য ভিডিয়ো মেসেজ দাদার,ট্রেনের সামনে ঝাঁপ দিয়ে আত্মহত্যা করার আগে ভাইয়ের জন্য ভিডিও মেসেজ দাদার।,0.1667,0.0615,ok
kathbath/bengali/wavs/844424931029527-760-f.wav,/Users/monujgogoi/Downloads/kathbath/bengali/wavs/844424931029527-760-f.wav,7.8948125,তবে এই তদন্তে বিশেষ ভাবে সহায়তা করে বজবজ থানার পুলিশ,তবে এই তদন্তে বিশেষভাবে সহায়তা করে বজবজ থানার পুলিশ।,0.3,0.0227,ok
kathbath/bengali/wavs/844424932426761-37-f.wav,/Users/monujgogoi/Downloads/kathbath/bengali/wavs/844424932426761-37-f.wav,5.20125,আপনার জন্য যুত্সই আইপ্যাড কোনটি হবে তা নিয়ে একটি,আপনার জন্য জুৎসই আইপ্যাড কোনটি হবে তা নিয়ে একটি।,0.2222,0.0976,ok
kathbath/bengali/wavs/844424932394636-37-f.wav,/Users/monujgogoi/Downloads/kathbath/bengali/wavs/844424932394636-37-f.wav,10.170375,বৃহস্পতিবারই মাওবাদী যোগাসাজসের অভিযোগে দেবলীনা চক্রবর্তীর পুলিস হেফাজতের নির্দেশ দেয় আলিপুর,বৃহস্পতিবারেই মাওবাদী যোগা সাজেসের অভিযোগে দেবলীনা চক্রবর্তীর পুলিশ হেফাজতের নির্দেশ দেয় আলিপুর।,0.4545,0.0482,ok
kathbath/bengali/wavs/844424932355623-436-f.wav,/Users/monujgogoi/Downloads/kathbath/bengali/wavs/844424932355623-436-f.wav,5.61925,৩০ এপ্রিল পর্যন্ত সবধরনের উড়ানের বুকিং বাতিল করল এয়ার ইন্ডিয়া,30 এপ্রিল পর্যন্ত সব ধরনের উড়ানের বুকিং বাতিল করল এয়ার ইন্ডিয়া।,0.4,0.0545,ok
kathbath/bengali/wavs/844424932678027-725-f.wav,/Users/monujgogoi/Downloads/kathbath/bengali/wavs/844424932678027-725-f.wav,6.292625,সঙ্গীত কিভাবে অনুভূত হয় এবং কিভাবে এটি একটি শ্রোতা প্রভাবিত বা প্রভাবিত প্রভাবিত গবেষণা,সংগীত কীভাবে অনুভূত হয় এবং কীভাবে এটি একটি শ্রোতা প্রভাবিত বা প্রভাবিত প্রভাবিত গবেষণা।,0.2857,0.0667,ok
kathbath/bengali/wavs/844424932405166-37-f.wav,/Users/monujgogoi/Downloads/kathbath/bengali/wavs/844424932405166-37-f.wav,8.614625,পাড়ো বিমানবন্দর উপতক্যার মাঝখানে সমুদ্রতল থেকে উচ্চতা প্রায় এবং পারিপার্শ্বিক পাহাড়ের উচ্চতা প্রায়,পারু বিমানবন্দর উপত্যকার মাঝখানে সমুদ্রতল থেকে উচ্চতা প্রায় এবং পারিপার্শ্বিক পাহাড়ের উচ্চতা প্রায়।,0.2308,0.0667,ok
kathbath/bengali/wavs/844424932804655-725-f.wav,/Users/monujgogoi/Downloads/kathbath/bengali/wavs/844424932804655-725-f.wav,5.9675625,এমনকি মাদ্দপিদের অত্যাচের এলাকা দিয়ে যাতায়াত বন্ধ করে দেওয়ার উপক্রম হয়াছে এলাকার মহিলাদের,এমনকি মার্দপিতের অত্যাচারের এলাকা দিয়ে যাতায়াত বন্ধ করে দেওয়ার উপক্রম হওয়া আছে এলাকার মহিলাদের।,0.3846,0.0864,ok
kathbath/bengali/wavs/844424931382761-1116-f.wav,/Users/monujgogoi/Downloads/kathbath/bengali/wavs/844424931382761-1116-f.wav,5.897875,রোহিঙ্গাদের ওপর যৌন নিপীড়ন ও হত্যাকাণ্ডের নতুন আলামত পেল এইচআরডব্লিউ,রোহিঙ্গাদের উপর যৌন নিপীড়ন ও হত্যাকাণ্ডের নতুন আলামত পেল এইচআরডব্লিউ।,0.2,0.0333,ok
kathbath/bengali/wavs/844424932804686-725-f.wav,/Users/monujgogoi/Downloads/kathbath/bengali/wavs/844424932804686-725-f.wav,6.106875,একটি মুক্ত মুদ্রণযোগ্য টাস্ক বিশ্লেষণ কার্যকরী দক্ষতা সাফল্যের সমর্থন করে,একটি মুক্ত মুদ্রণযোগ্য টাস্ক বিশ্লেষণ কার্যকরী দক্ষতা সাফল্যের সমর্থন করে।,0.1,0.0156,ok
kathbath/bengali/wavs/844424931123541-92-f.wav,/Users/monujgogoi/Downloads/kathbath/bengali/wavs/844424931123541-92-f.wav,5.688875,হিন্দুত্ববাদীদের তীব্র বিরোধিতা সত্ত্বেও রোড শোতে সফল হলেন ওয়াইসি,হিন্দুত্ববাদীদের তীব্র বিরোধিতা সত্ত্বেও রোড শোতে সফল হলেন ওয়াইসি।,0.1111,0.0517,ok
kathbath/bengali/wavs/844424932805230-725-f.wav,/Users/monujgogoi/Downloads/kathbath/bengali/wavs/844424932805230-725-f.wav,5.897875,জাতীয় কবি কাজী নজরুল ইসলাম বিশ্ববিদ্যালয়ের বন্ধুসভার বন্ধুরা শীতবস্ত্র বিতরণ,জাতীয় কবি কাজী নজরুল ইসলাম বিশ্ববিদ্যালয়ের বন্ধু সভার বন্ধুরা শীত বস্ত্র বিতরণ।,0.5,0.0145,ok
kathbath/bengali/wavs/844424932438030-436-f.wav,/Users/monujgogoi/Downloads/kathbath/bengali/wavs/844424932438030-436-f.wav,5.7353125,তারেকসহ দেশবিরোধীদের রায় কার্যকর করে অশুভ শক্তিকে ধ্বংস করা হবে,তারেক সহ দেশবিরোধীদের রায় কার্যকর করে অশুভ শক্তিকে ধ্বংস করা হবে।,0.3,0.0182,ok
kathbath/bengali/wavs/844424931449787-906-f.wav,/Users/monujgogoi/Downloads/kathbath/bengali/wavs/844424931449787-906-f.wav,8.7306875,প্রচ্ছদ বগুড়া সংবাদ দুপচাচিঁয়া দুপচাঁচিয়ায় লাঙ্গল মার্কায় ভোট চেয়ে স্বেচ্ছাসেবক পার্টির লিফলেট বিতরণ,প্রচ্ছদ বগড়া সংবাদ দুপচাঁচিয়া দুপচাঁচিয়ার লাঙ্গল মার্কায় ভোট চেয়ে স্বেচ্ছাসেবক পার্টির লিফলেট বিতরণ,0.2308,0.0532,ok
kathbath/bengali/wavs/844424930841734-70-f.wav,/Users/monujgogoi/Downloads/kathbath/bengali/wavs/844424930841734-70-f.wav,11.8654375,তবে এ অভিযোগও অস্বীকার করেছেন ভারপ্রাপ্ত প্রক্টর অধ্যাপক ড,তবে এ অভিযোগও অস্বীকার করেছেন ভারপ্রাপ্ত প্রক্টর অধ্যাপক ডঃ।,0.1111,0.04,ok
kathbath/bengali/wavs/844424932426776-37-f.wav,/Users/monujgogoi/Downloads/kathbath/bengali/wavs/844424932426776-37-f.wav,6.9195625,এ প্রসঙ্গে আর্থিক প্রতিষ্ঠান ও বাজার বিভাগের মহাব্যবস্থাপক মো,এ প্রসঙ্গে আর্থিক প্রতিষ্ঠান ও বাজার বিভাগের মহাব্যবস্থাস্থাপক মো।,0.2222,0.0943,ok
kathbath/bengali/wavs/844424932675153-725-f.wav,/Users/monujgogoi/Downloads/kathbath/bengali/wavs/844424932675153-725-f.wav,3.761625,করোনার নির্দেশ অমান্য করলে প্রবাসীদের বের করে দেবে সৌদি,করোনার নির্দেশ অমান্য করলে প্রবাসীদের বের করে দেবে সৌদি।,0.1111,0.0213,ok
kathbath/bengali/wavs/844424930784819-92-f.wav,/Users/monujgogoi/Downloads/kathbath/bengali/wavs/844424930784819-92-f.wav,5.61925,সাপ ছোবল দেওয়ার বিষয়টি নিশ্চিত করেছেন নিহতের চাচা মো,সাপ ছোবল দেওয়ার বিষয়টি নিশ্চিত করেছেন নিহতের চাচা মো।,0.1111,0.0217,ok
kathbath/bengali/wavs/844424932803593-725-f.wav,/Users/monujgogoi/Downloads/kathbath/bengali/wavs/844424932803593-725-f.wav,4.5743125,রামপাল বিদ্যুৎ প্রকল্প অন্যত্র নিতে আবারো আহ্বান ওয়ার্ল্ড হেরিটেজের,রামপাল বিদ্যুৎ প্রকল্প অন্যত্র নিতে আবারও আহ্বান ওয়ার্ল্ড হেরিটেজের।,0.2222,0.0333,ok
kathbath/bengali/wavs/844424932422116-37-f.wav,/Users/monujgogoi/Downloads/kathbath/bengali/wavs/844424932422116-37-f.wav,7.52325,হেলমেটহীন বেপরোয়া বাইক রুখতে মধ্য কলকাতা জুড়ে পুলিসি ধরপাকড়,হেলমেটহীন বেপরোয়া বাইক রুখতে মধ্য কলকাতা জুড়ে পুলিশের ধরপাকড়।,0.2222,0.0741,ok
kathbath/bengali/wavs/844424932346153-436-f.wav,/Users/monujgogoi/Downloads/kathbath/bengali/wavs/844424932346153-436-f.wav,7.5929375,আতঙ্ক দূর করতে জেলা স্বাস্থ্য দফতরের পক্ষ থেকে এলাকায় সচেতনতা শিবির ও শিশুদের স্বাস্থ্যের নজরদারির,আতঙ্ক দূর করতে জেলা স্বাস্থ্য দপ্তরের পক্ষ থেকে এলাকায় সচেতনতা শিবির ও শিশুদের স্বাস্থ্যের নজরদারির।,0.1333,0.0353,ok
kathbath/bengali/wavs/844424931382733-1116-f.wav,/Users/monujgogoi/Downloads/kathbath/bengali/wavs/844424931382733-1116-f.wav,5.78175,একটি বসার অবস্থান থেকে একটি রেকি সেশন আবহ জন্য নির্দেশনা,একটি বসার অবস্থান থেকে একটি রেকিসেশন আবহ জন্য নির্দেশনা।,0.3,0.0213,ok
kathbath/bengali/wavs/844424932678013-725-f.wav,/Users/monujgogoi/Downloads/kathbath/bengali/wavs/844424932678013-725-f.wav,3.7151875,পরিচালক অনন্য মামুন জানালেন আইরিনের কী কী গুণ আছে,পরিচালক অনন্য মামুন জানালেন আইরিনের কি কি গুণ আছে,0.2222,0.0488,ok
kathbath/bengali/wavs/844424933096409-725-f.wav,/Users/monujgogoi/Downloads/kathbath/bengali/wavs/844424933096409-725-f.wav,5.8746875,অনেকেই তাদের জবাই করা প্রাণীর চামড়া বিনামূল্যে মাদ্রাসা এবং এতিমখানায় দান করেন,অনেকেই তাদের জবাই করা প্রাণীর চামড়া বিনামূল্যে মাদ্রাসা এবং এতিমখানায় দান করেন।,0.0833,0.0145,ok
kathbath/bengali/wavs/844424932803565-725-f.wav,/Users/monujgogoi/Downloads/kathbath/bengali/wavs/844424932803565-725-f.wav,3.8545,লকডাউনে আরো কিছু ক্ষেত্রে ছাড় দেওয়ার নির্দেশিকা জারি করল কেন্দ্র,লকডাউনে আরও কিছু ক্ষেত্রে ছাড় দেওয়ার নির্দেশিকা জারি করল কেন্দ্র।,0.2,0.0351,ok
kathbath/bengali/wavs/844424931285067-906-f.wav,/Users/monujgogoi/Downloads/kathbath/bengali/wavs/844424931285067-906-f.wav,7.267875,কক্সবাজার পৌরসভা নির্বাচন সরে দাঁড়ালেন বিএনপি ও জামায়াতের প্রার্থীরা,কক্সবাজার পৌরসভা নির্বাচন সরে দাঁড়ালেন বিএনপি ও জামায়াতের প্রার্থীরা।,0.1111,0.0161,ok
kathbath/bengali/wavs/844424932422063-37-f.wav,/Users/monujgogoi/Downloads/kathbath/bengali/wavs/844424932422063-37-f.wav,4.5743125,তবে সেই খেলনা নিয়ে খেলতে গিয়ে বিপদ ঘটা থেকে সাবধান,তবে সেই খেলনা নিয়ে খেলতে গিয়ে বিপদ ঘটা থেকে সাবধান।,0.1,0.0233,ok
kathbath/bengali/wavs/844424932358414-436-f.wav,/Users/monujgogoi/Downloads/kathbath/bengali/wavs/844424932358414-436-f.wav,7.825125,তিনটি ছবিতে চাষীর পরিচালনায় কাজ করার কয়েকটি স্মৃতি বাংলানিউজের কাছে রোমন্থন করেছেন পূর্ণিমা,তিনটি ছবিতে চাষীর পরিচালনায় কাজ করার কয়েকটি স্মৃতি বাংলা নিউজের কাছে রোমন্থন করেছেন পূর্ণিমা।,0.2308,0.0123,ok
kathbath/bengali/wavs/844424930554301-92-f.wav,/Users/monujgogoi/Downloads/kathbath/bengali/wavs/844424930554301-92-f.wav,6.0604375,প্রধান বিচারপতি তার আসনকে কলংকিত করেছেন মন্তব্য করে ড,প্রধান বিচারপতি তার আসনকে কলঙ্কিত করেছেন মন্তব্য করে ড।,0.2222,0.0667,ok
kathbath/bengali/wavs/844424932803545-725-f.wav,/Users/monujgogoi/Downloads/kathbath/bengali/wavs/844424932803545-725-f.wav,4.4814375,কাল বিয়ানীবাজারের তিন ইউনিয়নে ৩ ঘন্টা বিদ্যুৎ থাকবে না,কাল বিয়ানীবাজারের তিন ইউনিয়নে তিন ঘণ্টা বিদ্যুৎ থাকবে না।,0.3333,0.1042,ok
kathbath/bengali/wavs/844424933096443-725-f.wav,/Users/monujgogoi/Downloads/kathbath/bengali/wavs/844424933096443-725-f.wav,4.853,১৯৭১ খ্রিস্টাব্দের ২৬ মার্চ বাংলাদেশ স্বাধীনতা ঘোষণা করে,উনিশশো একাত্তর খ্রিস্টাব্দের ছাব্বিশ মার্চ বাংলাদেশ স্বাধীনতা ঘোষণা করে।,0.5,0.4286,ok
kathbath/bengali/wavs/844424932804690-725-f.wav,/Users/monujgogoi/Downloads/kathbath/bengali/wavs/844424932804690-725-f.wav,4.9690625,বয়স যে নিছকই একটা সংখ্যামাত্র তা যেন বাড়েবাড়ে প্রমাণ করে দিচ্ছেন ঋতুপর্ণা,বয়স যে নিচ্ছকই একটা সংখ্যা মাত্র তা যেন বারে বারে প্রমাণ করে দিচ্ছেন ঋতুপর্ণা।,0.5,0.1077,ok
kathbath/bengali/wavs/844424930939896-92-f.wav,/Users/monujgogoi/Downloads/kathbath/bengali/wavs/844424930939896-92-f.wav,5.596,প্রশাসনের প্রতি স্থানীয়দের আস্থা ফেরাতে তিনি আরও জনসংযোগের পক্ষপাতি,প্রশাসনের প্রতি স্থানীয়দের আস্থা ফেরাতে তিনি আরও জনসংযোগের পক্ষপাতী।,0.1111,0.0333,ok
kathbath/bengali/wavs/844424932422073-37-f.wav,/Users/monujgogoi/Downloads/kathbath/bengali/wavs/844424932422073-37-f.wav,8.1501875,আড়াইহাজারে মাদক ব্যবসায়ীকে সাথে নিয়ে দুই পুলিশের নাচ গানের ঘটনায় ২ পুলিশ ক্লোজড,আড়াই হাজারে মাদক ব্যবসায়ীকে সাথে নিয়ে দুই পুলিশের নাচ গানের ঘটনায় দুই পুলিশ ক্লোজড।,0.3077,0.0563,ok
kathbath/bengali/wavs/844424932355619-436-f.wav,/Users/monujgogoi/Downloads/kathbath/bengali/wavs/844424932355619-436-f.wav,5.3870625,ব্যস্ত সময়ে হুড়মুড়িয়ে ভেঙে পড়ল বর্ধমান স্টেশনের মূল ভবনের একাংশ,ব্যস্ত সময়ে হুড়মুড়িয়ে ভেঙে পড়ল বর্ধমান স্টেশনের মূল ভবনের একাংশ।,0.1,0.0169,ok
kathbath/bengali/wavs/844424932325669-436-f.wav,/Users/monujgogoi/Downloads/kathbath/bengali/wavs/844424932325669-436-f.wav,7.639375,শিক্ষিত বেকারদের কর্মসংস্থানের জন্য সরকারি চাকরিতে প্রবেশের বয়সসীমা ৩৫ বছর করার পক্ষে,শিক্ষিত বেকারদের কর্মসংস্থানের জন্য সরকারি চাকরিতে প্রবেশের বয়সসীমা পঁয়ত্রিশ বছর করার পক্ষে।,0.1667,0.1333,ok
kathbath/bengali/wavs/844424931034337-760-f.wav,/Users/monujgogoi/Downloads/kathbath/bengali/wavs/844424931034337-760-f.wav,12.5388125,বান্দরবানে সেতুমন্ত্রী রামগড় থেকে ঘুনধুম পর্যন্ত ৮৩২ কিমি সীমান্ত সড়ক হবে,বান্দরবানে সেতুমন্ত্রী রামগড় থেকে ঘুন্ধুম পর্যন্ত ৮৩২ কিমি সীমান্ত সড়ক হবে।,0.1818,0.0308,ok
kathbath/bengali/wavs/844424930757971-661-f.wav,/Users/monujgogoi/Downloads/kathbath/bengali/wavs/844424930757971-661-f.wav,7.5929375,বিশেষ অতিথি হিসেবে উপস্থিত আছেন প্রধানমন্ত্রীর অর্থনৈতিক উপদেষ্টা ড,বিশেষ অতিথি হিসাবে উপস্থিত আছেন প্রধানমন্ত্রীর অর্থনৈতিক উপদেষ্টা ডঃ।,0.2222,0.0508,ok
kathbath/bengali/wavs/844424932325707-436-f.wav,/Users/monujgogoi/Downloads/kathbath/bengali/wavs/844424932325707-436-f.wav,5.0619375,প্রাথমিক স্কুল শিক্ষকদের হাজিরা নিশ্চিত করতে জারি করা হল এক নির্দেশিকা,প্রাথমিক স্কুল শিক্ষকদের হাজিরা নিশ্চিত করতে জারি করা হলো এক নির্দেশিকা।,0.1818,0.0333,ok
kathbath/bengali/wavs/844424932675115-725-f.wav,/Users/monujgogoi/Downloads/kathbath/bengali/wavs/844424932675115-725-f.wav,3.390125,এই সংক্রান্ত আরও খবর জানতে চোখ রাখুন এই লিংকে,এই সংক্রান্ত আরও খবর জানতে চোখ রাখুন এই লিঙ্কে।,0.1111,0.0811,ok
kathbath/bengali/wavs/844424932405236-37-f.wav,/Users/monujgogoi/Downloads/kathbath/bengali/wavs/844424932405236-37-f.wav,9.2183125,কোটার বিষয়ে প্রজ্ঞাপন জারি না হওয়া পর্যন্ত ক্লাস ও পরীক্ষা বর্জনের কর্মসূচি দিয়েছে বাংলাদেশ সাধারণবিস্তারিত,কোটার বিষয়ে প্রজ্ঞাপন জারি না হওয়া পর্যন্ত ক্লাস ও পরীক্ষা বর্জনের কর্মসূচি দিয়েছে বাংলাদেশ সাধারণ বিস্তারিত।,0.1333,0.0104,ok
kathbath/bengali/wavs/844424931185323-1116-f.wav,/Users/monujgogoi/Downloads/kathbath/bengali/wavs/844424931185323-1116-f.wav,4.8761875,সাইডওয়াক্স থেকে ঢালু পর্যন্ত স্থানান্তর করতে ব্যবহার করা যেতে পারে,সাইড ওয়াকস থেকে চালু পর্যন্ত স্থানান্তর করতে ব্যবহার করা যেতে পারে।,0.4,0.0517,ok
kathbath/bengali/wavs/844424932394649-37-f.wav,/Users/monujgogoi/Downloads/kathbath/bengali/wavs/844424932394649-37-f.wav,5.340625,২৪ নভেম্বরের মধ্যে বিচারকদের শৃঙ্খলা বিধির গেজেট চান আদালত,24শে নভেম্বরের মধ্যে বিচারকদের শৃঙ্খলা বিরিধির গ্যাজেট চান আদালত।,0.4444,0.2,ok
kathbath/bengali/wavs/844424931382740-1116-f.wav,/Users/monujgogoi/Downloads/kathbath/bengali/wavs/844424931382740-1116-f.wav,7.0356875,আর প্রধানমন্ত্রীর তথ্যপ্রযুক্তি উপদেষ্টা সজীব ওয়াজেদ জয়ের নির্দেশে ধারাবাহিক,আর প্রধানমন্ত্রীর তথ্যপ্রযুক্তি উপদেষ্টা সজীব ওয়াজেদ জয়ের নির্দেশে ধারাবাহিক।,0.1111,0.0143,ok
kathbath/bengali/wavs/844424931285128-906-f.wav,/Users/monujgogoi/Downloads/kathbath/bengali/wavs/844424931285128-906-f.wav,6.1765,আগামীকাল কলকাতার সঙ্গে বাংলাদেশেও আপনার নতুন ছবি মুক্তি পাওয়ার কথা,আগামীকাল কলকাতার সঙ্গে বাংলাদেশেও আপনার নতুন ছবি মুক্তি পাওয়ার কথা।,0.1,0.0172,ok
kathbath/bengali/wavs/844424930784836-92-f.wav,/Users/monujgogoi/Downloads/kathbath/bengali/wavs/844424930784836-92-f.wav,6.083625,চুয়াডাঙ্গায় ব্যবসায়ীসহ দুজন নিখোঁজ পাঁচ দিন পরিবারের দাবি অপহরণ,"চুয়াডাঙ্গায় ব্যবসায়ীসহ দুজন নিখোঁজ, পাঁচ দিন পরিবারের দাবি অপহরণ।",0.2222,0.0345,ok
kathbath/bengali/wavs/844424932676608-725-f.wav,/Users/monujgogoi/Downloads/kathbath/bengali/wavs/844424932676608-725-f.wav,6.269375,মধ্যপ্রাচ্যে উদ্ভুত পরিস্থিতির কারণে কাতারে শীতকালীন অনুশীলন ক্যাম্প করবে না যুক্তরাষ্ট্র ফুটবল দল,মধ্যপ্রাচ্যে উদ্ভূত পরিস্থিতির কারণে কাতারে শীতকালীন অনুশীলন ক্যাম্প করবে না যুক্তরাষ্ট্র ফুটবল দল।,0.1538,0.0233,ok
kathbath/bengali/wavs/844424932523507-37-f.wav,/Users/monujgogoi/Downloads/kathbath/bengali/wavs/844424932523507-37-f.wav,7.7090625,কিন্তু গত কয়েক বছরে প্রায় সব স্মার্টফোনেই ফিঙ্গারপ্রিন্ট স্ক্যানার যোগ হয়,কিন্তু গত কয়েক বছরে প্রায় সব স্মার্টফোনেই ফিঙ্গারপ্রিন্ট স্ক্যানার যোগ হয়।,0.0909,0.0152,ok
kathbath/bengali/wavs/844424932339434-436-f.wav,/Users/monujgogoi/Downloads/kathbath/bengali/wavs/844424932339434-436-f.wav,5.2245,কুমিল্লায় হত্যা মামলায় খালেদার চার্জ গঠনের পরবর্তী শুনানি ১২ মে,কুমিল্লায় হত্যা মামলার খালেদার চার্জ গঠনের পরবর্তী শুনানি ১২ই মে।,0.3,0.0714,ok
kathbath/bengali/wavs/844424930784841-92-f.wav,/Users/monujgogoi/Downloads/kathbath/bengali/wavs/844424930784841-92-f.wav,5.8746875,সলমনের সঙ্গে দেখা করার জন্য এক ভক্ত ৬০০ কিমি সাইকেল চালিয়েছেন,সলমানের সঙ্গে দেখা করার জন্য এক ভক্ত ৬০০ কিমি সাইকেল চালিয়েছেন।,0.1818,0.0385,ok
kathbath/bengali/wavs/844424932339426-436-f.wav,/Users/monujgogoi/Downloads/kathbath/bengali/wavs/844424932339426-436-f.wav,7.918,তবে বিষয়টি চেপে যাওয়ার জন্য কলেজ কর্তৃপক্ষকে ম্যানেজের চেষ্টা করেও ব্যর্থ হন অভিযুক্তের স্বামী ডা,তবে বিষয়টি চেপে যাওয়ার জন্য কলেজ কর্তৃপক্ষকে ম্যানেজের চেষ্টা করেও ব্যর্থ হন অভিযুক্তের স্বামী ডাঃ।,0.0667,0.0235,ok
kathbath/bengali/wavs/844424931323232-906-f.wav,/Users/monujgogoi/Downloads/kathbath/bengali/wavs/844424931323232-906-f.wav,7.0124375,কুমারগঞ্জ গণধর্ষণ ও খুনের মামলায় ১১ দিনের মাথায় তিন অভিযুক্তের বিরুদ্ধে চার্জশিট,কুমারগঞ্জ গণধর্ষণ ও খুনের মামলায় ১১ দিনের মাথায় তিন অভিযুক্তের বিরুদ্ধে চার্জশিট।,0.0833,0.0141,ok
kathbath/bengali/wavs/844424932682858-725-f.wav,/Users/monujgogoi/Downloads/kathbath/bengali/wavs/844424932682858-725-f.wav,4.5046875,৪ মে থেকে ভারপ্রাপ্ত চেয়ারম্যানের দায়িত্ব পালন করেন বিভাগের অধ্যাপক ড,4 মে থেকে ভারপ্রাপ্ত চেয়ারম্যানের দায়িত্ব পালন করেন বিভাগের অধ্যাপক ডঃ।,0.1818,0.0492,ok
kathbath/bengali/wavs/844424930939902-92-f.wav,/Users/monujgogoi/Downloads/kathbath/bengali/wavs/844424930939902-92-f.wav,6.1533125,সেই আগ্রহের কারণেই দুই দেশের মধ্যে ছয়টি নদী নিয়ে যৌথ ওয়ার্কিং কমিটির,সেই আগ্রহের কারণেই দুই দেশের মধ্যে ছয়টি নদী নিয়ে যৌথ ওয়ার্কিং কমিটির।,0.0833,0.0167,ok
kathbath/bengali/wavs/844424931029518-760-f.wav,/Users/monujgogoi/Downloads/kathbath/bengali/wavs/844424931029518-760-f.wav,8.243125,২৪ তারিখ ধোনির বিষয়ে নির্বাচকদের সঙ্গে কথা বলবেন সৌরভ,24 তারিখ ধনীর বিষয়ে নির্বাচকদের সঙ্গে কথা বলবেন সৌরভ।,0.3333,0.1087,ok
kathbath/bengali/wavs/844424932426846-37-f.wav,/Users/monujgogoi/Downloads/kathbath/bengali/wavs/844424932426846-37-f.wav,5.596,ডেঙ্গুয়াঝাড়ের সাপ্তাহিক হাটে ৩০ টাকা কিলো মাংস কিনতে ভিড় জমালেন অনেকেই,ডেঙ্গুয়া ঝড়ের সাপ্তাহিক হাটে ৩০ টাকা কিলো মাংস কিনতে ভিড় জমালেন অনেকেই।,0.2727,0.0317,ok
kathbath/bengali/wavs/844424932394608-37-f.wav,/Users/monujgogoi/Downloads/kathbath/bengali/wavs/844424932394608-37-f.wav,7.5929375,জবানবন্দির পর সাংবাদিকদের কাছে ব্রিফ করেন পিবিআই এর চট্টগ্রাম বিভাগের স্পেশাল পুলিশ সুপার মো,জবানবন্দীর পর সাংবাদিকদের কাছে ব্রিফ করেন পিবিআই এর চট্টগ্রাম বিভাগের স্পেশাল পুলিশ সুপার মো।,0.1429,0.0253,ok
kathbath/bengali/wavs/844424932804620-725-f.wav,/Users/monujgogoi/Downloads/kathbath/bengali/wavs/844424932804620-725-f.wav,3.6223125,ফোবে পরে আরেকটি মেয়ে এবং একটি ছেলে জন্ম নেয়,পরে আরেকটি মেয়ে এবং একটি ছেলে জন্ম নেয়।,0.2222,0.1351,ok
kathbath/bengali/wavs/844424933095882-725-f.wav,/Users/monujgogoi/Downloads/kathbath/bengali/wavs/844424933095882-725-f.wav,5.0851875,প্রতিবছরই বিশ্বের বিভিন্ন দেশ থেকে হুয়াওয়ে মেধাবী শিক্ষার্থীদের বাছাই করে,প্রতি বছরই বিশ্বের বিভিন্ন দেশ থেকে হুয়াওয়ে মেধাবী শিক্ষার্থীদের বাছাই করে।,0.3,0.0152,ok
kathbath/bengali/wavs/844424932678065-725-f.wav,/Users/monujgogoi/Downloads/kathbath/bengali/wavs/844424932678065-725-f.wav,3.784875,এ ঘটনায় আহত শাফি মিয়ার ছেলে ছাত্রলীগ নেতা মো,এ ঘটনায় আহত শাফি মিয়ার ছেলে ছাত্রলীগ নেতা মো।,0.1111,0.0263,ok
kathbath/bengali/wavs/844424932675138-725-f.wav,/Users/monujgogoi/Downloads/kathbath/bengali/wavs/844424932675138-725-f.wav,5.0155,তবে সংক্রমণ পুরোপুরি নিয়ন্ত্রণে আনতে এই বিধি নিষেধ জারি রাখতে হবে বলেই,তবে সংক্রমণ পুরোপুরি নিয়ন্ত্রণে আনতে এই বিধিনিষেধ জারি রাখতে হবে বলেই।,0.25,0.0167,ok
kathbath/bengali/wavs/844424931309454-1116-f.wav,/Users/monujgogoi/Downloads/kathbath/bengali/wavs/844424931309454-1116-f.wav,4.2260625,মন্দিরে পুজো দেওয়ার পর এই কাজটি করলে শীঘ্রই মিলবে পুজোর ফল,মন্দিরে পুজো দেওয়ার পর এই কাজটি করলে শীঘ্রই মিলবে পুজোর ফল।,0.0909,0.0204,ok
kathbath/bengali/wavs/844424931029446-760-f.wav,/Users/monujgogoi/Downloads/kathbath/bengali/wavs/844424931029446-760-f.wav,9.68275,ছাত্র অধিকার সংরক্ষণ পরিষদঃ সবচেয়ে গুরুত্বপূর্ণ সহাবস্থান নিশ্চিত করা,ছাত্র অধিকার সংরক্ষণ পরিষদ সবচেয়ে গুরুত্বপূর্ণ সহাবস্থান নিশ্চিত করা।,0.2222,0.0323,ok
kathbath/bengali/wavs/844424932339419-436-f.wav,/Users/monujgogoi/Downloads/kathbath/bengali/wavs/844424932339419-436-f.wav,5.4335,শাহজালালে জাল ভিসায় যুক্তরাজ্যে যাওয়ার সময় ভারতীয় নাগরিক আটক,শাহজালালের জাল ভিসায় যুক্তরাজ্যে যাওয়ার সময় ভারতীয় নাগরিক আটক।,0.2222,0.0357,ok
kathbath/bengali/wavs/844424932355675-436-f.wav,/Users/monujgogoi/Downloads/kathbath/bengali/wavs/844424932355675-436-f.wav,6.9891875,২০২০ তে ফোর্বসের তালিকায় একমাত্র ভারতীয় হিসাবে সর্বাধিক উপার্জনকারী তারকা অক্ষয়,২০২০ তে ফর্বসের তালিকায় একমাত্র ভারতীয় হিসাবে সর্বাধিক উপার্জনকারী তারকা অক্ষয়।,0.1818,0.0278,ok
kathbath/bengali/wavs/844424932422076-37-f.wav,/Users/monujgogoi/Downloads/kathbath/bengali/wavs/844424932422076-37-f.wav,6.3158125,মুসলিম নির্যাতনের প্রতিবাদ করায় ৪৯ বিশিষ্ট ব্যক্তির বিরুদ্ধে মামলা,মুসলিম নির্যাতনের প্রতিবাদ করায় ঊনপঞ্চাশ বিশিষ্ট ব্যক্তির বিরুদ্ধে মামলা।,0.2222,0.1525,ok
kathbath/bengali/wavs/844424930784827-92-f.wav,/Users/monujgogoi/Downloads/kathbath/bengali/wavs/844424930784827-92-f.wav,6.0371875,স্মার্টফোনের বড় ডিসপ্লে এই সময়ে গ্রাহকদের একটি পছন্দের বিষয়,স্মার্টফোনের বড় ডিসপ্লে এই সময় গ্রাহকদের একটি পছন্দের বিষয়।,0.2222,0.037,ok
kathbath/bengali/wavs/844424930939872-92-f.wav,/Users/monujgogoi/Downloads/kathbath/bengali/wavs/844424930939872-92-f.wav,5.9443125,বিমান যখন গ্রিস আর ভিয়েনার মাঝ আকাশে তখন হঠাত্ করে বিমানের একদল ক্রু,বিমান যখন গ্রিস আর ভিয়েনার মাঝ আকাশে তখন হঠাৎ করে বিমানের একদল গ্রু।,0.1538,0.0702,ok
kathbath/bengali/wavs/844424931029501-760-f.wav,/Users/monujgogoi/Downloads/kathbath/bengali/wavs/844424931029501-760-f.wav,12.9103125,পরবর্তী সংবাদপূর্ব অনুমতি ছাড়া নিম্ন আদালতের বিচারকদের কর্মস্থল ত্যাগ না করতে সুপ্রিম কোর্টের নির্দেশ,পরবর্তী সংবাদপূর্ব অনুমতি ছাড়া নিম্ন আদালতদের বিচারকদের কর্মস্থল ত্যাগ না করতে সুপ্রিম কোর্টের নির্দেশ।,0.1429,0.0225,ok
kathbath/bengali/wavs/844424932803542-725-f.wav,/Users/monujgogoi/Downloads/kathbath/bengali/wavs/844424932803542-725-f.wav,6.3158125,বিস্ফোরণের পর কড়া নিরাপত্তায় মুড়ে ফেলা হয়েছে এলাকাটি। ওই এলাকাজুড়ে পুলিশ চিরুনি তল্লাশি শুরু করেছে,বিস্ফোরণের পর কড়া নিরাপত্তায় মুড়ে ফেলা হয়েছে এলাকাটি। ওই এলাকা জুড়ে পুলিশ চিরুনি তল্লাশি শুরু করেছে।,0.2,0.0112,ok
kathbath/bengali/wavs/844424932676630-725-f.wav,/Users/monujgogoi/Downloads/kathbath/bengali/wavs/844424932676630-725-f.wav,4.342125,তিনি খড়দহ পুরসভার ২১ নম্বর ওয়ার্ডের তৃণমূল কাউন্সিলর দোলা,তিনি খড়দহ পুরসভার 21 নম্বর ওয়ার্ডের তৃণমূল কাউন্সিলর দোলা।,0.2222,0.0588,ok
kathbath/bengali/wavs/844424930939830-92-f.wav,/Users/monujgogoi/Downloads/kathbath/bengali/wavs/844424930939830-92-f.wav,6.1300625,মহাত্মা গান্ধী ১৫০ তম জন্ম বার্ষিকীতে প্রকাশিত হয়েছে এই বুকলেট,মহাত্মা গান্ধী 150 তম জন্মবার্ষিকীতে প্রকাশিত হয়েছে এই বুকলেট।,0.4,0.0741,ok
kathbath/bengali/wavs/844424932346181-436-f.wav,/Users/monujgogoi/Downloads/kathbath/bengali/wavs/844424932346181-436-f.wav,4.527875,দুবাই থেকে প্রশিক্ষণ সেরে দেশে ফিরল মুম্বই সিটি এফসি দল,দুবাই থেকে প্রশিক্ষণ সেরে দেশে ফিরল মুম্বাই সিটি এফসি দল।,0.2,0.0435,ok
kathbath/bengali/wavs/844424932426774-37-f.wav,/Users/monujgogoi/Downloads/kathbath/bengali/wavs/844424932426774-37-f.wav,6.873125,এদিকে আসামিরা আংশিক ন্যায়বিচার পেয়েছে বলে জানান শরীফের আইনজীবী গোলাম মো,এদিকে আসামীরা আংশিক ন্যায়বিচার পেয়েছে বলে জানান শরীফের আইনজীবী গোলাম মোঃ।,0.1818,0.0476,ok
kathbath/bengali/wavs/844424932405179-37-f.wav,/Users/monujgogoi/Downloads/kathbath/bengali/wavs/844424932405179-37-f.wav,6.3158125,এদিন ইতিহাস সৃষ্টি করল যুক্তরাষ্ট্রের মহাকাশ গবেষণা সংস্থা নাসার মহাকাশযান নিউ হরিজন,একদিন ইতিহাস সৃষ্টি করল যুক্তরাষ্ট্রের মহাকাশ গবেষণা সংস্থা নাসার মহাকাশ দ্য নিউ হরিজন।,0.3333,0.0685,ok
kathbath/bengali/wavs/844424931029468-760-f.wav,/Users/monujgogoi/Downloads/kathbath/bengali/wavs/844424931029468-760-f.wav,5.317375,মনোজ কুমার নামের এক ব্যক্তি ভিডিওটি শেয়ার করেন,মনোজ কুমার নামের এক ব্যক্তি ভিডিওটি শেয়ার করেন।,0.125,0.025,ok
kathbath/bengali/wavs/844424932682869-725-f.wav,/Users/monujgogoi/Downloads/kathbath/bengali/wavs/844424932682869-725-f.wav,5.2941875,২৫ ফুট বরফের তলায় ৬ দিন চাপা থাকার পর বেঁচে ফিরলেন মৃত্যুঞ্জয়ী হনুমান্থ,পঁচিশ ফুট বরফের তলায় ছদিন চাপা থাকার পর বেঁচে ফিরলেন মৃত্যুঞ্জয়ী হনুমান থ।,0.3846,0.1311,ok
kathbath/bengali/wavs/844424932339488-436-f.wav,/Users/monujgogoi/Downloads/kathbath/bengali/wavs/844424932339488-436-f.wav,4.156375,ফ্লিনটফ যদি মুম্বইয়ে করতে পারে তা হলে আমিও লর্ডসে,ফ্লিন্টফ যদি মুম্বাইয়ে করতে পারে তাহলে আমিও লর্ডসে।,0.5556,0.0714,ok
kathbath/bengali/wavs/844424930842570-92-f.wav,/Users/monujgogoi/Downloads/kathbath/bengali/wavs/844424930842570-92-f.wav,5.61925,বিশেষ করে মধ্যপ্রাচ্যের কোনো দেশে এমন ভাসমান শহর নির্মাণের কথা,বিশেষ করে মধ্যপ্রাচ্যের কোনো দেশে এমন ভাসমান শহর নির্মাণের কথা।,0.1,0.0189,ok
kathbath/bengali/wavs/844424932325683-436-f.wav,/Users/monujgogoi/Downloads/kathbath/bengali/wavs/844424932325683-436-f.wav,5.9675625,দেওয়া তথ্য অনুযায়ী রোগীর চোখে ইনজেকশনের মাধ্যমে একটি বিশেষ ধরণের প্রোটিন,দেওয়া তথ্য অনুযায়ী রোগীর চোখে ইনজেকশনের মাধ্যমে একটি বিশেষ ধরনের প্রোটিন।,0.1818,0.0312,ok
kathbath/bengali/wavs/844424931285045-906-f.wav,/Users/monujgogoi/Downloads/kathbath/bengali/wavs/844424931285045-906-f.wav,7.8019375,একাদশ শ্রেণীর ছাত্র অভিষেক চৌবে খুনের ঘটনায় আদালতে দোষী সাব্যস্ত তিন বন্ধু,একাদশ শ্রেণীর ছাত্র অভিষেক চৌবে খুনের ঘটনায় আদালতে দোষী সাব্যস্ত তিন বন্ধু।,0.0833,0.0156,ok
kathbath/bengali/wavs/844424932440866-37-f.wav,/Users/monujgogoi/Downloads/kathbath/bengali/wavs/844424932440866-37-f.wav,4.7833125,ঢাকা উত্তর ও দক্ষিণ সিটি করপোরেশনে সব ধরনের ছুটি বাতিল,ঢাকা উত্তর ও দক্ষিণ সিটি কর্পোরেশনের সব ধরনের ছুটি বাতিল।,0.2,0.0667,ok
kathbath/bengali/wavs/844424932358467-436-f.wav,/Users/monujgogoi/Downloads/kathbath/bengali/wavs/844424932358467-436-f.wav,5.921125,আগামী সপ্তাহে সিবিআই সুপ্রিম কোর্টে রাজীবের আগাম জামিনের বিরুদ্ধে আবেদন করতে পারে,আগামী সপ্তাহে সিবিআই সুপ্রিম কোর্টে রাজিবের আগাম জামিনের বিরুদ্ধে আবেদন করতে পারে।,0.1667,0.0286,ok
kathbath/bengali/wavs/844424930842518-92-f.wav,/Users/monujgogoi/Downloads/kathbath/bengali/wavs/844424930842518-92-f.wav,8.7306875,প্রশান্ত মহাসাগরীয় উত্তরপশ্চিম বিদ্যুৎ পরিকল্পনা ও সংরক্ষণ আইনের আঞ্চলিক নিয়ন্ত্রণ ও পরিকল্পনা প্রণয়ন,প্রশান্ত মহাসাগরীয় উত্তর পশ্চিম বিদ্যুৎ পরিকল্পনা ও সংরক্ষণ আইনের আঞ্চলিক নিয়ন্ত্রণ ও পরিকল্পনা প্রণয়ন।,0.2308,0.0109,ok
kathbath/bengali/wavs/844424931449788-906-f.wav,/Users/monujgogoi/Downloads/kathbath/bengali/wavs/844424931449788-906-f.wav,6.8963125,পাক অধিকৃত কাশ্মীরের মন্ত্রীকে দেখে সার্ক বৈঠক থেকে ওয়াকআউট ভারতীয় কূটনীতিকের,পাক অধিকৃত কাশ্মীরের মন্ত্রীকে দেখে শার্ক বৈঠক থেকে ওয়াকআউট ভারতীয় কূটনীতিকের।,0.1818,0.029,ok
kathbath/bengali/wavs/844424931034356-760-f.wav,/Users/monujgogoi/Downloads/kathbath/bengali/wavs/844424931034356-760-f.wav,11.79575,শিক্ষক বদরুল হাসানকে বরখাস্তের বিষয়ে জানতে চাইলে জগন্নাথ বিশ্ববিদ্যালয়ের উপাচার্য ড,শিক্ষক বদরুল হাসানকে বরখাস্তের বিষয়ে জানতে চাইলে জগন্নাথ বিশ্ববিদ্যালয়ের উপাচার্য ডঃ,0.0909,0.0133,ok
kathbath/bengali/wavs/844424931449785-906-f.wav,/Users/monujgogoi/Downloads/kathbath/bengali/wavs/844424931449785-906-f.wav,3.483,গুরু তার কাজ করে যান কোনও কিছু না করেই,গুরু তার কাজ করে যান কোনো কিছু না করেই।,0.2222,0.0667,ok
kathbath/bengali/wavs/844424932405241-37-f.wav,/Users/monujgogoi/Downloads/kathbath/bengali/wavs/844424932405241-37-f.wav,5.20125,আজ দিল্লির রামলীলা ময়দানে কেজরিওয়াল সহ শপথ নেবেন ছয় মন্ত্রী,আজ দিল্লির রামলীলা ময়দানে কেজরিওয়াল সহ শপথ নেবেন ছয় মন্ত্রী।,0.1,0.0189,ok
kathbath/bengali/wavs/844424932498027-37-f.wav,/Users/monujgogoi/Downloads/kathbath/bengali/wavs/844424932498027-37-f.wav,6.3855,পুলিশকে লক্ষ্য করে ইট ছোঁড়ার অভিযোগ। পাশাপাশি বোম ফাঁটানো হয়ে বলে অভিযোগ,"পুলিশকে লক্ষ্য করে ইট ছোড়ার অভিযোগ, পাশাপাশি বোমা ফাটানো হয় বলে অভিযোগ।",0.5,0.0952,ok
kathbath/bengali/wavs/844424932678079-725-f.wav,/Users/monujgogoi/Downloads/kathbath/bengali/wavs/844424932678079-725-f.wav,4.24925,এজন্য হাত দিয়ে মুখে বা শরীরের অন্য কোথাও লাগলে জীবাণু দ্রুত,এজন্য হাত দিয়ে মুখে বা শরীরের অন্য কোথাও লাগলে জীবাণু দ্রুত।,0.0909,0.02,ok
kathbath/bengali/wavs/844424932682896-725-f.wav,/Users/monujgogoi/Downloads/kathbath/bengali/wavs/844424932682896-725-f.wav,5.6424375,করোনা রোধে অস্থায়ী পশুর হাটে বাধ্যতামূলকভাবে ইজারা গ্রহীতাকে যেসব ব্যবস্থা নিতে হবে,করোনা রোধে অস্থায়ী পশুর হাটে বাধ্যতামূলকভাবে ইজারা গ্রহীতাকে যেসব ব্যবস্থা নিতে হবে।,0.0833,0.0137,ok
kathbath/bengali/wavs/844424931449850-906-f.wav,/Users/monujgogoi/Downloads/kathbath/bengali/wavs/844424931449850-906-f.wav,6.2229375,দ্বিতীয় ডিভিশনে খেলাটি ছিল নর্থ বেঙ্গল ক্রিকেট অ্যাকাডেমি ও ট্যালেন্ট হান্ট ক্রিকেট অ্যাকাডেমির,দ্বিতীয় ডিভিশনে খেলাটি ছিল নর্থ বেঙ্গল ক্রিকেট অ্যাকাডেমি ও ট্যালেন্ট হান্ট ক্রিকেট অ্যাকাডেমির।,0.0769,0.0119,ok
kathbath/bengali/wavs/844424931449863-906-f.wav,/Users/monujgogoi/Downloads/kathbath/bengali/wavs/844424931449863-906-f.wav,6.9891875,কঠোর সমালোচনা করে ভারতের বিজেপি সরকারের বিরুদ্ধে প্রস্তাব তোলা হচ্ছে ইউরোপীয় পার্লামেন্টে,কঠোর সমালোচনা করে ভারতের বিজেপি সরকারের বিরুদ্ধে প্রস্তাব তোলা হচ্ছে ইউরোপীয় পার্লামেন্টে।,0.0833,0.0127,ok
kathbath/bengali/wavs/844424932332241-436-f.wav,/Users/monujgogoi/Downloads/kathbath/bengali/wavs/844424932332241-436-f.wav,5.5728125,বিশ্বের অন্যতম বড় এই চলচ্চিত্র উৎসবের এবারের আসর শুরু,বিশ্বের অন্যতম বড় এই চলচ্চিত্র উৎসবের এবারের আসর শুরু।,0.1111,0.0217,ok
kathbath/bengali/wavs/844424932474893-37-f.wav,/Users/monujgogoi/Downloads/kathbath/bengali/wavs/844424932474893-37-f.wav,6.19975,আনোয়ার ইব্রাহিমের সাথে সাক্ষাৎ প্রবাসী কল্যাণ ও বৈদেশিক কর্মসংস্থান প্রতিমন্ত্রীর,আনোহার ইব্রাহিমের সাথে সাক্ষাৎ প্রবাসী কল্যাণ ও বৈদেশী কর্মসংস্থ্য প্রতিমন্ত্রী।,0.4,0.0959,ok
kathbath/bengali/wavs/844424930939858-92-f.wav,/Users/monujgogoi/Downloads/kathbath/bengali/wavs/844424930939858-92-f.wav,5.340625,সোশ্যাল মিডিয়ায় রামদেবকে নিয়ে তৈরি মিম মুছে ফেলার নির্দেশ দিল আদালত,সোশ্যাল মিডিয়ায় রামদেবকে নিয়ে তৈরি মিম মুছে ফেলার নির্দেশ দিল আদালত।,0.0909,0.0167,ok
kathbath/bengali/wavs/844424932843810-725-f.wav,/Users/monujgogoi/Downloads/kathbath/bengali/wavs/844424932843810-725-f.wav,3.761625,অঙ্কিতা স্টেটাস শেয়ার করেন সুশান্তের মৃত্যুর এক মাস পর,অঙ্কিতা স্ট্যাটাস শেয়ার করেন সুশান্তের মৃত্যুর এক মাস পর।,0.2222,0.0851,ok
kathbath/bengali/wavs/844424930939850-92-f.wav,/Users/monujgogoi/Downloads/kathbath/bengali/wavs/844424930939850-92-f.wav,5.921125,মর্মান্তিক ঘটনাটি ঘটেছে নদিয়ার তাহেরপুর থানার কামগাছি উত্তরপাড়া এলাকায়,মর্মান্তিক ঘটনাটি ঘটেছে নদিয়ার তাহেরপুর থানার কামগাছি উত্তরপাড়া এলাকায়।,0.1111,0.0154,ok
kathbath/bengali/wavs/844424932675176-725-f.wav,/Users/monujgogoi/Downloads/kathbath/bengali/wavs/844424932675176-725-f.wav,3.575875,সেই সব অভিযোগ খতিয়ে দেখেই তৈরি হবে মূল রিপোর্ট,সেইসব অভিযোগ খতিয়ে দেখেই তৈরি হবে মূল রিপোর্ট।,0.3333,0.0256,ok
kathbath/bengali/wavs/844424930842500-92-f.wav,/Users/monujgogoi/Downloads/kathbath/bengali/wavs/844424930842500-92-f.wav,6.1300625,নির্বাচনের জেরে একাধিক রাজ্য বিদ্যুতের দামে কোনও পরিবর্তন করেনি,নির্বাচনের জেরে একাধিক রাজ্য বিদ্যুতের দামে কোনো পরিবর্তন করেনি।,0.2222,0.0364,ok
kathbath/bengali/wavs/844424932422107-37-f.wav,/Users/monujgogoi/Downloads/kathbath/bengali/wavs/844424932422107-37-f.wav,9.9149375,নন্দীগ্রামেকাণ্ডে সিবিআই চার্জশিটের আন্দোলনে যুক্ত তৃণমূল কর্মীদের বিরুদ্ধে মমলা তুলে নেওয়ার সিদ্ধান্ত মুখ্যমন্ত্রীর,নন্দীগ্রাম কাণ্ডে সিবিআই চার্জশিটের আন্দোলনে যুক্ত তৃণমূল কর্মীদের বিরুদ্ধে মামলা তুলে নেওয়ার সিদ্ধান্ত মুখ্যমন্ত্রীর।,0.3077,0.0286,ok
kathbath/bengali/wavs/844424930784803-92-f.wav,/Users/monujgogoi/Downloads/kathbath/bengali/wavs/844424930784803-92-f.wav,7.430375,কুয়েট শিক্ষার্থীদের এই সফলতার জন্য তাদের অভিনন্দন জানান উপাচার্য অধ্যাপক ড,কুয়েত শিক্ষার্থীদের এই সফলতার জন্য তাদের অভিনন্দন জানান উপাচার্য অধ্যাপক ডঃ।,0.1818,0.0462,ok
kathbath/bengali/wavs/844424933096444-725-f.wav,/Users/monujgogoi/Downloads/kathbath/bengali/wavs/844424933096444-725-f.wav,3.6455625,তাই যে কোনো পরিস্থিতিতে এ ধরনের বিমান ব্যবহার করা যায়,তাই যেকোনো পরিস্থিতিতে এ ধরনের বিমান ব্যবহার করা যায়।,0.3,0.0222,ok
kathbath/bengali/wavs/844424932357496-1084-f.wav,/Users/monujgogoi/Downloads/kathbath/bengali/wavs/844424932357496-1084-f.wav,4.435,বিজয় মালিয়াকে ভারতে আনার ক্ষেত্রে ফের ধোঁয়াশা দেখা দিল,বিজয় মালিয়াকে ভারতে আনার ক্ষেত্রে ফের ধোঁয়াশা দেখা দিল।,0.1111,0.0204,ok
kathbath/bengali/wavs/844424932390914-1084-f.wav,/Users/monujgogoi/Downloads/kathbath/bengali/wavs/844424932390914-1084-f.wav,7.616125,আসন্ন লোকসভা নির্বাচনের আগে দক্ষিন মালদার কার্জকর্তাদের নিয়ে দলিয় বৈঠক করলেন কেন্দ্রীয় স্বাস্থ্য প্রতিমন্ত্রী,আসন্ন লোকসভা নির্বাচনের আগে দক্ষিণ মালদার কার্যকর্তাদের নিয়ে দলীয় বৈঠক করলেন কেন্দ্রীয় স্বাস্থ্য প্রতিমন্ত্রী।,0.2857,0.0404,ok
kathbath/bengali/wavs/844424932422140-37-f.wav,/Users/monujgogoi/Downloads/kathbath/bengali/wavs/844424932422140-37-f.wav,3.6223125,তবে সাধ ও সাধ্যের বলেও তো একটা কথা রয়েছে,তবে স্বাদ ও সাধ্যের বলেও তো একটা কথা রয়েছে।,0.2222,0.1212,ok
kathbath/bengali/wavs/844424931449853-906-f.wav,/Users/monujgogoi/Downloads/kathbath/bengali/wavs/844424931449853-906-f.wav,4.82975,এক নজরে দেখে নিন কী কী ফিচার্স থাকছে এই নতুন ফোনে,এক নজরে দেখে নিন কি কি ফিচার্স থাকছে এই নতুন ফোনে,0.1818,0.0513,ok
kathbath/bengali/wavs/844424932394605-37-f.wav,/Users/monujgogoi/Downloads/kathbath/bengali/wavs/844424932394605-37-f.wav,4.945875,ইংরেজি মাধ্যমে ভ্যাট অবৈধের আদেশ আরও এক সপ্তাহ স্থগিত,ইংরেজি মাধ্যমে ভ্যাট অবৈধের আদেশে আরও এক সপ্তাহ স্থগিত।,0.2222,0.0444,ok
kathbath/bengali/wavs/844424931382783-1116-f.wav,/Users/monujgogoi/Downloads/kathbath/bengali/wavs/844424931382783-1116-f.wav,4.179625,৩০ বছর আগে মায়ের বিয়ের সময় এভাবেই সেজেছিল এই,30 বছর আগে মায়ের বিয়ের সময় এভাবেই সেজেছিল এই।,0.2222,0.0769,ok
kathbath/bengali/wavs/844424933096462-725-f.wav,/Users/monujgogoi/Downloads/kathbath/bengali/wavs/844424933096462-725-f.wav,4.342125,সাধারণত এসব সাইট দেশের বাইরের বিভিন্ন ব্যক্তি বা প্রতিষ্ঠান তৈরি করে,সাধারণত এসব সাইট দেশের বাইরের বিভিন্ন ব্যক্তি বা প্রতিষ্ঠান তৈরি করে।,0.0909,0.0172,ok
kathbath/bengali/wavs/844424931185306-1116-f.wav,/Users/monujgogoi/Downloads/kathbath/bengali/wavs/844424931185306-1116-f.wav,4.08675,এ সময় কারা ফটকে উপস্থিত ছিলেন বিএনপির ভাইস চেয়ারম্যান ডা,এ সময় কারা ফটকে উপস্থিত ছিলেন বিএনপির ভাইস চেয়ারম্যান ডা।,0.1,0.0204,ok
kathbath/bengali/wavs/844424932358426-436-f.wav,/Users/monujgogoi/Downloads/kathbath/bengali/wavs/844424932358426-436-f.wav,4.945875,মায়ের তোলা সুহানার সেই ছবি প্রকাশ্যে আসতেই তা ভাইরাল হয়ে যায়,মায়ের তোলা সুহানার সেই ছবি প্রকাশ্যে আসতেই তা ভাইরাল হয়ে যায়।,0.0909,0.0189,ok
kathbath/bengali/wavs/844424932843790-725-f.wav,/Users/monujgogoi/Downloads/kathbath/bengali/wavs/844424932843790-725-f.wav,3.947375,বিদ্যুৎ বিল সংক্রান্ত নানান দাবি নিয়ে বিক্ষোভ নদীয়ার শান্তিপুরে,বিদ্যুৎ বিল সংক্রান্ত নানান দাবি নিয়ে বিক্ষোভ নদীয়ার শান্তিপুরে।,0.1111,0.0175,ok
kathbath/bengali/wavs/844424932805311-725-f.wav,/Users/monujgogoi/Downloads/kathbath/bengali/wavs/844424932805311-725-f.wav,3.784875,বাদশা মিয়া এবং ইসলামী আন্দোলন বাংলাদেশের প্রার্থী হিসেবে মো,বাদশা মিয়া এবং ইসলামীয়া আন্দোলন বাংলাদেশের প্রার্থী হিসাবে মো।,0.3333,0.0962,ok
kathbath/bengali/wavs/844424932426840-37-f.wav,/Users/monujgogoi/Downloads/kathbath/bengali/wavs/844424932426840-37-f.wav,6.9891875,সুতরাং অন্তিমে বিএনপি জামায়াতকে ত্যাগ করবে না এবং সেই ক্ষেত্রে ড,সুতরাং অন্তিমে বিএনপি জামায়াতকে ত্যাগ করবে না এবং সেই ক্ষেত্রে ড।,0.0909,0.0182,ok
kathbath/bengali/wavs/844424930842529-92-f.wav,/Users/monujgogoi/Downloads/kathbath/bengali/wavs/844424930842529-92-f.wav,5.8514375,একই সঙ্গে আগামী ২৫ মার্চ তাঁরা শিক্ষা সনদ গলায় ঝুলিয়ে রাস্তা,একই সঙ্গে আগামী 25 মার্চ তারা শিক্ষা সনদ গলায় ঝুলিয়ে রাস্তা।,0.2727,0.0769,ok
kathbath/bengali/wavs/844424932350882-1084-f.wav,/Users/monujgogoi/Downloads/kathbath/bengali/wavs/844424932350882-1084-f.wav,6.6409375,টায়ার পাংচার করে কিছুক্ষণ পর চাকা পাল্টানোর কাজে সহায়তা করতে তিনি নিজেই এগিয়ে যান,টায়ার পাংচার করে কিছুক্ষণ পর চাকা পাল্টানোর কাজে সহায়তা করতে তিনি নিজেই এগিয়ে যান।,0.0714,0.0141,ok
kathbath/bengali/wavs/844424932678098-725-f.wav,/Users/monujgogoi/Downloads/kathbath/bengali/wavs/844424932678098-725-f.wav,7.3375,অন্যায় ভাবে ছাত্রশিবির রাজশাহী মহানগরী সভাপতি মঞ্জুরুল ইসলামকে গ্রেপ্তার ও সাজানো অস্ত্র উদ্ধার নাটকের,অন্যায়ভাবে ছাত্রশিবিরে রাজশাহী মহানগরী সভাপতি মঞ্জুরুল ইসলামকে গ্রেফতার ও সাজানো অস্ত্র উদ্ধার নাটকের।,0.3571,0.0444,ok
kathbath/bengali/wavs/844424932523510-37-f.wav,/Users/monujgogoi/Downloads/kathbath/bengali/wavs/844424932523510-37-f.wav,10.42575,করোনাভাইরাস মোকাবিলায় সরকারি নির্দেশনা মানলে বাংলাদেশের পরিস্থিতি ইউরোপী দেশগুলো মতো হবে না বলে,করোনাভাইরাস মোকাবিলায় সরকারি নির্দেশনা মানলে বাংলাদেশের পরিস্থিতি ইউরোপী দেশগুলোর মতো হবে না বলে।,0.1538,0.0238,ok
kathbath/bengali/wavs/844424932675169-725-f.wav,/Users/monujgogoi/Downloads/kathbath/bengali/wavs/844424932675169-725-f.wav,4.8994375,ছবিটি পরিচালনা করছেন পরমব্রত চট্টোপাধ্যায়। শুরু হয়ে গিয়েছে ছবির শুটিং,ছবিটি পরিচালনা করছেন পরমব্রত চট্টোপাধ্যায়। শুরু হয়ে গিয়েছে ছবির শুটিং।,0.1,0.0159,ok
kathbath/bengali/wavs/844424933095895-725-f.wav,/Users/monujgogoi/Downloads/kathbath/bengali/wavs/844424933095895-725-f.wav,3.3436875,আমাকে সরিয়ে দিয়ে সে আমার শরীরটাকে ব্যবহার করবে,আমাকে সরিয়ে দিয়ে সে আমার শরীরটাকে ব্যবহার করবে।,0.125,0.0244,ok
kathbath/bengali/wavs/844424932678036-725-f.wav,/Users/monujgogoi/Downloads/kathbath/bengali/wavs/844424932678036-725-f.wav,5.2245,১৯৯৪ সালে ভুয়ো পর্তুগিজ পাসপোর্ট দেখিয়ে ভারতে ঢুকেছিল মাসুদ আজহার,১৯৯৪ সালে ভুয়ো পর্তুগিজ পাসপোর্ট দেখিয়ে ভারতে ঢুকেছিল মাসুদ আজহার।,0.1,0.0172,ok
kathbath/bengali/wavs/844424932340038-1084-f.wav,/Users/monujgogoi/Downloads/kathbath/bengali/wavs/844424932340038-1084-f.wav,7.73225,কর্মশালায় বিশেষ অতিথির বক্তব্য রাখেন খাদ্য মন্ত্রণালয় সম্পর্কিত সংসদীয় স্থায়ী কমিটির সভাপতি মো,কর্মশালায় বিশেষ অতিথির বক্তব্য রাখেন খাদ্য মন্ত্রণালয় সম্পর্কিত সংসদীয় স্থায়ী কমিটির সভাপতি মোঃ।,0.0769,0.0233,ok
kathbath/bengali/wavs/844424932346204-436-f.wav,/Users/monujgogoi/Downloads/kathbath/bengali/wavs/844424932346204-436-f.wav,5.9675625,সংসদীয় কমিটির সভা উন্নত দেশ হিসেবে প্রতিষ্ঠায় অর্থনৈতিক কূটনীতি জোরদারের সুপারিশ,সংসদীয় কমিটির সভা উন্নত দেশ হিসেবে প্রতিষ্ঠায় অর্থনৈতিক কূটনীতি জোরদারের সুপারিশ।,0.0909,0.0139,ok
kathbath/bengali/wavs/844424932843807-725-f.wav,/Users/monujgogoi/Downloads/kathbath/bengali/wavs/844424932843807-725-f.wav,6.2461875,বিকাল পৌনে ৪ টায় ইসির সম্মেলন কক্ষে ব্রিফিংয়ে ইসির ভারপ্রাপ্ত সচিব মো,বিকাল পৌনে চারটায় ইসির সম্মেলন কক্ষে ব্রিফিংয়ে ইসির ভারপ্রাপ্ত সচিব মো।,0.25,0.0667,ok
kathbath/bengali/wavs/844424931123484-92-f.wav,/Users/monujgogoi/Downloads/kathbath/bengali/wavs/844424931123484-92-f.wav,5.6424375,কে এম কামরুজ্জামান সেলিমের সভাপতিত্বে আলোচনাসভায় পুলিশ সুপার মো,কে এম কামরুজ্জামান সেলিমের সভাপতিত্বে আলোচনা সভায় পুলিশ সুপার মো।,0.3333,0.0179,ok
kathbath/bengali/wavs/844424931123506-92-f.wav,/Users/monujgogoi/Downloads/kathbath/bengali/wavs/844424931123506-92-f.wav,6.57125,তৃণমূল বিধায়ক শিখা মিত্র দলত্যাগ করে কংগ্রেসে যোগ দেওয়ায় দলত্যাগ বিরোধি,তৃণমূল বিধায়ক শিখা মিত্র দলত্যাগ করে কংগ্রেসে যোগ দেওয়ায় দলত্যাগ বিরোধী।,0.0909,0.0312,ok
kathbath/bengali/wavs/844424931123544-92-f.wav,/Users/monujgogoi/Downloads/kathbath/bengali/wavs/844424931123544-92-f.wav,8.3824375,সিপিবির সভাপতি মুজাহিদুল ইসলাম সেলিমের সভাপতিত্বে অনুষ্ঠিত এ সভায় শোক প্রস্তাব উত্থাপন করেন মো,সিপিবির সভাপতি মুজায়িদুল ইসলাম সেলিমের সভাপতিত্বে অনুষ্ঠিত এ সভায় শোক প্রস্তাব উত্থাপন করেন মো.,0.1429,0.0366,ok
kathbath/bengali/wavs/844424932803532-725-f.wav,/Users/monujgogoi/Downloads/kathbath/bengali/wavs/844424932803532-725-f.wav,4.736875,ট্রিপেল ক্যামেরা সেটআপ যুক্ত ভারতের এই সময়ের কিছু লেটেস্ট ফোন,ট্রিপল ক্যামেরা সেটআপ যুক্ত ভারতের এই সময়ের কিছু লেটেস্ট ফোন।,0.2,0.0377,ok
kathbath/bengali/wavs/844424932339445-436-f.wav,/Users/monujgogoi/Downloads/kathbath/bengali/wavs/844424932339445-436-f.wav,4.156375,দোকান থেকে বিক্রি হওয়া টিকিটে বাঁধল ১ কোটি টাকার পুরস্কার,দোকান থেকে বিক্রি হওয়া টিকিটে বাঁধলো এক কোটি টাকার পুরস্কার।,0.3,0.0816,ok
kathbath/bengali/wavs/844424932358457-436-f.wav,/Users/monujgogoi/Downloads/kathbath/bengali/wavs/844424932358457-436-f.wav,7.639375,দাবি আদায় না হওয়া পর্যন্ত প্রতিদিন বিকাল ৩ টা থেকে শাহবাগে অবস্থানের কর্মসূচি থাকলেও গতকাল সন্ধ্যায়,দাবি আদায় না হওয়া পর্যন্ত প্রতিদিন বিকাল ৩টে থেকে সাহভাগে অবস্থানের কর্মসূচি থাকলেও গতকাল সন্ধ্যায়।,0.25,0.046,ok
kathbath/bengali/wavs/844424932339453-436-f.wav,/Users/monujgogoi/Downloads/kathbath/bengali/wavs/844424932339453-436-f.wav,4.24925,আইন না মেনে শিশু দত্তক দেওয়ার অভিযোগ হোমের বিরুদ্ধে,আইন না মেনে শিশু দত্তক দেওয়ার অভিযোগ হোমের বিরুদ্ধে।,0.1111,0.0227,ok
kathbath/bengali/wavs/844424930939893-92-f.wav,/Users/monujgogoi/Downloads/kathbath/bengali/wavs/844424930939893-92-f.wav,5.7585625,যমুনা এক্সপ্রেসওয়ে ধরে এগোলে কয়েক মিটার দূরের গাড়িই ঠিকমতো ঠাওর,যমুনা এক্সপ্রেস ওয়ে ধরে এগোলে কয়েক মিটার দূরের গাড়ি ঠিকমতো ঠাওর।,0.4,0.0351,ok
kathbath/bengali/wavs/844424931185303-1116-f.wav,/Users/monujgogoi/Downloads/kathbath/bengali/wavs/844424931185303-1116-f.wav,3.784875,প্রশ্নোত্তর পর্ব বেশিদূর গড়ানোর আগেই ধরা পড়ে যান ওই শিক্ষক,প্রশ্নোত্তর পর্ব বেশি দূর গড়ানোর আগেই ধরা পড়ে যান এই শিক্ষক।,0.4,0.0392,ok
kathbath/bengali/wavs/844424932390874-1084-f.wav,/Users/monujgogoi/Downloads/kathbath/bengali/wavs/844424932390874-1084-f.wav,3.8545,কিন্তু সেই শূন্যতা কিছুটা হলেও পূরণ করে রেখেছেন আমাদের,কিন্তু সেই শূন্যতা কিছুটা হলেও পূরণ করে রেখেছেন আমাদের।,0.1111,0.0217,ok
kathbath/bengali/wavs/844424930842572-92-f.wav,/Users/monujgogoi/Downloads/kathbath/bengali/wavs/844424930842572-92-f.wav,9.009375,পরবর্তী সংবাদ বগুড়া বারপুর জামিয়া ইউসুফিয়া হাফিজিয়া মাদ্রাসা প্রাঙ্গণে তাফসিরুল মাহফিলে পাগড়ী প্রদান,পরবর্তী সংবাদ বগুড়া বারপুর জামিয়া ইউসুফিয়া হাফিজিয়া মাদ্রাসা প্রাঙ্গণে তাফসীরুল মাহফিলে পাগড়ি প্রদান,0.1538,0.0215,ok
kathbath/bengali/wavs/844424932803549-725-f.wav,/Users/monujgogoi/Downloads/kathbath/bengali/wavs/844424932803549-725-f.wav,3.7384375,বেতের জিনিস পরিস্কার করতে ম্যাজিকের মতোন কাজ করে অলিভ অয়েল,বেতের জিনিস পরিষ্কার করতে ম্যাজিকের মতন কাজ করে অলিভ অয়েল,0.2,0.04,ok
kathbath/bengali/wavs/844424932422111-37-f.wav,/Users/monujgogoi/Downloads/kathbath/bengali/wavs/844424932422111-37-f.wav,12.4226875,এনওয়াই বা বিসি মত সংক্ষিপ্তকরণ ব্যবহার করে মার্কিন যুক্তরাষ্ট্র এবং কানাডিয়ান প্রাদেশিকদের নাম বানান,এনওয়াই বা বিসি মত সংক্ষিপ্তকরণ ব্যবহার করে মার্কিন যুক্তরাষ্ট্র এবং কানাডিয়ান প্রাদেশিকদের নাম বানান।,0.0714,0.0112,ok
kathbath/bengali/wavs/844424933095827-725-f.wav,/Users/monujgogoi/Downloads/kathbath/bengali/wavs/844424933095827-725-f.wav,3.784875,পরিষ্কার বা ক্ষমা চাওয়ার সবচেয়ে উপযুক্ত ফলাফল হওয়া উচিত,পরিষ্কার বা ক্ষমা চাওয়ার সবচেয়ে উপযুক্ত ফলাফল হওয়া উচিত।,0.1111,0.02,ok
kathbath/bengali/wavs/844424932676645-725-f.wav,/Users/monujgogoi/Downloads/kathbath/bengali/wavs/844424932676645-725-f.wav,3.784875,সুন্দরবনে মাছ ধরতে গিয়ে ভাগ্য খুলে গেল জেলে মঞ্জুর,সুন্দরবনে মাছ ধরতে গিয়ে ভাগ্য খুলে গেল জেলে মঞ্জুর,0.0,0.0,ok
kathbath/bengali/wavs/844424932340080-1084-f.wav,/Users/monujgogoi/Downloads/kathbath/bengali/wavs/844424932340080-1084-f.wav,7.5929375,জঙ্গি সংগঠনটিকে সমর্থনের অভিযোগে দেশটির ওপর চাপ আরো বাড়িয়েছেন মার্কিন পররাষ্ট্রমন্ত্রী,জঙ্গি সংগঠনটিকে সমর্থনের অভিযোগে দেশটির উপর চাপ আরও বাড়িয়েছেন মার্কিন পররাষ্ট্রমন্ত্রী।,0.2727,0.0385,ok
kathbath/bengali/wavs/844424933096479-725-f.wav,/Users/monujgogoi/Downloads/kathbath/bengali/wavs/844424933096479-725-f.wav,4.736875,ভিতরে ভিতরে অবশ্য শ্রাবন্তী এনগেজমেন্ট অনুষ্ঠানের পরিকল্পনা করছেন,ভিতরে ভিতরে অবশ্য শ্রাবন্তী এনগেজমেন্ট অনুষ্ঠানের পরিকল্পনা করছেন,0.0,0.0,ok
kathbath/bengali/wavs/844424932426837-37-f.wav,/Users/monujgogoi/Downloads/kathbath/bengali/wavs/844424932426837-37-f.wav,5.6424375,মেক্সিকোতেই প্রথমে আটক হন মিলন মিয়া ও মোক্তার হোসেন,মেক্সিকোতেই প্রথম আটক হন মিলন মিয়া ও মুক্তার হোসেন।,0.3333,0.0682,ok
kathbath/bengali/wavs/844424930757954-661-f.wav,/Users/monujgogoi/Downloads/kathbath/bengali/wavs/844424930757954-661-f.wav,9.4273125,মঞ্জুরুল আলম চম্পক ও ফার্ম স্ট্রাকচার অ্যান্ড এনভায়রনমেন্ট ইঞ্জিনিয়ারিং বিভাগের প্রফেসর ড,মজরুল আলম চম্পক ও ফার্ম স্ট্রাকচার অ্যান্ড এনভায়রনমেন্ট ইঞ্জিনিয়ারিং বিভাগের প্রফেসর ডঃ।,0.1667,0.0625,ok
kathbath/bengali/wavs/844424932682803-725-f.wav,/Users/monujgogoi/Downloads/kathbath/bengali/wavs/844424932682803-725-f.wav,4.644,আপনার উদযাপন আপ হালকা মজার বার্ষিকী কোট ব্যবহার করুন,আপনার উদযাপন আপ হালকা মজার বার্ষিকী কোড ব্যবহার করুন।,0.2222,0.0455,ok
kathbath/bengali/wavs/844424932422121-37-f.wav,/Users/monujgogoi/Downloads/kathbath/bengali/wavs/844424932422121-37-f.wav,5.9675625,এ সময় তাকে উষ্ণ অভ্যর্থনার মাধ্যমে স্বাগত জানান দেশটির পররাষ্ট্রমন্ত্রী ড,এ সময় তাকে উষ্ণ অভ্যর্থনার মাধ্যমে স্বাগত জানান দেশটির পররাষ্ট্রমন্ত্রী র।,0.0909,0.0312,ok
kathbath/bengali/wavs/844424932426804-37-f.wav,/Users/monujgogoi/Downloads/kathbath/bengali/wavs/844424932426804-37-f.wav,6.3158125,বিয়ের পর থেকে সেই একইরকম গ্ল্যামারাস বলিউডের এই হাই প্রোফাইল জুটি,বিয়ের পর থেকে সেই একই রকম গ্ল্যামারাস বলিউডের এই হাই প্রোফাইল জুটি।,0.2727,0.0179,ok
kathbath/bengali/wavs/844424930784857-92-f.wav,/Users/monujgogoi/Downloads/kathbath/bengali/wavs/844424930784857-92-f.wav,5.9443125,বেলুড় মঠে দাঁড়িয়ে প্রধানমন্ত্রীর এ ধরনের মন্তব্যে জোর বিতর্ক তৈরি হল,বেলুড় মঠে দাঁড়িয়ে প্রধানমন্ত্রীর এ ধরনের মন্তব্যে জোর বিতর্ক তৈরি হলো।,0.0909,0.0328,ok
kathbath/bengali/wavs/844424931449777-906-f.wav,/Users/monujgogoi/Downloads/kathbath/bengali/wavs/844424931449777-906-f.wav,11.00625,জাতির জনক বঙ্গবন্ধু শেখ মুজিবুর রহমানের ৯৮ তম জন্মবার্ষিকি উপলক্ষে সৌদি আরবস্থ বাংলাদেশ দূতাবাস বনাম,জাতির জনক বঙ্গবন্ধু শেখ মুজিবুর রহমানের আটানব্বইতম জন্মবার্ষিকী উপলক্ষে সৌদি আরবস্থ বাংলাদেশ দূতাবাস বনাম।,0.2667,0.1163,ok
kathbath/bengali/wavs/844424933096417-725-f.wav,/Users/monujgogoi/Downloads/kathbath/bengali/wavs/844424933096417-725-f.wav,6.9891875,এদিকে মিস্টার তুঘলক অরবিন্দ কেজরিওয়াল এবং তাঁর দল আপ ঘন্টায় ঘন্টায় টুইট করছেন ক্রেডিটের জন্য,এদিকে মিস্টার তুঘলক অরবিন্দ কেজরিওয়াল এবং তার দল আপ ঘন্টায় ঘন্টায় টুইট করছেন ক্রেডিটের জন্য,0.0667,0.0123,ok
kathbath/bengali/wavs/844424932361206-1084-f.wav,/Users/monujgogoi/Downloads/kathbath/bengali/wavs/844424932361206-1084-f.wav,6.36225,মিলন হলে অনুষ্ঠিত এক সংবাদ সম্মেলনে এসব তথ্য জানান বিশ্ববিদ্যালয়ের ভিসি প্রফেসর ডা,মিলন হলে অনুষ্ঠিত এক সংবাদ সম্মেলনে এসব তথ্য জানান বিশ্ববিদ্যালয়ের ভিসি প্রফেসর ডাঃ।,0.0769,0.0282,ok
kathbath/bengali/wavs/844424931123480-92-f.wav,/Users/monujgogoi/Downloads/kathbath/bengali/wavs/844424931123480-92-f.wav,6.7338125,নির্ধারিত সময়ের মধ্যে জঙ্গিদের অর্থসাহায্য বন্ধের ব্যাপারে ইসলামাবাদ কোনও সুনির্দিষ্ট,নির্ধারিত সময়ের মধ্যে জঙ্গিদের অর্থ সাহায্য বন্ধের ব্যাপারে ইসলামাবাদ কোনও সুনির্দিষ্ট।,0.3,0.013,ok
kathbath/bengali/wavs/844424932676690-725-f.wav,/Users/monujgogoi/Downloads/kathbath/bengali/wavs/844424932676690-725-f.wav,4.8065625,তারপর দেখা যাবে মেথিবীজ অঙ্কুরিত হয়েছে এবং সেই বীজগুলো খাওয়া যেতে পারে,তারপর দেখা যাবে মেথি বীজ অঙ্কুরিত হয়েছে এবং সেই বীজগুলো খাওয়া যেতে পারে।,0.25,0.0164,ok
kathbath/bengali/wavs/844424931382762-1116-f.wav,/Users/monujgogoi/Downloads/kathbath/bengali/wavs/844424931382762-1116-f.wav,5.596,হার্পো মায়ানমারের সাথে সাক্ষাৎ করে হার্পো মার্কসের কাছে অস্কার লেভান্ট,হার্প মায়ানমারের সাথে সাক্ষাৎ করে হার্প মার্কসদের কাছে অস্কার লেভান্ট।,0.4,0.0645,ok
kathbath/bengali/wavs/844424932355629-436-f.wav,/Users/monujgogoi/Downloads/kathbath/bengali/wavs/844424932355629-436-f.wav,5.503125,বিএনপি মহাসচিব মির্জা ফখরুল ইসলাম আলমগীরের আসন শূন্য ঘোষণা,বিএনপি মহাসচিব মির্জা ফখরুল ইসলাম আলমগীরের আসন শূন্য ঘোষণা।,0.1111,0.02,ok
kathbath/bengali/wavs/844424930939890-92-f.wav,/Users/monujgogoi/Downloads/kathbath/bengali/wavs/844424930939890-92-f.wav,5.2245,গহনা বিক্রি করে টাকা না দেওয়ায় স্ত্রীর কব্জি কাটল স্বামী,গহনা বিক্রি করে টাকা না দেওয়ায় স্ত্রীর কব্জি কাটলো স্বামী।,0.2,0.0408,ok
kathbath/bengali/wavs/844424930939900-92-f.wav,/Users/monujgogoi/Downloads/kathbath/bengali/wavs/844424930939900-92-f.wav,5.99075,মুন্সীগগেঞ্জর সন্তান যারা ভাষা আন্দোলনে ঢাকায় অংশগ্রহণ করেন এদের মধ্যে মো,মুন্সিগঞ্জের সন্তান যারা ভাষা আন্দোলনে ঢাকায় অংশগ্রহণ করেন এদের মধ্যে মো।,0.1818,0.0781,ok
kathbath/bengali/wavs/844424930757956-661-f.wav,/Users/monujgogoi/Downloads/kathbath/bengali/wavs/844424930757956-661-f.wav,12.0511875,গবেষক এরিক হার্মার্ন যিনি ইংরেজি শিক্ষাবিদদের শিক্ষাদানের ওয়েবসাইট পরিচালনা করেন একটি সংক্ষিপ্ত বিবরণে ব্যাখ্যা করেছেন,গবেষক এরিক হারমন যিনি ইংরেজি শিক্ষাবিদদের শিক্ষাদানের ওয়েবসাইট পরিচালনা করেন একটি সংক্ষিপ্ত বিবরণে ব্যাখ্যা করেছেন।,0.1333,0.0476,ok
kathbath/bengali/wavs/844424932340073-1084-f.wav,/Users/monujgogoi/Downloads/kathbath/bengali/wavs/844424932340073-1084-f.wav,5.317375,২৫ তম বিবাহ বার্ষিকী পালন করলেন মাস্টার ব্লাস্টার সচিন তেন্ডুলকর,পঁচিশতম বিবাহবার্ষিকী পালন করলেন মাস্টার ব্লাস্টার সচিন তেন্ডুলকর।,0.5,0.1091,ok
kathbath/bengali/wavs/844424931123531-92-f.wav,/Users/monujgogoi/Downloads/kathbath/bengali/wavs/844424931123531-92-f.wav,5.24775,ডিন্ডার আগুন ও মনোজদের প্রত্যয়ী ব্যাটিং বাংলাকে ম্যাচে ফিরিয়ে আনল,ডিন্ডার আগুন ও মনোজদের প্রত্যয়ী ব্যাটিং বাংলাকে ম্যাচে ফিরিয়ে আনলো।,0.1,0.0345,ok
kathbath/bengali/wavs/844424932339510-436-f.wav,/Users/monujgogoi/Downloads/kathbath/bengali/wavs/844424932339510-436-f.wav,4.760125,দেশে ২০২০ সালে কাতার চ্যারিটির সেবা পেয়েছে ৭ লাখ মানুষ,দেশে 2020 সালে কাতার চ্যারিট্রির সেবা পেয়েছে 7 লাখ মানুষ।,0.4,0.1739,ok
kathbath/bengali/wavs/844424931285041-906-f.wav,/Users/monujgogoi/Downloads/kathbath/bengali/wavs/844424931285041-906-f.wav,6.269375,রাশিয়া থেকে ঘুরে এসে প্রতিবেদন তৈরি করেছেন হাসান শিপলু,রাশিয়া থেকে ঘুরে এসে প্রতিবেদন তৈরি করেছেন হাসান শিপলু।,0.1111,0.0213,ok
kathbath/bengali/wavs/844424932804702-725-f.wav,/Users/monujgogoi/Downloads/kathbath/bengali/wavs/844424932804702-725-f.wav,5.2709375,অষ্টাদশ শতকে কলকাতার দিকে নজর রাখতে চুনার ফোর্ট ব্যবহার করত ব্রিটিশরা,১৪ শতকে কলকাতার দিকে নজর রাখতে চুনার ফোর্ট ব্যবহার করত ব্রিটিশরা।,0.1818,0.1356,ok
kathbath/bengali/wavs/844424932803560-725-f.wav,/Users/monujgogoi/Downloads/kathbath/bengali/wavs/844424932803560-725-f.wav,3.2275625,যেই পথ দিয়ে তুমি হাত ধরে কত আমার চলেছ,যেই পথ দিয়ে তুমি হাত ধরে কত আমার চলেছো।,0.1111,0.0667,ok
kathbath/bengali/wavs/844424931123530-92-f.wav,/Users/monujgogoi/Downloads/kathbath/bengali/wavs/844424931123530-92-f.wav,4.82975,পাঁচ বছর বয়সে পাইলট হয়ে গিনিসবুকে চিনের দুষ্টু ছেলে,5 বছর বয়সে পাইলট হয়ে গিনিস বুকে চীনের দুষ্টু ছেলে।,0.5556,0.1333,ok
kathbath/bengali/wavs/844424932394604-37-f.wav,/Users/monujgogoi/Downloads/kathbath/bengali/wavs/844424932394604-37-f.wav,3.8080625,আমি আশা করি বিভাজনের উপর এই তথ্য সাহায্য করবে,আমি আশা করি বিভাজনের উপর এই তথ্য সাহায্য করবে।,0.1111,0.027,ok
kathbath/bengali/wavs/844424932678045-725-f.wav,/Users/monujgogoi/Downloads/kathbath/bengali/wavs/844424932678045-725-f.wav,4.945875,দুস্থদের কল্যাণে যুক্তরাষ্ট্রে বাফলার ৩০ লাখ টাকা তহবিল সংগ্রহ,দুঃস্থদের কল্যাণে যুক্তরাষ্ট্রে বাফলার ৩০ লাখ টাকা তহবিল সংগ্রহ।,0.2222,0.037,ok
kathbath/bengali/wavs/844424930841709-70-f.wav,/Users/monujgogoi/Downloads/kathbath/bengali/wavs/844424930841709-70-f.wav,12.5388125,বগুড়ায় স্বরাষ্ট্রমন্ত্রীর কাছে ত্মসমর্পণ করল নব্য জেএমবির ২ সদস্য,বগুড়ায় স্বরাষ্ট্রমন্ত্রীর কাছে তো সমর্পণ করল নব্ব জেএমবির দুই সদস্য।,0.5556,0.1186,ok
kathbath/bengali/wavs/844424932676674-725-f.wav,/Users/monujgogoi/Downloads/kathbath/bengali/wavs/844424932676674-725-f.wav,3.9009375,এ ব্যাপারে বরিশাল সদর ফায়ার সার্ভিসের স্টেশন অফিসার মো,এ ব্যাপারে বরিশাল সদর ফায়ার সার্ভিসের স্টেশন অফিসার মো।,0.1111,0.0213,ok
kathbath/bengali/wavs/844424932390867-1084-f.wav,/Users/monujgogoi/Downloads/kathbath/bengali/wavs/844424932390867-1084-f.wav,5.82825,প্ৰবীণার অর্থ নিতে অস্বীকার করে মানবিকতা দেখাল সশস্ত্ৰ ডাকাত,প্রবীণার অর্থনীতি অস্বীকার করে মানবিকতা দেখালো সশস্ত্র ডাকাত।,0.6667,0.1154,ok
kathbath/bengali/wavs/844424930842581-92-f.wav,/Users/monujgogoi/Downloads/kathbath/bengali/wavs/844424930842581-92-f.wav,5.2709375,প্রিয়া সাহাকে গ্রেপ্তার করা হবে কি না জানতে চেয়ে ওয়াশিংটন থেকে ফোন,প্রিয়া সাহাকে গ্রেপ্তার করা হবে কিনা জানতে চেয়ে ওয়াশিংটন থেকে ফোন।,0.25,0.0172,ok
kathbath/bengali/wavs/844424931449815-906-f.wav,/Users/monujgogoi/Downloads/kathbath/bengali/wavs/844424931449815-906-f.wav,6.9891875,ভারতের বেসরকারী সৌরবিদ্যুৎ সংস্থাগুলির জন্য নাবার্ডের ১০০ মিলিয়ন ডলারের সহায়তা,ভারতের বেসরকারি সৌরবিদ্যুৎ সংস্থাগুলির জন্য নাবার্ডের 100 মিলিয়ন ডলারের সহায়তা।,0.3,0.0704,ok
kathbath/bengali/wavs/844424932325709-436-f.wav,/Users/monujgogoi/Downloads/kathbath/bengali/wavs/844424932325709-436-f.wav,5.2941875,ভূপতির আইপিএলে খেললে এক রাতে ৬ কোটি টাকারও বেশি পাবেন নাদাল,ভূপতির আইপিএলে খেললে এক রাতে ৬ কোটি টাকারও বেশি পাবেন নাদাল।,0.0909,0.0204,ok
kathbath/bengali/wavs/844424932355666-436-f.wav,/Users/monujgogoi/Downloads/kathbath/bengali/wavs/844424932355666-436-f.wav,6.2229375,প্রাক্তন অজি পেসার মিচেল জনসনকে ২ কোটি দিয়ে নিল মুম্বই ইন্ডিয়ান্স,প্রাক্তন অজি প্রেসার মিচেল জনসনকে দু কোটি দিয়ে নিল মুম্বই ইন্ডিয়ান্স।,0.2727,0.0877,ok
kathbath/bengali/wavs/844424932474904-37-f.wav,/Users/monujgogoi/Downloads/kathbath/bengali/wavs/844424932474904-37-f.wav,3.2508125,মূলত যে বিষয়ের ওপর ভিত্তি করে তৈরি হয় রিপোর্ট,মূলত যে বিষয়ের উপর ভিত্তি করে তৈরি হয় রিপোর্ট।,0.2222,0.0513,ok
kathbath/bengali/wavs/844424932339456-436-f.wav,/Users/monujgogoi/Downloads/kathbath/bengali/wavs/844424932339456-436-f.wav,5.897875,তাকে জেরা করেই ঘটনার কিনারা করা সম্ভব বলেই আশা তদন্তকারীদের,তাকে জেরা করেই ঘটনার কিনারা করা সম্ভব বলেই আশা তদন্তকারীদের।,0.1,0.02,ok
kathbath/bengali/wavs/844424932339429-436-f.wav,/Users/monujgogoi/Downloads/kathbath/bengali/wavs/844424932339429-436-f.wav,4.5046875,তবে এই বিষয়ে সরকার এখনও কোনও সিদ্ধান্ত গ্রহণ করেনি,তবে এই বিষয়ে সরকার এখনও কোনও সিদ্ধান্ত গ্রহণ করেনি।,0.1111,0.0233,ok
kathbath/bengali/wavs/844424930784860-92-f.wav,/Users/monujgogoi/Downloads/kathbath/bengali/wavs/844424930784860-92-f.wav,6.4319375,২৮ দিন ধরে চলা পার্শ্ব শিক্ষকদের অনশন প্রত্যাহার হলো আজ,28 দিন ধরে চলা পার্শ্ব শিক্ষকদের অনশন প্রত্যাহার হলো আজ।,0.2,0.0652,ok
kathbath/bengali/wavs/844424930939887-92-f.wav,/Users/monujgogoi/Downloads/kathbath/bengali/wavs/844424930939887-92-f.wav,5.2709375,দক্ষিণ আফ্রিকার মাটিতে প্রোটিয়া বধ করে ইতিহাস ভারতের মেয়েদের,দক্ষিণ আফ্রিকার মাটিতে প্রোটিয়া বধ করে ইতিহাস ভারতের মেয়েদের।,0.1111,0.0185,ok
kathbath/bengali/wavs/844424932678034-725-f.wav,/Users/monujgogoi/Downloads/kathbath/bengali/wavs/844424932678034-725-f.wav,5.6656875,ক্লাব বার্সেলোনার হয়ে এমন কিছু নেই যা অর্জন করেননি আর্জেন্টাইন খুদে জাদুকর,ক্লাব বার্সেলোনার হয়ে এমন কিছু নেই যা অর্জন করেননি আর্জেন্টাইন ক্ষুদে জাদুকর।,0.1667,0.0625,ok
kathbath/bengali/wavs/844424932422067-37-f.wav,/Users/monujgogoi/Downloads/kathbath/bengali/wavs/844424932422067-37-f.wav,6.8266875,সন্ত্ৰাসী ও আশ্ৰয়দাতাদের শিকড় উপড়ে ফেলতে বদ্ধপরিকর সেনাঃ মোদি,সন্ত্রাসী ও আশ্রয়দাতাদের শিকর উবড়ে ফেলতে বদ্ধপরিকর সেনা মোদী।,0.6667,0.1429,ok
kathbath/bengali/wavs/844424930842589-92-f.wav,/Users/monujgogoi/Downloads/kathbath/bengali/wavs/844424930842589-92-f.wav,6.5248125,অনুষ্ঠানে প্রধান অতিথি হিসেবে উপস্থিত থেকে মেধাবী শিক্ষার্থীদের হাতে পুরস্কার তুলে দেন,অনুষ্ঠানে প্রধান অতিথি হিসেবে উপস্থিত থেকে মেধাবী শিক্ষার্থীদের হাতে পুরস্কার তুলে দেন।,0.0833,0.0133,ok
kathbath/bengali/wavs/844424932390887-1084-f.wav,/Users/monujgogoi/Downloads/kathbath/bengali/wavs/844424932390887-1084-f.wav,6.1533125,অস্ট্রেলিয়ার সিডনিতে সড়ক দুর্ঘটনায় এক যাত্রীর মৃত্যুর ঘটনায় বাংলাদেশি,অস্ট্রেলিয়ার সিডনিতে সড়ক দুর্ঘটনায় এক যাত্রীর মৃত্যুর ঘটনায় বাংলাদেশী।,0.1111,0.0308,ok
kathbath/bengali/wavs/844424932804651-725-f.wav,/Users/monujgogoi/Downloads/kathbath/bengali/wavs/844424932804651-725-f.wav,4.9923125,তিনি তো তখন রুদ্যমান পারিষদগণের দ্বারা বেষ্টিত হইয়া সভার মধ্যে,তিনি তো তখন রুদ্ধমান পারিষদগণের দ্বারা বেষ্টিত হইয়া সভার মধ্যে।,0.2,0.037,ok
kathbath/bengali/wavs/844424932390886-1084-f.wav,/Users/monujgogoi/Downloads/kathbath/bengali/wavs/844424932390886-1084-f.wav,5.24775,যে ক্রেতা ক্রয়কারীগুলিকে ক্রয় করতে অনুপ্রাণিত করে তা বোঝা,যে ক্রেতা ক্রয়কারীগুলিকে ক্রয় করতে অনুপ্রাণিত করে তা বোঝা।,0.1111,0.0196,ok
kathbath/bengali/wavs/844424930841701-70-f.wav,/Users/monujgogoi/Downloads/kathbath/bengali/wavs/844424930841701-70-f.wav,10.24,আশুগঞ্জ ওসির অপসারণ চেয়ে ৭ ইউপি চেয়ারম্যানের সংবাদ সম্মেলন,আশুগঞ্জ ওসির অপসারণ চেয়ে সাত ইউপি চেয়ারম্যানের সংবাদ সম্মেলন।,0.2222,0.0769,ok
kathbath/bengali/wavs/844424932334526-1084-f.wav,/Users/monujgogoi/Downloads/kathbath/bengali/wavs/844424932334526-1084-f.wav,4.922625,চুক্তিতে সিলেট গ্যাস ফিল্ডসের পক্ষে মহাব্যবস্থাপক ও কোম্পানি সচিব মো,চুক্তিতে সিলেট গ্যাস প্রিন্সের পক্ষে মহাব্যবস্থাপক ও কোম্পানির সচিব মো।,0.3,0.1186,ok
kathbath/bengali/wavs/844424933095848-725-f.wav,/Users/monujgogoi/Downloads/kathbath/bengali/wavs/844424933095848-725-f.wav,7.244625,আগামীদিনে এই দুটি প্রতিষ্ঠানে মেয়াদোত্তীর্ণ পণ্য পাওয়া গেলে তাদের বিরুদ্ধে কঠোর ব্যবস্থা গ্রহণ করা হবে,আগামী দিনে এই দুটি প্রতিষ্ঠানে মেয়াদ উত্তীর্ণ পণ্য পাওয়া গেলে তাদের বিরুদ্ধে কঠোর ব্যবস্থা গ্রহণ করা হবে।,0.3333,0.0222,ok
kathbath/bengali/wavs/844424933095837-725-f.wav,/Users/monujgogoi/Downloads/kathbath/bengali/wavs/844424933095837-725-f.wav,5.8746875,ফলে একটা আমেজি সপ্তাহান্ত কাটাতে তাঁরা সন্ধের পর বৃষ্টি বাদলা চাইছেন বৈকি,ফলে একটা আমেজি সপ্তাহান্ত কাটাতে তারা সন্ধ্যের পর বৃষ্টি বাদলা চাইছেন বৈকি।,0.25,0.0645,ok
kathbath/bengali/wavs/844424930842585-92-f.wav,/Users/monujgogoi/Downloads/kathbath/bengali/wavs/844424930842585-92-f.wav,7.4071875,এদিকে সকালে ভোটের ট্রেন্ড সামনে আসতেই আদিত্যকে মুখ্যমন্ত্রী করার ব্যাপারে চাপ বাড়াতে থাকে শিবসেনা,এদিকে সকালে ভোটের ট্রেন্ড সামনে আসতে আদিত্যকে মুখ্যমন্ত্রী করার ব্যাপারে চাপ বাড়াতে থাকে শিবসেনা।,0.1429,0.0235,ok
kathbath/bengali/wavs/844424931185277-1116-f.wav,/Users/monujgogoi/Downloads/kathbath/bengali/wavs/844424931185277-1116-f.wav,6.19975,এই প্রোডাক্ট গুলি যদি আপনি আজ কেনেন তবে আপনার বেশ কিছু টাকা আজ বাচাতে পারেবন,এই প্রোডাক্টগুলি যদি আপনি আজ কেনেন তবে আপনার বেশ কিছু টাকা আজ বাঁচাতে পারবেন।,0.2667,0.0645,ok
kathbath/bengali/wavs/844424932426843-37-f.wav,/Users/monujgogoi/Downloads/kathbath/bengali/wavs/844424932426843-37-f.wav,3.8545,ভারতীয় দল টুর্নামেন্ট শেষ করল মোট ১২ টি সোনা জিতে,দ্বিতীয় দল টুর্নামেন্ট শেষ করল মোট বারোটি সোনা জিতে।,0.4,0.2195,ok
kathbath/bengali/wavs/844424932332258-436-f.wav,/Users/monujgogoi/Downloads/kathbath/bengali/wavs/844424932332258-436-f.wav,5.4566875,আরও পড়ুন করোনার কবলে কোয়েল মল্লিক আর তাঁর গোটা পরিবার,আরও পড়ুন করোনার কবলে কোয়েল মল্লিক আর তার গোটা পরিবার।,0.2,0.0435,ok
kathbath/bengali/wavs/844424930842571-92-f.wav,/Users/monujgogoi/Downloads/kathbath/bengali/wavs/844424930842571-92-f.wav,5.340625,প্রতিবেদনে তথ্য দিয়ে সহায়তা করেছেন দিল্লী থেকে রোহিত ওয়াধওয়ানি,অনুবেদনের তথ্য দিয়ে সহায়তা করেছেন দিল্লি থেকে রোহিত ওহাধনী।,0.3333,0.2586,ok
kathbath/bengali/wavs/844424932682807-725-f.wav,/Users/monujgogoi/Downloads/kathbath/bengali/wavs/844424932682807-725-f.wav,5.503125,ঠিক কী কারণে বিচ্ছেদ হয়েছে সেই কারণ এখনও পর্যন্ত স্পষ্ট করে জানাননি কেউই,ঠিক কি কারণে বিচ্ছেদ হয়েছে সেই কারণ এখনো পর্যন্ত স্পষ্ট করে জানাননি কেউ।,0.2308,0.0492,ok
kathbath/bengali/wavs/844424932678101-725-f.wav,/Users/monujgogoi/Downloads/kathbath/bengali/wavs/844424932678101-725-f.wav,3.5526875,সব হোম ব্যবসায়ীরা একই সাথে আচরণ করা হয় না,সব হোম ব্যবসায়ীরা একই সাথে আচরণ করা হয় না।,0.1111,0.0286,ok
kathbath/bengali/wavs/844424932523537-37-f.wav,/Users/monujgogoi/Downloads/kathbath/bengali/wavs/844424932523537-37-f.wav,6.269375,প্রিপেইড গ্রাহকদের ৩০ দিনের জন্য প্রতিদিন ১ জিবি করে ফ্রি ডেটা দিচ্ছে,প্রিপেইড গ্রাহকদের 30 দিনের জন্য প্রতিদিন 1 GB করে ফ্রি ডেটা দিচ্ছে।,0.3333,0.1379,ok
kathbath/bengali/wavs/844424932803604-725-f.wav,/Users/monujgogoi/Downloads/kathbath/bengali/wavs/844424932803604-725-f.wav,5.1780625,তার সত্যবাদী কন্যা কর্ডেলিয়া এবং তার বন্ধ সহকারী কেন্ট বিনিময় যখন,তার সত্যবাদী কন্যা কর্ডেলিয়া এবং তার বন্ধু সহকারী কেন্ট বিনিময়ে যখন।,0.2727,0.0526,ok
kathbath/bengali/wavs/844424932497995-37-f.wav,/Users/monujgogoi/Downloads/kathbath/bengali/wavs/844424932497995-37-f.wav,6.106875,তরুন খান্না অভিযোগ করেছিলেন সুশান্ত সিং রাজপুতকে খুন করা হয়েছিল,তরুণ খান্না অভিযোগ করেছিলেন সুশান্ত সিং রাজপুতকে খুন করা হয়েছিল,0.1,0.0182,ok
kathbath/bengali/wavs/844424933095809-725-f.wav,/Users/monujgogoi/Downloads/kathbath/bengali/wavs/844424933095809-725-f.wav,4.8761875,দুই প্রতিবেশী রাষ্ট্রের সামরিক বিরোধ বিপরীতচেতনায় শক্তি জোগায়,দুই প্রতিবেশী রাষ্ট্রে সামরিক বিরোধ বিপরীত চেতনায় শক্তি জোগায়।,0.5,0.0357,ok
kathbath/bengali/wavs/844424930841695-70-f.wav,/Users/monujgogoi/Downloads/kathbath/bengali/wavs/844424930841695-70-f.wav,9.8685,নাগরিকত্ব আইন সংক্রান্ত ভুয়ো খবর রুখতে সোশ্যাল মিডিয়ায় কড়া নজর পুলিশের,নাগরিকত্ব আইন সংক্রান্ত ভুয়ো খবর রুখতে সোশ্যাল মিডিয়ায় কড়া নজর পুলিশের।,0.0909,0.0156,ok
kathbath/bengali/wavs/844424932327609-1084-f.wav,/Users/monujgogoi/Downloads/kathbath/bengali/wavs/844424932327609-1084-f.wav,5.108375,সুধীর বিশ্বাস মারা যাওয়ার পর সমরেশই তাঁর পরিবারের অভিভাবক হয়ে,সুধীর বিশ্বাস মারা যাওয়ার পর সমরেশী তার পরিবারের অভিভাবক হয়ে।,0.3,0.0556,ok
kathbath/bengali/wavs/844424930939838-92-f.wav,/Users/monujgogoi/Downloads/kathbath/bengali/wavs/844424930939838-92-f.wav,5.41025,এসময় অন্যান্যের মধ্যে মাধ্যমিক ও উচ্চ শিক্ষা বিভাগের সচিব মো,এ সময় অন্যান্যের মধ্যে মাধ্যমিক ও উচ্চশিক্ষা বিভাগের সচিব মো।,0.5,0.0192,ok
kathbath/bengali/wavs/844424932350836-1084-f.wav,/Users/monujgogoi/Downloads/kathbath/bengali/wavs/844424932350836-1084-f.wav,5.340625,ঠাকুমা তেজি বচ্চনকে নিয়ে শ্বেতার নস্টালজিক টুইটে মুগ্ধ নেটিজেনরা,ঠাকুমা তেজী বচ্চনকে নিয়ে সে তার নস্টালজিক টুইটে মুগ্ধ নেটিজেনরা।,0.4444,0.0877,ok
kathbath/bengali/wavs/844424932327554-1084-f.wav,/Users/monujgogoi/Downloads/kathbath/bengali/wavs/844424932327554-1084-f.wav,8.010875,মিজানুর রহমান মধ্যরাতে রাজবাড়ীতে শীতার্ত ছিন্নমূল ও দুস্থ মানুষের মধ্যে কম্বল বিতরণ করেন,মিজানুর রহমন মধ্যরাতে রাজবাড়িতে শীতার্থ ছিন্নমূল ও দুস্থ মানুষের মধ্যে কম্বল বিতরণ করেন।,0.3077,0.0519,ok
kathbath/bengali/wavs/844424931449774-906-f.wav,/Users/monujgogoi/Downloads/kathbath/bengali/wavs/844424931449774-906-f.wav,6.873125,এ রায় দ্রুত কার্যকরের দাবি জানিয়েছেন নিহত চন্দন সরকারের মেয়ে ডা,এ রায় দ্রুত কার্যকরের দাবি জানিয়েছেন নিহত চন্দন সরকারের মেয়ে ডক্টর।,0.0909,0.0893,ok
kathbath/bengali/wavs/844424932675197-725-f.wav,/Users/monujgogoi/Downloads/kathbath/bengali/wavs/844424932675197-725-f.wav,4.8761875,শেয়ারবাজারে দরপতনে ১৬ দিনে হারিয়েছে ২২ হাজার কোটি টাকা,শেয়ার বাজারে দরপতনে ষোলো দিনে হারিয়েছে বাইশ হাজার কোটি টাকা।,0.5556,0.1875,ok
kathbath/bengali/wavs/844424932803538-725-f.wav,/Users/monujgogoi/Downloads/kathbath/bengali/wavs/844424932803538-725-f.wav,7.0124375,নাম পরিবর্তনের কারণ সম্পর্কে জানতে চাইলে অনুষদটির ইমার্জেন্সি ম্যানেজমেন্ট বিভাগের সাবেক চেয়ারম্যান মো,নাম পরিবর্তনের কারণ সম্পর্কে জানতে চাইলে ঊনষত্রির ইমারজেন্সি ম্যানেজমেন্ট বিভাগের সাবেক চেয়ারম্যান মো।,0.2308,0.0769,ok
kathbath/bengali/wavs/844424933096423-725-f.wav,/Users/monujgogoi/Downloads/kathbath/bengali/wavs/844424933096423-725-f.wav,4.365375,এর আগে ওয়েস্ট ইন্ডিজ প্রথমে ব্যাট করতে নেমে করে ২৬১ রান,এর আগে ওয়েস্ট ইন্ডিজ প্রথমে ব্যাট করতে নেমে করে ২৬১ রান।,0.0909,0.0217,ok
kathbath/bengali/wavs/844424932350853-1084-f.wav,/Users/monujgogoi/Downloads/kathbath/bengali/wavs/844424932350853-1084-f.wav,4.82975,সিরাজগঞ্জে নিখোঁজের দুই দিন পর মিলল তাঁত শ্রমিকের লাশ,সিরাজগঞ্জে নিখোঁজের দুই দিন পর মিলল তাঁত শ্রমিকের লাশ।,0.1111,0.0222,ok
kathbath/bengali/wavs/844424932422055-37-f.wav,/Users/monujgogoi/Downloads/kathbath/bengali/wavs/844424932422055-37-f.wav,9.68275,জিয়া চ্যারিটেবল ট্রাস্ট দুর্নীতি মামলার তদন্তকারী কর্মকর্তাকে তিন প্রশ্নের ওপর জেরা করার সুযোগ পেলেন বিএনপি,জিয়া চ্যারিটেবল ট্রাস্ট দুর্নীতি মামলার তদন্তকারী কর্মকর্তাকে তিন প্রশ্নের উপর জেরা করার সুযোগ পেলেন বিএনপি।,0.1333,0.0213,ok
kathbath/bengali/wavs/844424932390936-1084-f.wav,/Users/monujgogoi/Downloads/kathbath/bengali/wavs/844424932390936-1084-f.wav,6.0604375,এই সময়ে তাঁর অনুপস্থিতিতে সুপ্রিম কোর্ট আপিল বিভাগের জ্যেষ্ঠ বিচারপতি মো,এ সময়ে তার অনুপস্থিতিতে সুপ্রিম কোর্ট আপিল বিভাগের জ্যেষ্ঠ বিচারপতি মো।,0.2727,0.0476,ok
kathbath/bengali/wavs/844424932334565-1084-f.wav,/Users/monujgogoi/Downloads/kathbath/bengali/wavs/844424932334565-1084-f.wav,5.0619375,তবে বেলগাছিয়া এলাকায় বেশ কয়েক জন করোনা রোগীর সন্ধান মিলেছে,তবে বেলগাছিয়া এলাকায় বেশ কয়েকজন করোনা রোগীর সন্ধান মেলেছে।,0.3,0.0385,ok
kathbath/bengali/wavs/844424932474926-37-f.wav,/Users/monujgogoi/Downloads/kathbath/bengali/wavs/844424932474926-37-f.wav,8.243125,৭২ হাজার টাকায় কোরবানির ঈদ পর্যন্ত ভ্রমণপিপাসুদের বিদেশ যাওয়ার অবিশ্বাস্য সুযোগ করে,৭৫০০০ টাকায় কোরাবানির ঈদ পর্যন্ত ভ্রমণ পিপাসূদের বিদেশ যাওয়ার অবিশ্বাস সুযোগ করে।,0.5833,0.1486,ok
kathbath/bengali/wavs/844424932440899-37-f.wav,/Users/monujgogoi/Downloads/kathbath/bengali/wavs/844424932440899-37-f.wav,5.8746875,একটি হার্ড রুট উপর ভাল বিশ্রাম সাফল্য এবং ব্যর্থতার মধ্যে সব পার্থক্য তোলে,একটি হার্ড রুট উপর ভালো বিশ্রাম সাফল্য এবং ব্যর্থতার মধ্যে সব পার্থক্য তোলে।,0.1538,0.0323,ok
kathbath/bengali/wavs/844424932361167-1084-f.wav,/Users/monujgogoi/Downloads/kathbath/bengali/wavs/844424932361167-1084-f.wav,6.478375,যথাযথ ধর্মীয় ভাবগাম্ভীর্যের মধ্য দিয়ে আজ দিবাগত রাতে দেশব্যাপী পালিত হবে,যথাযথ ধর্মীয় ভাবগাম্ভীর্যের মধ্য দিয়ে আজ দিবাগত রাত্রে দেশব্যাপী পালিত হবে।,0.1818,0.0469,ok
kathbath/bengali/wavs/844424931323276-906-f.wav,/Users/monujgogoi/Downloads/kathbath/bengali/wavs/844424931323276-906-f.wav,5.1548125,১৫ দিন জলমগ্ন গুহায় আটকে থাকার পরে উদ্ধার চার কিশোর,পনেরো দিন জলমগ্ন গুহায় আটকে থাকার পরে উদ্ধার চার কিশোর।,0.2,0.1395,ok
kathbath/bengali/wavs/844424932803526-725-f.wav,/Users/monujgogoi/Downloads/kathbath/bengali/wavs/844424932803526-725-f.wav,5.6656875,১ জুলাই জাতীয় চিকিত্সক দিবসে এই ভিডিয়োটি ইনস্টাগ্রামে পোস্ট করেছিলেন ডা,1 জুলাই জাতীয় চিকিৎসক দিবসে এই ভিডিওটি ইনস্টাগ্রামে পোস্ট করেছিলেন ডাঃ।,0.3636,0.127,ok
kathbath/bengali/wavs/844424930784815-92-f.wav,/Users/monujgogoi/Downloads/kathbath/bengali/wavs/844424930784815-92-f.wav,8.336,দেখলে একজন পর্দানশীন ও ধর্মপ্রাণ নারী মনে হলেও যেভাবে তিনি মিন্নির গতিবিধি পর্যবেক্ষণ,দেখলে একজন পর্দানোশীন ও ধর্মপ্রাণ নারী মনে হলেও যেভাবে তিনি মিন্নির গতিবিধি পর্যবেক্ষণ।,0.1538,0.0274,ok
kathbath/bengali/wavs/844424932678040-725-f.wav,/Users/monujgogoi/Downloads/kathbath/bengali/wavs/844424932678040-725-f.wav,3.50625,কিডনির সমস্যা সহ একাধিক রোগে আক্রান্ত লালু প্রসাদ যাদব,কিডনি সমস্যা সহ একাধিক রোগে আক্রান্ত লালু প্রসাদ যাদব।,0.2222,0.0435,ok
kathbath/bengali/wavs/844424932346205-436-f.wav,/Users/monujgogoi/Downloads/kathbath/bengali/wavs/844424932346205-436-f.wav,5.7353125,নিজের লেখা চিঠির উত্তর প্রধানমন্ত্রীর কাছ থেকে পেয়ে আহ্লাদে আটখানা আলিগড়ের তরুণী,নিজের লেখা চিঠির উত্তর প্রধানমন্ত্রীর কাছ থেকে পেয়ে আহ্লাদে আটখানা আলিগড়ের তরুণী।,0.0833,0.0141,ok
kathbath/bengali/wavs/844424932390899-1084-f.wav,/Users/monujgogoi/Downloads/kathbath/bengali/wavs/844424932390899-1084-f.wav,5.0851875,প্যারিস হামলার নবচক্রী সভা ছক কষছিল দেড় বছর ধরে,প্যারিস হামলার নবচক্রী সভা ছক কষছিল দেড় বছর ধরে।,0.1111,0.025,ok
kathbath/bengali/wavs/844424932676681-725-f.wav,/Users/monujgogoi/Downloads/kathbath/bengali/wavs/844424932676681-725-f.wav,5.4335,এসব বিষয়ে জানতে মেসার্স শফিক অ্যান্ড ব্রাদার্সের স্বত্বাধিকারী কাউন্সিলর মো,এসব বিষয়ে জানতে মিসার্স শফিক অ্যান্ড ব্রাদার্সের স্বত্বাধিকারী কাউন্সিলর মোঃ।,0.2,0.0448,ok
kathbath/bengali/wavs/844424932805304-725-f.wav,/Users/monujgogoi/Downloads/kathbath/bengali/wavs/844424932805304-725-f.wav,4.922625,বর্তমানে সরকারি আবাসন পরিদপ্তরের পরিচালকের দায়িত্ব থাকা যুগ্ম সচিব মো,বর্তমানে সরকারি আবাসন পরিদপ্তরের পরিচালকের দায়িত্ব থাকা যুগ্ম সচিব মো।,0.1,0.0164,ok
kathbath/bengali/wavs/844424932440854-37-f.wav,/Users/monujgogoi/Downloads/kathbath/bengali/wavs/844424932440854-37-f.wav,8.7075,মন্ত্রীর সঙ্গে দায়িত্ব পালনের পাশাপাশি স্বরাষ্ট্রমন্ত্রণালয়ের করোনাভাইরাস সেলেও কাজ করে আসছিলেন তিনি,মন্ত্রীর সঙ্গে দায়িত্ব পালনের পাশাপাশি স্বরাষ্ট্র মন্ত্রণালয়ের করোনাভাইরাস সেলেও কাজ করে আসছিলেন তিনি।,0.25,0.011,ok
kathbath/bengali/wavs/844424931309498-1116-f.wav,/Users/monujgogoi/Downloads/kathbath/bengali/wavs/844424931309498-1116-f.wav,4.9923125,এছাড়া ইউএনডিপির বক্তব্য তুলে ধরে পরিকল্পনা কমিশনের সদস্য ড,এছাড়া ইউএনডিপির বক্তব্য তুলে ধরে পরিকল্পনা কমিশনের সদস্য ডঃ।,0.1111,0.0392,ok
kathbath/bengali/wavs/844424930554340-92-f.wav,/Users/monujgogoi/Downloads/kathbath/bengali/wavs/844424930554340-92-f.wav,6.0604375,ঈদের দিন ফোনে ডেকে নিয়ে যুবক খুনের ঘটনায় আটক ২,ঈদের দিন ফোনে ডেকে নিয়ে যুবক খুনের ঘটনায় আটক দুই।,0.1,0.1026,ok
kathbath/bengali/wavs/844424932682820-725-f.wav,/Users/monujgogoi/Downloads/kathbath/bengali/wavs/844424932682820-725-f.wav,5.0155,এ বিষয়ে তাড়াশ উপজেলা পরিষদের চেয়ারম্যান ও উপজেলা আওয়ামী লীগের সভাপতি মো,এ বিষয়ে তারাস উপজেলা পরিষদের চেয়ারম্যান ও উপজেলা আওয়ামী লীগের সভাপতি মোঃ।,0.1667,0.0781,ok
kathbath/bengali/wavs/844424932523533-37-f.wav,/Users/monujgogoi/Downloads/kathbath/bengali/wavs/844424932523533-37-f.wav,7.4768125,উত্তরাঞ্চল থেকে বয়ে আসা এই ঝড় ঢাকা বিভাগের ওপর দিয়ে চলে গেছে কুমিল্লা ও,উত্তরাঞ্চল থেকে বয়ে আসা এই ঝড় ঢাকা বিভাগের উপর দিয়ে চলে গেছে কুমিল্লা ও।,0.1429,0.0328,ok
kathbath/bengali/wavs/844424932678054-725-f.wav,/Users/monujgogoi/Downloads/kathbath/bengali/wavs/844424932678054-725-f.wav,3.4365625,কিন্তু কোনো সুরাহা না পেয়ে নিরুপায় হয়েই মায়া রাণী,কিন্তু কোনও সুরাহা না পেয়ে নিরুপায় হয়েই মায়ারানী।,0.3333,0.0667,ok
kathbath/bengali/wavs/844424931034404-760-f.wav,/Users/monujgogoi/Downloads/kathbath/bengali/wavs/844424931034404-760-f.wav,11.122375,এ ঘটনায় গাজীপুর জেলা প্রশাসকের পক্ষ থেকে কালিয়াকৈর নির্বাহী কর্মকর্তা মো,এ ঘটনায় গাজীপুর জেলা প্রশাসকের পক্ষ থেকে কালিয়াকৈ নির্বাহী কর্মকর্তা মোঃ।,0.1818,0.0469,ok
kathbath/bengali/wavs/844424930757912-661-f.wav,/Users/monujgogoi/Downloads/kathbath/bengali/wavs/844424930757912-661-f.wav,8.9165,সফরমালী উচ্চ বিদ্যালয় বাংলাদেশের চাঁদপুর জেলার সদর উপজেলার অন্তত সাড়ে ৬ কি,সফরমালী উচ্চ বিদ্যালয় বাংলাদেশের চাঁদপুর জেলার সদর উপজেলার অন্তত সাড়ে ছয় কি,0.0833,0.0462,ok
kathbath/bengali/wavs/844424932339415-436-f.wav,/Users/monujgogoi/Downloads/kathbath/bengali/wavs/844424932339415-436-f.wav,5.317375,গতকাল এশিয়া কাপের পূর্ণ সূচি প্রকাশ করেছে ক্রিকেটের সর্বোচ্চ,গতকাল এশিয়া কাপের পূর্ণসূচী প্রকাশ করেছে ক্রিকেটের সর্বোচ্চ।,0.3333,0.0377,ok
kathbath/bengali/wavs/844424932426841-37-f.wav,/Users/monujgogoi/Downloads/kathbath/bengali/wavs/844424932426841-37-f.wav,5.0619375,নির্বাচন এবং সঠিকভাবে উচ্চ হিল সঙ্গে সুন্দর জুতা পরেন,নির্বাচন এবং সঠিকভাবে উচ্চ হিল সঙ্গে সুন্দর জুতা পরেন।,0.1111,0.0222,ok
kathbath/bengali/wavs/844424932426758-37-f.wav,/Users/monujgogoi/Downloads/kathbath/bengali/wavs/844424932426758-37-f.wav,5.1548125,পুজোর আগেই নিগমের আওতায় আসতে চলেছে ২০ টি বন বাংলো,পুজোর আগেই নিগমের আওতায় আসতে চলেছে কুড়িটি বন বাংলো।,0.3,0.1463,ok
kathbath/bengali/wavs/844424932678011-725-f.wav,/Users/monujgogoi/Downloads/kathbath/bengali/wavs/844424932678011-725-f.wav,4.7833125,দুর্নীতি মামলায় খালেদা জিয়ার জামিনের ওপর স্থগিতাদেশ বাংলাদেশের সুপ্রিম কোর্টের,দুর্নীতি মামলায় খালেদা জিয়ার জামিনের উপর স্থগিতাদেশ বাংলাদেশের সুপ্রিম কোর্টের।,0.2,0.0282,ok
kathbath/bengali/wavs/844424931309472-1116-f.wav,/Users/monujgogoi/Downloads/kathbath/bengali/wavs/844424931309472-1116-f.wav,4.342125,পুজোর ডিউটি সেরে ফেরার পথে পথদুর্ঘটনায় মৃত্যু চার পুলিশকর্মীর,পুজোর ডিউটি সেরে ফেরার পথে পথ দুর্ঘটনায় মৃত্যু চার পুলিশকর্মীর।,0.3333,0.0185,ok
kathbath/bengali/wavs/844424932405246-37-f.wav,/Users/monujgogoi/Downloads/kathbath/bengali/wavs/844424932405246-37-f.wav,10.0775,অমর একুশে ও আন্তর্জাতিক মাতৃভাষা দিবস উপলক্ষে ঢাকাস্থ ইরান সাংস্কৃতিক কেন্দ্রের কালচারাল কাউন্সেলর ড,অমর একুশে ও আন্তর্জাতিক মাতৃভাষা দিবস উপলক্ষে ঢাকাস্থ ইরান সাংস্কৃতিক কেন্দ্রের কালচারাল কাউন্সিলর ডঃ,0.1429,0.023,ok
kathbath/bengali/wavs/844424932357442-1084-f.wav,/Users/monujgogoi/Downloads/kathbath/bengali/wavs/844424932357442-1084-f.wav,5.3638125,সিলেট বিভাগের প্রথম পরিবেশ বান্ধব অটো ব্রিক্সফিল্ড স্থাপিত হচ্ছে বিয়ানীবাজারে,সিলেট বিভাগের প্রথম পরিবেশবান্ধব অটো ব্রিক্স ফেল্ড স্থাপিত হচ্ছে বিয়ানী বাজারে।,0.6,0.029,ok
kathbath/bengali/wavs/844424932361201-1084-f.wav,/Users/monujgogoi/Downloads/kathbath/bengali/wavs/844424932361201-1084-f.wav,4.8761875,বঙ্গবন্ধুর প্রতিকৃতিতে শ্রদ্ধা নিবেদনের পর শেখ রেহানা ও পুতুলকে,বঙ্গবন্ধুর প্রতিকৃতিতে শ্রদ্ধা নিবেদনের পর শেখ রেহানা ও পুতুলকে।,0.1111,0.0182,ok
kathbath/bengali/wavs/844424931449812-906-f.wav,/Users/monujgogoi/Downloads/kathbath/bengali/wavs/844424931449812-906-f.wav,5.7353125,সীমান্ত এলাকা সামশেরগঞ্জ থেকে ফেরিঘাটে আসতেই আলমকে পুলিশ আটক করে,সীমান্ত এলাকা শামসেরগঞ্জ থেকে ফেরিঘাটে আসতেই আলমকে পুলিশ আটক করে।,0.2,0.0545,ok
kathbath/bengali/wavs/844424932350906-1084-f.wav,/Users/monujgogoi/Downloads/kathbath/bengali/wavs/844424932350906-1084-f.wav,6.36225,প্রায় আধ ঘন্টা ধরে রেল আটকে বিক্ষোভ দেখানোর পর অবরোধ তুলে নেয় আন্দোলনকারীরা,প্রায় আধ ঘণ্টা ধরে রেল আটকে বিক্ষোভ দেখানোর পর অবরোধ তুলে নেয় আন্দোলনকারীরা।,0.1538,0.0308,ok
kathbath/bengali/wavs/844424933095899-725-f.wav,/Users/monujgogoi/Downloads/kathbath/bengali/wavs/844424933095899-725-f.wav,3.7384375,ভালোভাবে মোকাবেলা করা গেলে জাতির জন্য মঙ্গলজনক হবে,ভালোভাবে মোকাবেলা করা গেলে জাতির জন্য মঙ্গলজনক হবে।,0.125,0.0233,ok
kathbath/bengali/wavs/844424932357427-1084-f.wav,/Users/monujgogoi/Downloads/kathbath/bengali/wavs/844424932357427-1084-f.wav,4.945875,অন্যান্য সরকারি এবং বেসরকারি ব্যাঙ্কে দিনভর নোট বদল হল কালি,অন্যান্য সরকারি এবং বেসরকারি ব্যাংকে দিনভর নোট বদল হলো কালি।,0.3,0.08,ok
kathbath/bengali/wavs/844424930842516-92-f.wav,/Users/monujgogoi/Downloads/kathbath/bengali/wavs/844424930842516-92-f.wav,5.5728125,একটি স্বর্গদূত তার ক্রুশবিদ্ধ হওয়ার আগে যীশু খ্রীষ্টকে সাহায্য করে,একটি স্বর্গদূত তার ক্রুসবৃদ্ধ হওয়ার আগে যীশুখ্রীষ্টকে সাহায্য করে।,0.4,0.0517,ok
kathbath/bengali/wavs/844424932350850-1084-f.wav,/Users/monujgogoi/Downloads/kathbath/bengali/wavs/844424932350850-1084-f.wav,7.8019375,নির্বাচনে প্রিজাইডিং অফিসার হিসেবে দায়িত্ব পালন করেন উপজেলা মাধ্যমিক শিক্ষা কর্মকর্তা মো,নির্বাচনে প্রিজাইডিং অফিসার হিসেবে দায়িত্ব পালন করেন উপজেলা মাধ্যমিক শিক্ষাকর্মকর্তা মো।,0.25,0.0128,ok
kathbath/bengali/wavs/844424932682825-725-f.wav,/Users/monujgogoi/Downloads/kathbath/bengali/wavs/844424932682825-725-f.wav,5.6656875,যুক্তরাষ্ট্রের জর্জিয়ায় বাংলাদেশি অভিবাসী নাবিলাহ মার্কিন কংগ্রেসে প্রার্থী হতে চান,যুক্তরাষ্ট্রে জর্জিয়ায় বাংলাদেশী অভিবাসী নাভি লাহ মার্কিন কংগ্রেসে প্রার্থী হতে চান।,0.5,0.0526,ok
kathbath/bengali/wavs/844424932474883-37-f.wav,/Users/monujgogoi/Downloads/kathbath/bengali/wavs/844424932474883-37-f.wav,6.36225,হাতির হাত থেকে ফসল বাঁচাতে জমির ধারে বিদ্যুতের তার বসালেন সোনামুখীর চাষিরা,হাতির হাত থেকে ফসল বাঁচাতে জমির ধারে বিদ্যুৎ তার বসালেন শোরুমুখী চাষীরা।,0.25,0.1429,ok
kathbath/bengali/wavs/844424932394617-37-f.wav,/Users/monujgogoi/Downloads/kathbath/bengali/wavs/844424932394617-37-f.wav,6.966,তৃণমূল পরিচালিত পঞ্চায়েতের দুর্নীতি নিয়ে মুখ্যমন্ত্রীকে নালিশ অঞ্চল সভাপতির,তৃণমূল পরিচালিত পঞ্চায়েতের দুর্নীতি নিয়ে মুখ্যমন্ত্রীকে নালিশ অঞ্চল সভাপতির।,0.1111,0.0145,ok
kathbath/bengali/wavs/844424932438003-436-f.wav,/Users/monujgogoi/Downloads/kathbath/bengali/wavs/844424932438003-436-f.wav,4.5046875,চোদ্দ পুরুষের ভিটে দেখতে গিয়ে সাগরের পেটে বৃদ্ধ বৃন্দাবন,চৌদ্দ পুরুষের ভিটে দেখতে গিয়ে সাগরের পেটে বৃদ্ধ বৃন্দাবন।,0.2222,0.0408,ok
kathbath/bengali/wavs/844424932426817-37-f.wav,/Users/monujgogoi/Downloads/kathbath/bengali/wavs/844424932426817-37-f.wav,5.4566875,টিকটক ভিডিও বানাতে গিয়ে নদীতে নিখোঁজ দশম শ্রেণির ছাত্র,টিকটক ভিডিও বানাতে গিয়ে নদীতে নিখোঁজ দশম শ্রেণীর ছাত্র।,0.2222,0.0426,ok
kathbath/bengali/wavs/844424932422108-37-f.wav,/Users/monujgogoi/Downloads/kathbath/bengali/wavs/844424932422108-37-f.wav,6.6409375,প্রেসক্রিপশন ছাড়া অ্যান্টিবায়োটিক বিক্রির উপরেও নিয়ন্ত্রণ আনতে নয়া উদ্যোগ,প্রেসক্রিপশন ছাড়া অ্যান্টিবায়োটিক বিক্রির উপরেও নিয়ন্ত্রণ আনতে নয়া উদ্যোগ।,0.1111,0.0145,ok
kathbath/bengali/wavs/844424932803596-725-f.wav,/Users/monujgogoi/Downloads/kathbath/bengali/wavs/844424932803596-725-f.wav,5.3638125,প্রিন্স হ্যারি এবং মেগান মার্কেল প্রথম জনসভাতে একসঙ্গে উপস্থিত ছিলেন,প্রিন্স হারি এবং মেগান মার্কেল প্রথম জনসভাতে একসঙ্গে উপস্থিত ছিলেন।,0.2,0.0508,ok
kathbath/bengali/wavs/844424932350817-1084-f.wav,/Users/monujgogoi/Downloads/kathbath/bengali/wavs/844424932350817-1084-f.wav,5.6424375,ভারতীয় গরু না আসায় যশোরে গড়ে উঠেছে অসংখ্য গরু খামার,ভারতীয় গরু না আসায় যশোরে গড়ে উঠেছে অসংখ্য গরু খামার।,0.1,0.0222,ok
kathbath/bengali/wavs/844424932804681-725-f.wav,/Users/monujgogoi/Downloads/kathbath/bengali/wavs/844424932804681-725-f.wav,3.50625,করোনায় যাত্রা বাতিলে পুরো টাকা ফেরত দিতে রাজি রেল,করোনায় যাত্রা বাতিলে পুরো টাকা ফেরত দিতে রাজি রেল।,0.1111,0.0238,ok
kathbath/bengali/wavs/844424933096445-725-f.wav,/Users/monujgogoi/Downloads/kathbath/bengali/wavs/844424933096445-725-f.wav,4.179625,পাঁচ লাখ টাকা চাঁদা না পেয়েই আসামিরা তাদের মারধর শেষে ধাওয়া করে,পাঁচ লাখ টাকা চাঁদা না পেয়েই আসামিরা তাদের মারধর শেষে ধাওয়া করে।,0.0833,0.0185,ok
kathbath/bengali/wavs/844424930939869-92-f.wav,/Users/monujgogoi/Downloads/kathbath/bengali/wavs/844424930939869-92-f.wav,5.61925,বিভিন্ন ধরণের মূর্তি আর আলোর সাহায্যে ফুটিয়ে তোলা হবে এই পুজো,বিভিন্ন ধরনের মূর্তি আর আলোর সাহায্যে ফুটিয়ে তোলা হবে এই পুজো।,0.1818,0.0385,ok
kathbath/bengali/wavs/844424932803582-725-f.wav,/Users/monujgogoi/Downloads/kathbath/bengali/wavs/844424932803582-725-f.wav,4.179625,বিভিন্ন টিস থেকে ম্যান বনাম নারী জন্য স্ট্রোক হস্তনির্মিত,বিভিন্ন টিস থেকে ম্যান বনাম নারীর জন্য স্ট্রোক হস্ত নির্মিত।,0.3333,0.0408,ok
kathbath/bengali/wavs/844424932498003-37-f.wav,/Users/monujgogoi/Downloads/kathbath/bengali/wavs/844424932498003-37-f.wav,8.614625,সিন্ডিকেট সদস্য ও আর্থ অ্যান্ড এনভায়রনমেন্টাল সায়েন্স অনুষদের ডিন অধ্যাপক ড,সিন্ডিকেট সদস্য ও আর্থ অ্যান্ড এনভায়রনমেন্টাল সায়েন্স অনুষদের ডিন অধ্যাপক ডঃ।,0.0909,0.0299,ok
kathbath/bengali/wavs/844424932805267-725-f.wav,/Users/monujgogoi/Downloads/kathbath/bengali/wavs/844424932805267-725-f.wav,3.5294375,রাস্তায় পড়ে থাকা ব্যাগে পাওয়া গেলো ৪০ হাজার পিস ইয়াবা,রাস্তায় পড়ে থাকা ব্যাগে পাওয়া গেল চল্লিশ হাজার পিস ইয়াবা।,0.3,0.1458,ok
kathbath/bengali/wavs/844424932422128-37-f.wav,/Users/monujgogoi/Downloads/kathbath/bengali/wavs/844424932422128-37-f.wav,6.687375,আওয়ামী লীগের তথ্য ও গবেষণা উপকমিটির চেয়ারম্যান অধ্যাপক ড,আওয়ামী লীগের তথ্য ও গবেষণা উপকমিটির চেয়ারম্যান অধ্যাপক ডঃ।,0.1111,0.04,ok
kathbath/bengali/wavs/844424932350847-1084-f.wav,/Users/monujgogoi/Downloads/kathbath/bengali/wavs/844424932350847-1084-f.wav,7.616125,বিধু ভূষণ দাসের সভাপতিত্বে অনুষ্ঠিত এ সংবর্ধনা সভায় প্রধান অতিথি ছিলেন কলেজের চেয়ারম্যান ডা,বিধুভূষণ দাসের সভাপতিত্বে অনুষ্ঠিত এই সম্বর্ধনা সভায় প্রধান অতিথি ছিলেন কলেজের চেয়ারম্যান ডাঃ।,0.3571,0.0625,ok
kathbath/bengali/wavs/844424932676634-725-f.wav,/Users/monujgogoi/Downloads/kathbath/bengali/wavs/844424932676634-725-f.wav,4.8994375,কেরালার বাজারে এধরনের চাল পাওয়ার এ আতঙ্ক দেখা দিয়েছে কলকাতাসহ,কেরালার বাজারে এ ধরনের চাল পাওয়ার এ আতঙ্ক দেখা দিয়েছে কলকাতা সহ।,0.4,0.0185,ok
kathbath/bengali/wavs/844424931029471-760-f.wav,/Users/monujgogoi/Downloads/kathbath/bengali/wavs/844424931029471-760-f.wav,8.31275,ওসি মোয়াজ্জেমের গ্রেফতারের বিষয়ে জানতে চাইলে সুপ্রিম কোর্টের আইনজীবী মো,ওসি মোয়াজমের গ্রেফতারের বিষয় জানতে চাইলে সুপ্রিম কোর্টের আইনজীবী মো।,0.3,0.0781,ok
kathbath/bengali/wavs/844424932682886-725-f.wav,/Users/monujgogoi/Downloads/kathbath/bengali/wavs/844424932682886-725-f.wav,3.761625,হাওড়ায় সংক্রমণ বৃদ্ধির কারণ কি নষ্ট না হওয়া বর্জ্য,হাওড়ায় সংক্রমণ বৃদ্ধির কারণ কি নষ্ট না হওয়া বর্জ্য?,0.1111,0.0222,ok
kathbath/bengali/wavs/844424932357500-1084-f.wav,/Users/monujgogoi/Downloads/kathbath/bengali/wavs/844424932357500-1084-f.wav,5.4799375,নাজমুল আলমের সভাপতিত্বে বক্তব্য রাখেন উপজেলা ভাইস চেয়ারম্যান মো,নাজমুল আলমের সভাপতিত্বে বক্তব্য রাখেন উপজেলা ভাইস চেয়ারম্যান মো.,0.1111,0.0179,ok
kathbath/bengali/wavs/844424932340081-1084-f.wav,/Users/monujgogoi/Downloads/kathbath/bengali/wavs/844424932340081-1084-f.wav,5.4566875,এঁর মতো আরও অনেক বিখ্যাত ব্যক্তির পুরো নামই আমরা হয়তো জানি না,এর মতো আরও অনেক বিখ্যাত ব্যক্তির পুরো নামই আমরা হয়তো জানি না।,0.1667,0.0392,ok
kathbath/bengali/wavs/844424931029510-760-f.wav,/Users/monujgogoi/Downloads/kathbath/bengali/wavs/844424931029510-760-f.wav,8.9165,হাসিকান্না মানুষের সহজাত বৈশিষ্ট্য হলেও কান্নার বিষয়টি যেন পুতিনের মতো,হাসি কান্না মানুষের সহজাত বৈশিষ্ট্য হলেও কান্নার বিষয়টি যেন পুতিনের মতো।,0.3,0.0161,ok
kathbath/bengali/wavs/844424932346146-436-f.wav,/Users/monujgogoi/Downloads/kathbath/bengali/wavs/844424932346146-436-f.wav,4.8761875,বড় চাকরিতে হাতে গোনা আদিবাসী নারী শ্রমনির্ভর কাজে বেশি,বড় চাকরিতে হাতে গোনা আদিবাসী নারী শ্রমনির্ভর কাজে বেশি।,0.1111,0.0213,ok
kathbath/bengali/wavs/844424931029460-760-f.wav,/Users/monujgogoi/Downloads/kathbath/bengali/wavs/844424931029460-760-f.wav,8.8468125,একটি পাত্রের ভেতরে সাইজ অনুযায়ী মেটাল স্ট্যান্ড রেখে গোলাপের পাপড়ি দিয়ে দিন,একটি পাত্রের ভিতরে সাইজ অনুযায়ী মেটাল স্ট্যান্ড রেখে গোলাপের পাপড়ি দিয়ে দিন।,0.1667,0.0299,ok
kathbath/bengali/wavs/844424932334555-1084-f.wav,/Users/monujgogoi/Downloads/kathbath/bengali/wavs/844424932334555-1084-f.wav,5.20125,দেশের সীমানা ছাড়িয়ে সরস্বতী পুজোর আনন্দে মাতয়ারা প্রবাসী বাঙালিরাও,দেশের সীমানা ছাড়িয়ে সরস্বতী পুজোর আনন্দে মাতোয়ারা প্রবাসী বাঙালিরাও।,0.2222,0.0328,ok
kathbath/bengali/wavs/844424932394644-37-f.wav,/Users/monujgogoi/Downloads/kathbath/bengali/wavs/844424932394644-37-f.wav,11.2849375,অসংসদীয় বক্তব্যে বিরত রাখতে স্পিকারের রুলিং সংসদীয় রীতিবিরোধী ও অসংসদীয় বক্তব্যে মাইক বন্ধ হবে,অসংসদীয় বক্তব্যে বিরত রাখতে স্পিকারের রুলিং সংসদীয় রীতিবিরোধী ও অসংসদীয় বক্তব্যে মাইক বন্ধ হবে।,0.0714,0.0119,ok
kathbath/bengali/wavs/844424932675148-725-f.wav,/Users/monujgogoi/Downloads/kathbath/bengali/wavs/844424932675148-725-f.wav,3.947375,পুনম গত কয়েকদিন ধরে নিজের অ্যাপটি নিয়ে টুইট করছিলেন,পুনম গত কয়েকদিন ধরে নিজের অ্যাপটি নিয়ে টুইট করছিলেন,0.0,0.0,ok
kathbath/bengali/wavs/844424930939862-92-f.wav,/Users/monujgogoi/Downloads/kathbath/bengali/wavs/844424930939862-92-f.wav,6.014,জেনে নিন কলকাতার কাছাকাছি বনভোজনের জন্য কোথায় কোথায় রয়েছে আদর্শ জায়গা,জেনে নিন কলকাতার কাছাকাছি বনভোজনের জন্য কোথায় কোথায় রয়েছে আদর্শ জায়গা।,0.0909,0.0159,ok
kathbath/bengali/wavs/844424932803550-725-f.wav,/Users/monujgogoi/Downloads/kathbath/bengali/wavs/844424932803550-725-f.wav,5.20125,২৮ ফেব্রুয়ারি ডিএনসিসির মেয়র পদে উপনির্বাচনে নৌকা প্রতীক নিয়ে মো,28 ফেব্রুয়ারি ডিএনসিসির মেয়র পদে উপনির্বাচনে নৌকা প্রতীক নিয়ে মো।,0.2,0.0517,ok
kathbath/bengali/wavs/844424932327541-1084-f.wav,/Users/monujgogoi/Downloads/kathbath/bengali/wavs/844424932327541-1084-f.wav,8.219875,গবেষণায় প্রমাণিত হয়েছে যে এই জাতীয় সামুদ্রিক গাছগুলি অর্থাত্ আগাছার প্রচুর পুষ্টিগুণ,গবেষণায় প্রমাণিত হয়েছে যে এই জাতীয় সামুদ্রিক গাছগুলি অর্থাৎ আগাছার প্রচুর পুষ্টিগুণ।,0.1667,0.0395,ok
kathbath/bengali/wavs/844424930842491-92-f.wav,/Users/monujgogoi/Downloads/kathbath/bengali/wavs/844424930842491-92-f.wav,6.9195625,সম্প্রতি আর্ট কলেজের দেড়শো বছর উপলক্ষে আয়োজিত প্রদর্শনীটি দেখে এলেন মৃণাল ঘোষ,সম্প্রতি আর্ট কলেজের 150 বছর উপলক্ষে আয়োজিত প্রদর্শনীটি দেখে এলেন মৃণাল ঘোষ।,0.1667,0.1029,ok
kathbath/bengali/wavs/844424932346147-436-f.wav,/Users/monujgogoi/Downloads/kathbath/bengali/wavs/844424932346147-436-f.wav,4.736875,গত ২৪ মার্চ মধ্যরাত থেকে অন্তর্দেশীয় উড়ান বাতিল করে কেন্দ্র,গত ২৪ মার্চ মধ্যরাত থেকে অন্তর্দেশীয় উড়ান বাতিল করে কেন্দ্র।,0.1,0.0192,ok
kathbath/bengali/wavs/844424932426816-37-f.wav,/Users/monujgogoi/Downloads/kathbath/bengali/wavs/844424932426816-37-f.wav,8.2895625,একটি তরুণ ইহুদি গার্ল যারা লুকিয়ে রেখেছিল এবং একটি আশ্চর্যজনক ডায়েরি লিখেছিল,একটি তরুণ ইহুদি গার্ল যারা লুকিয়ে রেখেছিল এবং একটি আশ্চর্যজনক ডায়রি লিখেছিল।,0.1667,0.0299,ok
kathbath/bengali/wavs/844424932803580-725-f.wav,/Users/monujgogoi/Downloads/kathbath/bengali/wavs/844424932803580-725-f.wav,6.478375,আর তাই ট্রেন্টব্রিজ টেস্টে নতুন উইকেটকিপার ঋষভ পান্থকে খেলানোর সিদ্ধান্ত নেয় টিম ম্যানেজমেন্ট,আর তাই ট্রেন্ড ব্রিজ টেস্টে নতুন উইকেটকিপার ঋষভ পান্থকে খেলানোর সিদ্ধান্ত নেয় টিম ম্যানেজমেন্ট।,0.2308,0.0244,ok
kathbath/bengali/wavs/844424931029436-760-f.wav,/Users/monujgogoi/Downloads/kathbath/bengali/wavs/844424931029436-760-f.wav,9.68275,পাশাপাশি সাংবিধানিক প্রধান হিসাবে রাজ্যপাল বেশ কিছু পরামর্শও দিয়েছেন,পাশাপাশি সাংবিধানিক প্রধান হিসেবে রাজ্যপাল বেশ কিছু পরামর্শও দিয়েছেন।,0.2222,0.0328,ok
kathbath/bengali/wavs/844424931123513-92-f.wav,/Users/monujgogoi/Downloads/kathbath/bengali/wavs/844424931123513-92-f.wav,7.15175,শ্রমিক অসন্তোষ এড়াতে কয়েকটি পোশাক কারখানা পরিদর্শন করেছেন স্থানীয় সংসদ সদস্য ডা,শ্রমিক অসন্তোষ এড়াতে কয়েকটি পোশাক কারখানা পরিদর্শন করেছেন স্থানীয় সংসদ সদস্য ডাঃ।,0.0833,0.0282,ok
kathbath/bengali/wavs/844424932394607-37-f.wav,/Users/monujgogoi/Downloads/kathbath/bengali/wavs/844424932394607-37-f.wav,5.2245,খুনের পিছনে তাদেরই কারও হাত থাকার সম্ভাবনা বলে ধারণা তদন্তকারীদের,খুনের পিছনে তাদেরই কারোর হাত থাকার সম্ভাবনা বলে ধারণা তদন্তকারীদের।,0.2,0.0536,ok
kathbath/bengali/wavs/844424932361156-1084-f.wav,/Users/monujgogoi/Downloads/kathbath/bengali/wavs/844424932361156-1084-f.wav,4.24925,এই ঘটনার পর স্থগিত করে দেওয়া হয় সোলেমানির শেষকৃত্য,এই ঘটনার পর স্থগিত করে দেওয়া হয় শোলেমানির শেষকৃত্য।,0.2222,0.0455,ok
kathbath/bengali/wavs/844424931029467-760-f.wav,/Users/monujgogoi/Downloads/kathbath/bengali/wavs/844424931029467-760-f.wav,13.421125,কোনো ক্রেতা মাস্ক পরে না আসলে ইজারাদারদের কাছে সংরক্ষিত মাস্ক কিনে হাটে প্রবেশ করতে হবে,কোনো ক্রেতা মাস্ক পরে না আসলে ইজারাদের কাছে সংরক্ষিত মাস্ক কিনে হাটে প্রবেশ করতে হবে।,0.1333,0.0548,ok
kathbath/bengali/wavs/844424931185312-1116-f.wav,/Users/monujgogoi/Downloads/kathbath/bengali/wavs/844424931185312-1116-f.wav,3.8313125,২৪ শর্তে শ্রমিক দিবসে সমাবেশের অনুমতি পেলো শ্রমিক দল,24 শর্তে শ্রমিক দিবসে সমাবেশের অনুমতি পেল শ্রমিক দল।,0.3333,0.0909,ok
kathbath/bengali/wavs/844424932394653-37-f.wav,/Users/monujgogoi/Downloads/kathbath/bengali/wavs/844424932394653-37-f.wav,4.4118125,তবে আসুন জেনে নেওয়া যাক কী বিশেষ থাকছে এই প্ল্যানে,তবে আসুন জেনে নেওয়া যাক কি বিশেষ থাকছে এই প্ল্যানে।,0.2,0.0476,ok
kathbath/bengali/wavs/844424933095851-725-f.wav,/Users/monujgogoi/Downloads/kathbath/bengali/wavs/844424933095851-725-f.wav,5.8514375,১৯৯৭ সালে স্বামীর সঙ্গেই শাহরুখ খানের মন্নতে হাজির হন নূর জাহান,১৯৯৭ সালে স্বামীর সঙ্গেই শাহরুখ খানের মন্নতে হাজির হন নূর জাহান।,0.0909,0.0189,ok
kathbath/bengali/wavs/844424932803528-725-f.wav,/Users/monujgogoi/Downloads/kathbath/bengali/wavs/844424932803528-725-f.wav,5.1548125,স্বাধীনতা দিবস থেকে আজিমপুর ধানমন্ডিতে যেভাবে চলবে চক্রাকার বাস,স্বাধীনতা দিবস থেকে আজিমপুর ধানমন্ডিতে যেভাবে চলবে চক্রাকার বাস।,0.1111,0.0182,ok
kathbath/bengali/wavs/844424931034377-760-f.wav,/Users/monujgogoi/Downloads/kathbath/bengali/wavs/844424931034377-760-f.wav,6.3390625,সব মিলিয়ে মোট কচ্ছপ ৫২৩ টি উদ্ধার করা হয়,সব মিলিয়ে মোট কচ্ছপ ৫২৩টি উদ্ধার করা হয়।,0.3333,0.0294,ok
kathbath/bengali/wavs/844424932327595-1084-f.wav,/Users/monujgogoi/Downloads/kathbath/bengali/wavs/844424932327595-1084-f.wav,3.9938125,এক কোটি টাকা দিয়ে ভাড়া করা হয় সুপারি কিলার,এক কোটি টাকা দিয়ে ভাড়া করা হয় সুপারি কিলার।,0.1111,0.027,ok
kathbath/bengali/wavs/844424932358472-436-f.wav,/Users/monujgogoi/Downloads/kathbath/bengali/wavs/844424932358472-436-f.wav,6.2461875,ট্রেনযাত্রীকে সাক্ষাৎ মৃত্যুর হাত থেকে বাঁচানো কনস্টেবল ভরে গেলেন সংবর্ধনার জোয়ারে,ট্রেন যাত্রীকে সাক্ষাৎ মৃত্যুর হাত থেকে বাঁচানো কনস্টেবল ভরে গেলেন সম্বর্ধনার জোয়ারে।,0.3636,0.0411,ok
kathbath/bengali/wavs/844424932327607-1084-f.wav,/Users/monujgogoi/Downloads/kathbath/bengali/wavs/844424932327607-1084-f.wav,6.014,আফ্রিকার থেকে প্রথম ইনিংসে এখনও ৬৯ রান পিছিয়ে রয়েছে,আফ্রিকার থেকে প্রথম ইনিংসে এখনও ঊনসত্তর রান পিছিয়ে রয়েছে।,0.2222,0.1778,ok
kathbath/bengali/wavs/844424932350828-1084-f.wav,/Users/monujgogoi/Downloads/kathbath/bengali/wavs/844424932350828-1084-f.wav,7.1981875,মুজিব বর্ষের অনুষ্ঠানে প্রতিটি স্তরেই বাড়তি নিরাপত্তা ব্যবস্থা থাকবে বলে জানিয়েছেন স্বরাষ্ট্রমন্,মুজিব বর্ষের অনুষ্ঠানে প্রতিটি স্তরেই বাড়তি নিরাপত্তা ব্যবস্থা থাকবে বলে জানিয়েছেন স্বরাষ্ট্র মন।,0.1667,0.0115,ok
kathbath/bengali/wavs/844424932394626-37-f.wav,/Users/monujgogoi/Downloads/kathbath/bengali/wavs/844424932394626-37-f.wav,9.8220625,পরবর্তী টিউনদেশের বিশ্ববিদ্যালয়গুলোর মধ্যে প্রথম অ্যান্ড্রয়েড অ্যাপ্লিকেশন চালু করলো জগন্নাথ বিশ্ববিদ্যালয়,পরবর্তী টিউন দেশের বিশ্ববিদ্যালয়গুলোর মধ্যে প্রথম অ্যান্ড্রয়েড অ্যাপ্লিকেশন চালু করল জগন্নাথ বিশ্ববিদ্যালয়।,0.3636,0.0202,ok
kathbath/bengali/wavs/844424931123539-92-f.wav,/Users/monujgogoi/Downloads/kathbath/bengali/wavs/844424931123539-92-f.wav,4.8065625,শিশুর মগজে ওরা না পুঁতলে হিংস্র নিশান উঠতো না ফুটে,শিশুর মগজে ওরা না পুতলে হিংস্র নিশান উঠতো না ফুটে।,0.2,0.0488,ok
kathbath/bengali/wavs/844424930939841-92-f.wav,/Users/monujgogoi/Downloads/kathbath/bengali/wavs/844424930939841-92-f.wav,4.7833125,আরও ছয় পোশাক কারখানার সঙ্গে সম্পর্ক ছিন্ন করল অ্যাকর্ড,আরও ছয় পোশাক কারখানার সঙ্গে সম্পর্ক ছিন্ন করল অ্যাকর্ড।,0.1111,0.0213,ok
kathbath/bengali/wavs/844424931123472-92-f.wav,/Users/monujgogoi/Downloads/kathbath/bengali/wavs/844424931123472-92-f.wav,7.267875,চাল বাজারজাতকরণে পাটের বস্তা ব্যবহার বাধ্যতামূলক করতে আইনি বাধা নেই,চাল বাজারজাতকরণে পাটের বস্তা ব্যবহার বাধ্যতামূলক করতে আইনি বাধা নেই।,0.1,0.0172,ok
kathbath/bengali/wavs/844424931382743-1116-f.wav,/Users/monujgogoi/Downloads/kathbath/bengali/wavs/844424931382743-1116-f.wav,5.9443125,পুলিশ কর্মকর্তারা জানিয়েছেন হুরাইরা আকা কামরুদ্দিন নামের জঙ্গিটি অসমের,পুলিশ কর্মকর্তারা জানিয়েছেন হুরাইয়া আকা কামরুদ্দিন নামের জঙ্গিটি অসমের।,0.2222,0.0476,ok
kathbath/bengali/wavs/844424930784884-92-f.wav,/Users/monujgogoi/Downloads/kathbath/bengali/wavs/844424930784884-92-f.wav,6.4086875,উচ্চমাধ্যমিকের বাকি তিন পরীক্ষার সম্ভাব্য তারিখ ঘোষণা করলেন শিক্ষামন্ত্রী,উচ্চ মাধ্যমিকের বাকি 3 পরীক্ষার সম্ভাব্য তারিখ ঘোষণা করলেন শিক্ষামন্ত্রী।,0.4444,0.0615,ok
kathbath/bengali/wavs/844424931285082-906-f.wav,/Users/monujgogoi/Downloads/kathbath/bengali/wavs/844424931285082-906-f.wav,6.849875,চতুর্থ ভারতীয় গোলরক্ষক হিসেবে অর্জুন পুরস্কার পাচ্ছেন গুরপ্রীত সিং সান্ধু,চতুর্থ ভারতীয় গোলরক্ষক হিসেবে অর্জুন পুরস্কার পাচ্ছেন গুরপ্রীত সিং সান্ধু।,0.1,0.0154,ok
kathbath/bengali/wavs/844424932422134-37-f.wav,/Users/monujgogoi/Downloads/kathbath/bengali/wavs/844424932422134-37-f.wav,8.9629375,প্রাক্তন সাংসদদের অবসরভাতা ও অন্যান্য সুযোগসুবিধে খারিজ করার আর্জি শুনতে রাজি হয়েছে সুপ্রিম,প্রাক্তন সাংসদের অবসর ভাতা ও অন্যান্য সুযোগ সুবিধে খারিজ করার আর্জি শুনতে রাজি হয়েছে সুপ্রিম।,0.4615,0.025,ok
kathbath/bengali/wavs/844424932682878-725-f.wav,/Users/monujgogoi/Downloads/kathbath/bengali/wavs/844424932682878-725-f.wav,4.853,বেলা তিনটায় অপারেশন হওয়ার কথা থাকলেও রোগী রেডি করতে বলে ডা,বেলা তিনটায় অপারেশন হওয়ার কথা থাকলেও রোগী রেডি করতে বলে ডা।,0.0909,0.02,ok
kathbath/bengali/wavs/844424932675155-725-f.wav,/Users/monujgogoi/Downloads/kathbath/bengali/wavs/844424932675155-725-f.wav,4.8761875,বিধাননগরে যাত্রীর ভুলে অটোয় ফেলে যাওয়া টাকা ভর্তি ব্যাগ ফেরত দিলেন চালক,বিধাননগরে যাত্রীর ভুলে অটোয় ফেলে যাওয়া টাকা ভর্তি ব্যাগ ফেরত দিলেন চালক।,0.0833,0.0161,ok
kathbath/bengali/wavs/844424931034346-760-f.wav,/Users/monujgogoi/Downloads/kathbath/bengali/wavs/844424931034346-760-f.wav,6.94275,এই সহজ নিয়ম নতুন বানান সংস্কার দ্বারা আরো সামঞ্জস্য করা হয়েছিল,এই সহজ নিয়ম নতুন বানান সংস্কার দ্বারা আরও সামঞ্জস্য করা হয়েছিল।,0.1818,0.037,ok
kathbath/bengali/wavs/844424932412671-1084-f.wav,/Users/monujgogoi/Downloads/kathbath/bengali/wavs/844424932412671-1084-f.wav,6.687375,ডেপুটি স্পিকার রমা দেবীর উদ্দেশে আপত্তিকর মন্তব্য করে বিরোধীদের তোপের মুখে পড়েন তিনি,ডিপুটি স্পিকার রমাদেবীর উদ্দেশ্যে আপত্তিকর মন্তব্য করে বিরোধীদের তোপের মুখে পড়েন তিনি।,0.3846,0.0548,ok
kathbath/bengali/wavs/844424932678010-725-f.wav,/Users/monujgogoi/Downloads/kathbath/bengali/wavs/844424932678010-725-f.wav,4.179625,বারাসত জেলা আদালতে দুপুর ২ টোর পর শুনানি শুরু রাজীব মামলার,বারাসত জেলা আদালতে দুপুর দুটোর পর শুনানি শুরু রাজীব মামলার।,0.2727,0.0625,ok
kathbath/bengali/wavs/844424933095859-725-f.wav,/Users/monujgogoi/Downloads/kathbath/bengali/wavs/844424933095859-725-f.wav,4.0170625,অমলবাবুকেও ওই কারণেই মারধর করা হয়েছে বলে জানান তিনি,অমল বাবুকেও ওই কারণেই মারধর করা হয়েছে বলে জানান তিনি।,0.3333,0.0227,ok
kathbath/bengali/wavs/844424931309511-1116-f.wav,/Users/monujgogoi/Downloads/kathbath/bengali/wavs/844424931309511-1116-f.wav,8.0805625,এ বিষয়ে এনটিভির নিয়মিত আয়োজন স্বাস্থ্য প্রতিদিন অনুষ্ঠানের ৩৪৭৫ তম পর্বে কথা বলেছেন ডা,"এ বিষয়ে এনডিটিভির নিয়মিত আয়োজন স্বাস্থ্য প্রতিদিন অনুষ্ঠানের ৩,৪৭৫ তম পর্বে কথা বলেছেন ডা।",0.2143,0.0526,ok
kathbath/bengali/wavs/844424932676680-725-f.wav,/Users/monujgogoi/Downloads/kathbath/bengali/wavs/844424932676680-725-f.wav,4.435,যুদ্ধবিরতির পর দ্বিতীয় দিনের মতো গাজায় বোমা হামলা করল ইসরাইল,যুদ্ধবিরতির পর দ্বিতীয় দিনের মতো গাজায় বোমা হামলা করল ইসরাইল।,0.1,0.0189,ok
kathbath/bengali/wavs/844424931382818-1116-f.wav,/Users/monujgogoi/Downloads/kathbath/bengali/wavs/844424931382818-1116-f.wav,5.503125,কমিউনিটি ক্লিনিক স্বাস্থ্য সহায়তা ট্রাস্টি বোর্ডের সভাপতি অধ্যাপক ডা,কমিউনিটি ক্লিনিক স্বাস্থ্য সহায়তা ট্রাস্টি বোর্ডের সভাপতি অধ্যাপক ডাঃ।,0.1111,0.0328,ok
kathbath/bengali/wavs/844424933095879-725-f.wav,/Users/monujgogoi/Downloads/kathbath/bengali/wavs/844424933095879-725-f.wav,3.692,বিষয়টি প্রকাশ্যে আসার পরে বিতর্কের ঝড় শুরু হয়েছে,বিষয়টি প্রকাশ্যে আসার পর বিতর্কের ঝড় শুরু হয়েছে।,0.25,0.0455,ok
kathbath/bengali/wavs/844424931029484-760-f.wav,/Users/monujgogoi/Downloads/kathbath/bengali/wavs/844424931029484-760-f.wav,8.89325,পরিস্থিতি মোকাবিলায় কেন্দ্রের কাছে ১৫০ কোটি টাকার সাহায্য চাইল পাঞ্জাব সরকার,পরিস্থিতি মোকাবিলায় কেন্দ্রের কাছে দেড়শো কোটি টাকার সাহায্য চাইল পাঞ্জাব সরকার।,0.1818,0.1045,ok
kathbath/bengali/wavs/844424933095816-725-f.wav,/Users/monujgogoi/Downloads/kathbath/bengali/wavs/844424933095816-725-f.wav,4.945875,নির্দিষ্ট সময়ে জায়গা খালি না করলেও উচ্ছেদের হুঁশিয়ারিও দেওয়া হয়েছে,নির্দিষ্ট সময় জায়গা খালি না করলেও উচ্ছেদের হুঁশিয়ারিও দেওয়া হয়েছে।,0.2,0.0323,ok
kathbath/bengali/wavs/844424931029437-760-f.wav,/Users/monujgogoi/Downloads/kathbath/bengali/wavs/844424931029437-760-f.wav,7.616125,এ চেয়ারে বসেই হ্যারি পটারের প্রথম দুটি বই লিখেছিলেন তিনি,এ চেয়ারে বসেই হ্যারি পটরের প্রথম দুটি বই লিখেছিলেন তিনি।,0.2,0.0417,ok
kathbath/bengali/wavs/844424932394631-37-f.wav,/Users/monujgogoi/Downloads/kathbath/bengali/wavs/844424932394631-37-f.wav,7.453625,ওয়ালটনের কারখানা পরিদর্শন করেছেন প্রাথমিক ও গণশিক্ষা প্রতিমন্ত্রী মো,ওয়ালটনের কারখানা পরিদর্শন করেছেন প্রাথমিক ও গণশিক্ষা প্রতিমন্ত্রী মো.,0.2222,0.0492,ok
kathbath/bengali/wavs/844424932805277-725-f.wav,/Users/monujgogoi/Downloads/kathbath/bengali/wavs/844424932805277-725-f.wav,3.599125,মার্কিন পণ্যের উপর বর্ধিত শুল্ক নিয়ে ভারতকে হুমকি ট্রাম্পের,মার্কিন পণ্যের উপর বর্ধিত শুল্ক নিয়ে ভারতকে হুমকি ট্রাম্পের।,0.1111,0.0192,ok
kathbath/bengali/wavs/844424932405154-37-f.wav,/Users/monujgogoi/Downloads/kathbath/bengali/wavs/844424932405154-37-f.wav,5.805,ওই দুই মেডিকেল রিপোর্ট পাওয়া গেলে পূর্ণাঙ্গ রিপোর্ট দেয়া হবে বলেও জানান ডা,ওই দুই মেডিকেল রিপোর্ট পাওয়া গেলে পূর্ণাঙ্গ রিপোর্ট দেওয়া হবে বলে জানান ডাঃ।,0.2308,0.0625,ok
kathbath/bengali/wavs/844424932412657-1084-f.wav,/Users/monujgogoi/Downloads/kathbath/bengali/wavs/844424932412657-1084-f.wav,5.8514375,কলেজ স্কোয়ারে সাঁতার কাটতে নেমে তলিয়ে গেলেন জাতীয় স্তরের সাঁতারু,কলেজ স্কোয়ারে সাঁতার কাটতে নেমে তলিয়ে গেলেন জাতীয় স্তরের সাঁতারও।,0.1,0.0345,ok
kathbath/bengali/wavs/844424932327582-1084-f.wav,/Users/monujgogoi/Downloads/kathbath/bengali/wavs/844424932327582-1084-f.wav,4.2956875,ইতিমধ্যেই ভারতে দশ লক্ষের বেশি বিক্রি হয়েছে ফোন দুটি,ইতিমধ্যেই ভারতে 10 লক্ষের বেশি বিক্রি হয়েছে ফোন দুটি।,0.2222,0.0667,ok
kathbath/bengali/wavs/844424932675108-725-f.wav,/Users/monujgogoi/Downloads/kathbath/bengali/wavs/844424932675108-725-f.wav,4.5743125,ডাকসু নির্বাচন নিয়ে হাইকোর্টের আদেশের বিরুদ্ধে ঢাবি প্রশাসনের আপিল,,,,error
kathbath/bengali/wavs/844424931323241-906-f.wav,/Users/monujgogoi/Downloads/kathbath/bengali/wavs/844424931323241-906-f.wav,5.4566875,জানলার কাচে ঝাপটা মারলো বনকুসুমের মনে পড়ে যাওয়া গন্ধ,জানলার কাঁচে ঝাপটা মারলো বনকুসুমের মনে পড়ে যাওয়া গন্ধ।,0.2222,0.0435,ok
kathbath/bengali/wavs/844424930554355-92-f.wav,/Users/monujgogoi/Downloads/kathbath/bengali/wavs/844424930554355-92-f.wav,7.0356875,নজরুল গবেষণা কেন্দ্রের সভাপতি ও ঢাকা বিশ্ববিদ্যালয়ের উপাচার্য অধ্যাপক ড,নজরুল গবেষণা কেন্দ্রের সভাপতি ও ঢাকা বিশ্ববিদ্যালয়ের উপাচার্য অধ্যাপক ডঃ।,0.1,0.0317,ok
kathbath/bengali/wavs/844424931029433-760-f.wav,/Users/monujgogoi/Downloads/kathbath/bengali/wavs/844424931029433-760-f.wav,11.00625,সোনিয়া গান্ধী ২০০৪ কে মনে করাচ্ছেন ঠিকই কিন্তু এবারের পরিস্থিতি অনেক আলাদা,সোনিয়া গান্ধী 2004 সালকে মনে করাচ্ছেন ঠিকই কিন্তু এবারের পরিস্থিতি অনেক আলাদা।,0.25,0.125,ok
kathbath/bengali/wavs/844424930757929-661-f.wav,/Users/monujgogoi/Downloads/kathbath/bengali/wavs/844424930757929-661-f.wav,10.658,১৯৬২ সালে ভারত সফরে মার্কিন ফার্স্টলেডি জ্যাকলিন কেনেডি ও তত্কালীন রাষ্ট্রপতি রাজেন্দ্র প্রসাদ,১৯৬২ সালে ভারত সফরে মার্কেন ফার্স্ট লেডি জ্যাকলিন কেনেডি ও তৎকালীন রাষ্ট্রপতি রাজেন্দ্র প্রসাদ।,0.3846,0.0488,ok
kathbath/bengali/wavs/844424932357440-1084-f.wav,/Users/monujgogoi/Downloads/kathbath/bengali/wavs/844424932357440-1084-f.wav,6.9891875,অভিযানে উপস্থিত ছিলেন রাজউকের সহকারী অথরাইজড অফিসার রঙ্গন মণ্ডল ও মো,অভিযানে উপস্থিত ছিলেন রাজুকের সরকারি অথরাইজড অফিসার রঙ্গন মণ্ডল ও মো.,0.2727,0.069,ok
kathbath/bengali/wavs/844424932357506-1084-f.wav,/Users/monujgogoi/Downloads/kathbath/bengali/wavs/844424932357506-1084-f.wav,4.551125,সম্পূরক বাজেট তৈরি হলেই কেবল প্রকৃত হিসাব পাওয়া যায়,সম্পূরক বাজেট তৈরি হলেই কেবল প্রকৃত হিসাব পাওয়া যায়।,0.1111,0.0222,ok
kathbath/bengali/wavs/844424932412735-1084-f.wav,/Users/monujgogoi/Downloads/kathbath/bengali/wavs/844424932412735-1084-f.wav,4.0170625,বৈদেশিক মুদ্রার ঋণ পাওয়া গেলেও যতটা সম্ভব না নেওয়া,বৈদেশিক মুদ্রার ঋণ পাওয়া গেলেও যতটা সম্ভব না নেওয়া।,0.1111,0.0227,ok
kathbath/bengali/wavs/844424932334606-1084-f.wav,/Users/monujgogoi/Downloads/kathbath/bengali/wavs/844424932334606-1084-f.wav,4.760125,পেশায় একজন কুটনীতিক ও বিশেষজ্ঞ চিকিৎসক হিসাবে অধ্যাপক ড,পেশায় একজন কূটনীতিক ও বিশেষজ্ঞ চিকিৎসক হিসেবে অধ্যাপক ডঃ।,0.3333,0.0833,ok
kathbath/bengali/wavs/844424932412709-1084-f.wav,/Users/monujgogoi/Downloads/kathbath/bengali/wavs/844424932412709-1084-f.wav,4.8994375,সেই ধারাবাহিকতায় নতুন কিছু নিয়ে এই ঈদে হাজির লাইফস্টাইল ব্র্যান্ড,সেই ধারাবাহিকতায় নতুন কিছু নিয়ে এই ঈদে হাজির লাইফস্টাইল ব্র্যান্ড।,0.1,0.0172,ok
kathbath/bengali/wavs/844424932422147-37-f.wav,/Users/monujgogoi/Downloads/kathbath/bengali/wavs/844424932422147-37-f.wav,4.3885625,তিনি শকুন্তলা দেবীর মানসিক দক্ষতার উপর বেশ কিছু পরীক্ষা করেন,তিনি শকুন্তলা দেবীর মানসিক দক্ষতার উপর বেশ কিছু পরীক্ষা করেন।,0.1,0.0196,ok
kathbath/bengali/wavs/844424932390952-1084-f.wav,/Users/monujgogoi/Downloads/kathbath/bengali/wavs/844424932390952-1084-f.wav,6.9195625,ব্যাংকের এমডি মোহম্মদ শওকত জামিল সম্প্রতি নারায়ণগঞ্জ সিটি করপোরেশনের মেয়র ডা,ব্যাংকের এমডি মোহাম্মদ শওকত জামিল সম্প্রতি নারায়ণগঞ্জ সিটি কর্পোরেশনের মেয়র ডা।,0.2727,0.0441,ok
kathbath/bengali/wavs/844424931123498-92-f.wav,/Users/monujgogoi/Downloads/kathbath/bengali/wavs/844424931123498-92-f.wav,7.453625,বাজেট ঘাটতি এবং প্রভূত ঋণের বোঝা লাঘব করতে সরকারি কোষাগারের ব্যয় সংকোচ ও ব্যাপক,বাজেট ঘাটতি এবং প্রভূত ঋণের বোঝা লাঘব করতে সরকারি কোষাগারের ব্যয় সংকোচ ও ব্যাপক।,0.0714,0.0149,ok
kathbath/bengali/wavs/844424932843733-725-f.wav,/Users/monujgogoi/Downloads/kathbath/bengali/wavs/844424932843733-725-f.wav,4.7136875,তবে ভারতের বিপক্ষে একমাত্র টেস্ট ড্র করতে কোনো সমস্যা হয়নি,তবে ভারতের বিপক্ষে একমাত্র টেস্ট ড্র করতে কোনও সমস্যা হয়নি।,0.2,0.04,ok
kathbath/bengali/wavs/844424932361139-1084-f.wav,/Users/monujgogoi/Downloads/kathbath/bengali/wavs/844424932361139-1084-f.wav,5.61925,সড়ক ও ফুটপাতে অবৈধভাবে রাখা সামগ্রী ২১ লক্ষাধিক টাকায় বিক্রি,সড়ক ও ফুটপাতে অবৈধভাবে রাখা সামগ্রী একুশ লক্ষাধিক টাকায় বিক্রি।,0.2,0.0943,ok
kathbath/bengali/wavs/844424932805242-725-f.wav,/Users/monujgogoi/Downloads/kathbath/bengali/wavs/844424932805242-725-f.wav,3.970625,সভায় আরও বক্তব্য দেন বিএনপির স্থায়ী কমিটির সদস্য ড,সভায় আরও বক্তব্য দেন বিএনপির স্থায়ী কমিটির সদস্য ডঃ।,0.1111,0.0455,ok
kathbath/bengali/wavs/844424932355683-436-f.wav,/Users/monujgogoi/Downloads/kathbath/bengali/wavs/844424932355683-436-f.wav,3.8080625,দেখে নেওয়া যাক দুধের সঙ্গে মধু খেলে কী কী উপকার পাবেন,দেখে নেওয়া যাক দুধের সঙ্গে মধু খেলে কী কী উপকার পাবেন।,0.0909,0.0227,ok
kathbath/bengali/wavs/844424932350904-1084-f.wav,/Users/monujgogoi/Downloads/kathbath/bengali/wavs/844424932350904-1084-f.wav,5.9675625,দিল্লির নিজামুদ্দিনের ঘটনা সামনে আসতেই নড়েচড়ে বসল মালদহ জেলা প্রশাসন,দিল্লির নিজামুদ্দিনের ঘটনা সামনে আসতেই নড়েচড়ে বসল মালদাহ জেলা প্রশাসন।,0.2,0.0328,ok
kathbath/bengali/wavs/844424930554343-92-f.wav,/Users/monujgogoi/Downloads/kathbath/bengali/wavs/844424930554343-92-f.wav,6.3158125,সারা আলি খান ও কার্তিক আরিয়ানকেও নিয়েও গুঞ্জন শোনা যাচ্ছে,সারা আলী খান ও কার্তিক আরিয়ানকেও নিয়েও গুঞ্জন শোনা যাচ্ছে,0.1,0.02,ok
kathbath/bengali/wavs/844424932357430-1084-f.wav,/Users/monujgogoi/Downloads/kathbath/bengali/wavs/844424932357430-1084-f.wav,7.3375,রাজীবকে জেরার আগেই কলকাতা পুলিশের পাল্টা হানা নাগেশ্বরের স্ত্রীর সঙ্গে যুক্ত সংস্থায়,রাজীবকে জেরার আগেই কলকাতা পুলিশের পাল্টা হানা নাগেশ্বরীর স্ত্রীর সঙ্গে যুক্ত সংস্থায়।,0.1667,0.027,ok
kathbath/bengali/wavs/844424932346117-436-f.wav,/Users/monujgogoi/Downloads/kathbath/bengali/wavs/844424932346117-436-f.wav,5.921125,এ বিষয়ে ঢাকা বিশ্ববিদ্যালয়ের সমাজবিজ্ঞান বিভাগের চেয়ারম্যান অধ্যাপক ড,এ বিষয়ে ঢাকা বিশ্ববিদ্যালয়ের সমাজবিজ্ঞান বিভাগের চেয়ারম্যান অধ্যাপক ডঃ।,0.1111,0.0312,ok
kathbath/bengali/wavs/844424932803523-725-f.wav,/Users/monujgogoi/Downloads/kathbath/bengali/wavs/844424932803523-725-f.wav,3.5526875,গতকাল মামলার অপর দুই আসামি আদালতে হাজির হলেও ড,গতকাল মামলার অপর দুই আসামী আদালতে হাজির হলেও ড।,0.2222,0.0526,ok
kathbath/bengali/wavs/844424931323255-906-f.wav,/Users/monujgogoi/Downloads/kathbath/bengali/wavs/844424931323255-906-f.wav,5.5728125,ঢাকায় ১৫ জুলাই পর্যন্ত ফ্লাইট বাতিল করলো টার্কিশ এয়ারলাইন্স,ঢাকায় ১৫ই জুলাই পর্যন্ত ফ্লাইট বাতিল করল টার্কিশ এয়ারলাইন্স।,0.3333,0.0566,ok
kathbath/bengali/wavs/844424932350865-1084-f.wav,/Users/monujgogoi/Downloads/kathbath/bengali/wavs/844424932350865-1084-f.wav,8.800375,মুখ্যমন্ত্রীর মতোই সকাল সকাল পূর্ব দিল্লির পোলিং স্টেশনে সস্ত্রীক ভোট দিলেন উপমুখ্যমন্ত্রী মণীশ সিসোদিয়া,মুখ্যমন্ত্রীর মতোই সকাল সকাল পূর্ব দিল্লির পোলিং স্টেশনে স্বস্ত্রিক ভোট দিলেন উপমুখ্যমন্ত্রী মনীষ সিসোদিয়া।,0.2143,0.0652,ok
kathbath/bengali/wavs/844424932355676-436-f.wav,/Users/monujgogoi/Downloads/kathbath/bengali/wavs/844424932355676-436-f.wav,5.99075,আরও পড়ুন হেমতাবাদের বিধায়কের মৃত্যুতে সিবিআই তদন্তের দাবি খারিজ হাইকোর্টে,আরও পড়ুন হেমতাবাদের বিধায়কের মৃত্যুতে সিবিআই তদন্তের দাবি খারিজ হাইকোর্টে।,0.1,0.0152,ok
kathbath/bengali/wavs/844424932675173-725-f.wav,/Users/monujgogoi/Downloads/kathbath/bengali/wavs/844424932675173-725-f.wav,5.131625,ইসলামপুর টাউন যুব তৃণমূল সভাপতি কৌশিক গুন সহ একাধিক নেতৃত্বরা,ইসলামপুর টাউন যুব তৃণমূল সভাপতি কৌশিক গুন্ড সহ একাধিক নেতৃত্বরা।,0.2,0.0577,ok
kathbath/bengali/wavs/844424932355638-436-f.wav,/Users/monujgogoi/Downloads/kathbath/bengali/wavs/844424932355638-436-f.wav,4.5743125,এ বিষয়ে বরগুনার সদর উপজেলার ভারপ্রাপ্ত শিক্ষা কর্মকর্তা মো,এ বিষয়ে বরগুনার সদর উপজেলার ভারপ্রাপ্ত শিক্ষাকর্মকর্তা মোঃ।,0.3333,0.0392,ok
kathbath/bengali/wavs/844424932523512-37-f.wav,/Users/monujgogoi/Downloads/kathbath/bengali/wavs/844424932523512-37-f.wav,8.8235625,৮ জানুয়ারি ধর্মঘটের স্বপক্ষে আজ বাঁকুড়ার সোনামুখীতে মহামিছিল করল সিপিএম,8ই জানুয়ারি ধর্মঘটের স্বপক্ষে আজ বাঁকুড়ার সোনামুখীতে মহামিছিল করল সিপিএম।,0.2,0.0469,ok
kathbath/bengali/wavs/844424932327535-1084-f.wav,/Users/monujgogoi/Downloads/kathbath/bengali/wavs/844424932327535-1084-f.wav,8.3824375,জাতীয় সঙ্গীত পরিবেশ অনুষ্ঠানে অন্যান্যের মধ্যে উপস্থিত ছিলেন খেলাঘর চট্টগ্রাম মহানগরী কমিটির সভাপতি ডা,জাতীয় সংগীত পরিবেশ অনুষ্ঠানে অন্যান্যের মধ্যে উপস্থিত ছিলেন খেলাঘর চট্টগ্রাম মহানগরী কমিটির সভাপতি ডাঃ।,0.1429,0.0444,ok
kathbath/bengali/wavs/844424932390938-1084-f.wav,/Users/monujgogoi/Downloads/kathbath/bengali/wavs/844424932390938-1084-f.wav,5.20125,মুহুরী নদীর বন্যা নিয়ন্ত্রণ বাঁধের ৯ স্থানে ফাটল দেখা দিয়েছে,মুহুরি নদীর বন্যানিয়ন্ত্রণ বাঁধের নয় স্থানে ফাটল দেখা দিয়েছে।,0.5,0.0943,ok
kathbath/bengali/wavs/844424931029524-760-f.wav,/Users/monujgogoi/Downloads/kathbath/bengali/wavs/844424931029524-760-f.wav,9.3344375,শারীরিক অসুস্থতার কারণে গত লোকসভা নির্বাচন থেকেও নিজেকে সরিয়ে নিয়েছিলেন,শারীরিক অসুস্থতার কারণে গত লোকসভা নির্বাচন থেকেও নিজেকে সরিয়ে নিয়েছিলেন।,0.1,0.0156,ok
kathbath/bengali/wavs/844424932804689-725-f.wav,/Users/monujgogoi/Downloads/kathbath/bengali/wavs/844424932804689-725-f.wav,5.7585625,সরকার দেশে আর শিক্ষিত বেকার তৈরি করতে চায় না বলে মন্তব্য করেছেন শিক্ষামন্ত্রী ডা,সরকার দেশে আর শিক্ষিত বেকা তৈরি করতে চায় না বলে মন্তব্য করেছেন শিক্ষামন্ত্রী ডা।,0.1429,0.0294,ok
kathbath/bengali/wavs/844424932676683-725-f.wav,/Users/monujgogoi/Downloads/kathbath/bengali/wavs/844424932676683-725-f.wav,7.2910625,শক্তিনগর জেলা হাসপাতালেরই মেডিসিনের আর এক তরুণ চিকিৎসক প্রবল শ্বাসকষ্ট নিয়ে বর্তমানে কলকাতার একটি,শক্তিনগর জেলা হাসপাতালেরই মেডিসিনের আর এক তরুণ চিকিৎসক প্রবল শ্বাসকষ্ট নিয়ে বর্তমানে কলকাতার একটি।,0.0714,0.0118,ok
kathbath/bengali/wavs/844424932805270-725-f.wav,/Users/monujgogoi/Downloads/kathbath/bengali/wavs/844424932805270-725-f.wav,5.5728125,২৯ এপ্রিল রাতের দূর্ঘটনা ও তার নেপথ্যে থাকা ঘটনাগুলিকেই পর্দায় ফুটিয়ে তুলতে পারেন শঙ্কুদেব,29 এপ্রিল রাতে দুর্ঘটনা ও তার নেপথ্যে থাকা ঘটনাগুলিকেই পর্দায় ফুটিয়ে তুলতে পারেন শঙ্কুদেব।,0.2857,0.0633,ok
kathbath/bengali/wavs/844424931382736-1116-f.wav,/Users/monujgogoi/Downloads/kathbath/bengali/wavs/844424931382736-1116-f.wav,5.340625,আর এই দিনটি উদযাপন করতে মুম্বাইতে ঘরোয়া পার্টিতে এক হয়েছিলেন,আর এই দিনটি উদযাপন করতে মুম্বাইতে ঘরোয়া পার্টিতে এক হয়েছিলেন।,0.1,0.0189,ok
kathbath/bengali/wavs/844424931309434-1116-f.wav,/Users/monujgogoi/Downloads/kathbath/bengali/wavs/844424931309434-1116-f.wav,7.0124375,লোন রিকভারির কাজে বেরিয়ে তিনি ফিরে না আসায় ডোমজুড় থানায় নিখোঁজসংক্রান্ত ডায়েরি করা হয়,লোন রিকভারির কাছে বেরিয়ে তিনি ফিরে না আসায় ডোমজুড় থানায় নিখোঁজ সংক্রান্ত ডায়রি করা হয়।,0.3571,0.0385,ok
kathbath/bengali/wavs/844424932355651-436-f.wav,/Users/monujgogoi/Downloads/kathbath/bengali/wavs/844424932355651-436-f.wav,3.8313125,এখনও সেখানে এক জঙ্গি লুকিয়ে রয়েছে বলে মনে করা হচ্ছে,এখনও সেখানে এক জঙ্গি লুকিয়ে রয়েছে বলে মনে করা হচ্ছে।,0.1,0.0227,ok
kathbath/bengali/wavs/844424930784816-92-f.wav,/Users/monujgogoi/Downloads/kathbath/bengali/wavs/844424930784816-92-f.wav,4.156375,তোর কাছ থেকে কেড়ে নেবে ওরা এক এক করে,তোর কাছ থেকে কেড়ে নেবে ওরা এক এক করে।,0.1111,0.0345,ok
kathbath/bengali/wavs/844424932412742-1084-f.wav,/Users/monujgogoi/Downloads/kathbath/bengali/wavs/844424932412742-1084-f.wav,8.68425,পড়ুয়াদের মনে দেশের প্রতি প্রেম জাগাতে দেশের ৪৬ টি কেন্দ্রীয় বিশ্ববিদ্যালয়ের সবগুলিতে ২০৭ ফুট উচ্চতার জাতীয়,পড়ুয়াদের মনে দেশের প্রতি প্রেম জাগাতে দেশের 46টি কেন্দ্রীয় বিশ্ববিদ্যালয়ের সবগুলিতে 207 ফুট উচ্চতার জাতীয়।,0.25,0.0625,ok
kathbath/bengali/wavs/844424932675186-725-f.wav,/Users/monujgogoi/Downloads/kathbath/bengali/wavs/844424932675186-725-f.wav,6.083625,ম্যাচে খেলতে দেখা যাবে মনোজ তিওয়ারি এবং ভারতের সাবেক উইকেটকিপার ব্যাটসম্যান দীপ দাশগুপ্তকে,ম্যাচে খেলতে দেখা যাবে মনোজ তিওয়ারী এবং ভারতের সাবেক উইকেটকিপার ব্যাটসম্যান দীপ দাসগুপ্তকে।,0.1538,0.038,ok
kathbath/bengali/wavs/844424931382779-1116-f.wav,/Users/monujgogoi/Downloads/kathbath/bengali/wavs/844424931382779-1116-f.wav,3.947375,আমি তাকে ভালোবেসে জমিয়ে রাখি লাল নীল টিপের পাশে,আমি তাকে ভালোবেসে জমিয়ে রাখি লাল নীল টিপের পাশে।,0.1111,0.025,ok
kathbath/bengali/wavs/844424931185309-1116-f.wav,/Users/monujgogoi/Downloads/kathbath/bengali/wavs/844424931185309-1116-f.wav,3.87775,এই খুঁটিনাটি বিষয় গুলিই ফুটিয়ে তোলার চেষ্টা করা হবে মণ্ডপে,এই খুঁটিনাটি বিষয়গুলি ফুটিয়ে তোলার চেষ্টা করা হবে মণ্ডপে।,0.3,0.0392,ok
kathbath/bengali/wavs/844424932426782-37-f.wav,/Users/monujgogoi/Downloads/kathbath/bengali/wavs/844424932426782-37-f.wav,10.031,ঢাকা বিশ্ববিদ্যালয় কর্তৃপক্ষ মাদক ব্যবসা ও সেবনের সঙ্গে জড়িত থাকার অভিযোগে দুই ছাত্রলীগ নেতাসহ তিনজনকে,ঢাকা বিশ্ববিদ্যালয় কর্তৃপক্ষ মাদক ব্যবসা ও সেবনের সঙ্গে জড়িত থাকার অভিযোগে দুই ছাত্রলীগের নেতাসহ তিনজনকে।,0.1333,0.0333,ok
kathbath/bengali/wavs/844424932426787-37-f.wav,/Users/monujgogoi/Downloads/kathbath/bengali/wavs/844424932426787-37-f.wav,8.9629375,গোপীচাঁদের অবদান সারা বিশ্বের সমস্ত স্পোর্টসের জন্য অনুপ্রেরণামূলক বলে জানিয়েছে আইওসি,গোপীচাঁদের অবদান সারা বিশ্বের সমস্ত স্পোর্টসের জন্য অনুপ্রেরণামূলক বলে জানিয়েছেন আইওসি।,0.1818,0.0263,ok
kathbath/bengali/wavs/844424932334598-1084-f.wav,/Users/monujgogoi/Downloads/kathbath/bengali/wavs/844424932334598-1084-f.wav,4.760125,এঘটনায় এসআই ইমরান উকিল বাদী হয়ে একটি মামলা দায়ের করেছে,এ ঘটনায় এসআই ইমরান উকিলবাদী হয়ে একটি মামলা দায়ের করেছেন,0.5,0.0208,ok
kathbath/bengali/wavs/844424931285051-906-f.wav,/Users/monujgogoi/Downloads/kathbath/bengali/wavs/844424931285051-906-f.wav,7.1285625,যদিও সংসদে অধিবেশন চলায় এখনই এই তৃণমূল সাংসদ আসতে পারবেন না বলে জানিয়ে দেন,যদিও সংসদে অধিবেশন চলায় এখনই তৃণমূল সাংসদ আসতে পারবেন না বলে জানিয়ে দেন।,0.1429,0.0476,ok
kathbath/bengali/wavs/844424932358421-436-f.wav,/Users/monujgogoi/Downloads/kathbath/bengali/wavs/844424932358421-436-f.wav,4.8065625,আর কী কী ফিচার্স রয়েছে এই ফোনগুলিতে জেনে নিন,আর কি কি ফিচার্স রয়েছে এই ফোনগুলিতে জেনে নিন।,0.3333,0.0811,ok
kathbath/bengali/wavs/844424932346113-436-f.wav,/Users/monujgogoi/Downloads/kathbath/bengali/wavs/844424932346113-436-f.wav,6.7105625,সিরিয়া থেকে ট্রাম্পের সেনা প্রত্যাহারের ঘোষণার পরেই তিনি এমন সিদ্ধান্ত নিয়েছেন,সিরিয়া থেকে ট্রাম্পের সেনা প্রত্যাহারের ঘোষণার পরেই তিনি এমন সিদ্ধান্ত নিয়েছেন।,0.0909,0.0143,ok
kathbath/bengali/wavs/844424930842524-92-f.wav,/Users/monujgogoi/Downloads/kathbath/bengali/wavs/844424930842524-92-f.wav,6.0604375,স্বস্তির ঘুম ঘুমতে জেনে রাখুন কী কী করা উচিত আর কোন অভ্যাস এড়িয়ে যাবেন,স্বস্তির ঘুম ঘুমোতে জেনে রাখুন কি কি করা উচিত আর কোন অভ্যাস এড়িয়ে যাবেন।,0.2857,0.0678,ok
kathbath/bengali/wavs/844424932361145-1084-f.wav,/Users/monujgogoi/Downloads/kathbath/bengali/wavs/844424932361145-1084-f.wav,5.0155,হজ ক্যাম্পে হামদর্দের ফ্রি চিকিৎসা ওষুধ বিতরণ ও তথ্যসেবা কেন্দ্র,হজ ক্যাম্পে হামদর্দের ফ্রি চিকিৎসা ও ওষুধ বিতরণ ও তথ্য সেবা কেন্দ্র।,0.4,0.0364,ok
kathbath/bengali/wavs/844424932390922-1084-f.wav,/Users/monujgogoi/Downloads/kathbath/bengali/wavs/844424932390922-1084-f.wav,5.108375,ধান কেটে ঘরে তুলে দিয়ে কৃষককে চিন্তামুক্ত করলেন উপজেলা চেয়ারম্যান,ধান কেটে ঘরে তুলে দিয়ে কৃষককে চিন্তামুক্ত করলেন উপজেলা চেয়ারম্যান।,0.1,0.0172,ok
kathbath/bengali/wavs/844424932803533-725-f.wav,/Users/monujgogoi/Downloads/kathbath/bengali/wavs/844424932803533-725-f.wav,5.1548125,ডু অর ডাই ম্যাচে পাঞ্জাবের বিরুদ্ধে টসে জিতে ফিল্ডিংয়ের সিদ্ধান্ত কোহলির,ডু অর ডাই ম্যাচে পাঞ্জাবের বিরুদ্ধে টসে জিতে ফিল্ডিংয়ের সিদ্ধান্ত কোহলির।,0.0909,0.0159,ok
kathbath/bengali/wavs/844424932805316-725-f.wav,/Users/monujgogoi/Downloads/kathbath/bengali/wavs/844424932805316-725-f.wav,4.945875,এছাড়া পুরো থানা এলাকায় মাদকবিরোধী অভিযান জোরদারের দাবি জানান বলে জানিয়েছেন ওসি মো,এছাড়া পুরো থানা এলাকায় মাদক বিরোধী অভিযান জোরদারের দাবি জানান বলে জানিয়েছেন ওসি মো।,0.2308,0.0139,ok
kathbath/bengali/wavs/844424932676619-725-f.wav,/Users/monujgogoi/Downloads/kathbath/bengali/wavs/844424932676619-725-f.wav,5.1548125,আজকের এই তারিখে জন্মগ্রহণ করায় পাশ্চাত্যমতে আপনি মীন রাশির জাতক,আজকের এই তারিখে জন্মগ্রহণ করায় পাশ্চাত্যমতে আপনি মীন রাশির জাতক।,0.1,0.0182,ok
kathbath/bengali/wavs/844424931029504-760-f.wav,/Users/monujgogoi/Downloads/kathbath/bengali/wavs/844424931029504-760-f.wav,8.986125,করোনায় মারা গেলেন এনটিভির অনুষ্ঠান প্রধান মোস্তফা কামাল সৈয়দ,করোনায় মারা গেলেন এনটিভির অনুষ্ঠান প্রধান মোস্তাফা কামাল সাইদ।,0.2222,0.0926,ok
kathbath/bengali/wavs/844424931382766-1116-f.wav,/Users/monujgogoi/Downloads/kathbath/bengali/wavs/844424931382766-1116-f.wav,7.267875,ফায়ার সার্ভিস ও সিভিল ডিফেন্স অধিদফতরে ৫ টি পদে ১৮৫ জনকে নিয়োগ দেওয়া হবে,ফায়ার সার্ভিস ও সিভিল ডিফেন্স অধ্যুক দপ্তরে পাঁচটি পদে ১৮৫ জনকে নিয়োগ দেওয়া হবে।,0.2857,0.1774,ok
kathbath/bengali/wavs/844424932676654-725-f.wav,/Users/monujgogoi/Downloads/kathbath/bengali/wavs/844424932676654-725-f.wav,5.78175,ক্ষতির বোঝা সইতে না পেরে রিলায়েন্স কমিউনিকেশন থেকে পদত্যাগ অনিল আম্বানির,ক্ষতির বোঝা সইতে না পেরে রিলায়েন্স কমিউনিকেশন থেকে পদত্যাগ অনিল আম্বানির।,0.0909,0.0159,ok
kathbath/bengali/wavs/844424930757902-661-f.wav,/Users/monujgogoi/Downloads/kathbath/bengali/wavs/844424930757902-661-f.wav,6.94275,বেহালার ১২৩ নম্বর ওয়ার্ডে বেশ কয়েকজন করোনায় আক্রান্ত হয়েছে,বেহালার 123 নম্বর ওয়ার্ডে বেশ কয়েকজন করোনায় আক্রান্ত হয়েছে।,0.2222,0.0741,ok
kathbath/bengali/wavs/844424933095904-725-f.wav,/Users/monujgogoi/Downloads/kathbath/bengali/wavs/844424933095904-725-f.wav,3.66875,তেমন আগুন লাগলে আশেপাশে ছড়িয়ে পড়ে বিপদ হবেই,তেমন আগুন লাগলে আশেপাশে ছড়িয়ে পড়ে বিপদ হবেই।,0.125,0.0256,ok
kathbath/bengali/wavs/844424932358443-436-f.wav,/Users/monujgogoi/Downloads/kathbath/bengali/wavs/844424932358443-436-f.wav,4.5743125,গত ২৪ ঘন্টায় দেশে করোনায় মারা গেছেন ৩৫ জন,গত 24 ঘণ্টায় দেশে করোনায় মারা গেছেন 35 জন।,0.4444,0.1714,ok
kathbath/bengali/wavs/844424932394618-37-f.wav,/Users/monujgogoi/Downloads/kathbath/bengali/wavs/844424932394618-37-f.wav,5.596,যেমন যারা করোনায় আক্রান্ত হয়েছেন তাদের আগামী এক মাসের জন্য,যেমন যারা করোনায় আক্রান্ত হয়েছেন তাদের আগামী এক মাসের জন্য।,0.1,0.0196,ok
kathbath/bengali/wavs/844424930784794-92-f.wav,/Users/monujgogoi/Downloads/kathbath/bengali/wavs/844424930784794-92-f.wav,8.3591875,রাজশাহী বিশ্ববিদ্যালয় চলচ্চিত্র সংসদের সভাপতি গণযোগাযোগ ও সাংবাদিকতা বিভাগের সহযোগী অধ্যাপক ড,রাজশাহী বিশ্ববিদ্যালয় চলচ্চিত্র সংসদের সভাপতি গণযোগাযোগ ও সাংবাদিকতা বিভাগের সহযোগী অধ্যাপক ডঃ।,0.0833,0.0241,ok
kathbath/bengali/wavs/844424932390882-1084-f.wav,/Users/monujgogoi/Downloads/kathbath/bengali/wavs/844424932390882-1084-f.wav,5.4335,এম এ সোবহান ও ইসলামী ফাউন্ডেশনের হালাল ডেস্ক অফিসার ড,এম এস সুবহান ও ইসলামী ফাউন্ডেশনের হালাল ডেস্ক অফিসার ডঃ,0.3,0.0682,ok
kathbath/bengali/wavs/844424932340098-1084-f.wav,/Users/monujgogoi/Downloads/kathbath/bengali/wavs/844424932340098-1084-f.wav,5.5495625,বিশ্বব্যাঙ্কের জিডিপি ক্রমতালিকায় এক ধাপ নেমে সপ্তম স্থানে ভারত,বিশ্ব ব্যাংকের জিডিপি ক্রম তালিকায় একধাপ নেমে সপ্তম স্থানে ভারত।,0.6667,0.0536,ok
kathbath/bengali/wavs/844424932355699-436-f.wav,/Users/monujgogoi/Downloads/kathbath/bengali/wavs/844424932355699-436-f.wav,6.3855,অকেজো হয়ে পড়ে থাকা গাড়িগুলোর বিষয়ে জানতে চাইলে পরিবেশ অধিদফতরের মহাপরিচালক ড,অকেচো হয়ে পড়ে থাকা গাড়িগুলোর বিষয়ে জানতে চাইলে পরিবেশ অধিদপ্তরের মহাপরিচালক ডঃ,0.25,0.058,ok
kathbath/bengali/wavs/844424932843822-725-f.wav,/Users/monujgogoi/Downloads/kathbath/bengali/wavs/844424932843822-725-f.wav,5.8746875,তাঁরা এসেছিলেন সেনাবাহিনীতে অংশ নিতে। বিভিন্ন মুঘল চিত্র থেকে হাবসিদের সম্পর্কে জানা যায়,তারা এসেছিলেন সেনাবাহিনীতে অংশ নিতে বিভিন্ন মুঘল চিত্র থেকে হাফসীদের সম্পর্কে জানা যায়,0.2308,0.0519,ok
kathbath/bengali/wavs/844424932357508-1084-f.wav,/Users/monujgogoi/Downloads/kathbath/bengali/wavs/844424932357508-1084-f.wav,7.3143125,কার্ফু লঙ্ঘনকারীদের আক্রমণে কাটা পড়া হাত অস্ত্রোপচারে জোড়া লাগল পঞ্জাবের এএসআইয়ের,কারফু লঙ্ঘনকারীদের আক্রমণে কাটাপোড়া হাত অস্ত্রোপচারে জোড়া লাগল পাঞ্জাবের এএসআইয়ের।,0.4545,0.0541,ok
kathbath/bengali/wavs/844424932472095-37-f.wav,/Users/monujgogoi/Downloads/kathbath/bengali/wavs/844424932472095-37-f.wav,8.52175,কাঁঠালে থাকা জিঙ্ক ও অন্যান্য মাইক্রো এলিমেন্ট হরমোন ক্ষরণের মাত্রা বজায় রাখে ও ফার্টিলিটি বাড়ায়,কাঁঠালে থাকা জিঙ্ক ও অন্যান্য মাইক্রো এলিমেন্ট হরমোন ক্ষরণের মাত্রা বজায় রাখে ও ফার্টিলিটি বাড়ায়।,0.0667,0.0118,ok
kathbath/bengali/wavs/844424931285083-906-f.wav,/Users/monujgogoi/Downloads/kathbath/bengali/wavs/844424931285083-906-f.wav,5.41025,৩০০ টাকার কমে দুর্দান্ত রিচার্জ অফার নিয়ে জিও এয়ারটেল,৩০০ টাকার কমে দুর্দান্ত রিচার্জ অফার নিয়ে জিও এয়ারটেল।,0.1111,0.0213,ok
kathbath/bengali/wavs/844424932390926-1084-f.wav,/Users/monujgogoi/Downloads/kathbath/bengali/wavs/844424932390926-1084-f.wav,6.083625,ইসলামী ছাত্র মজলিসের কর্মীদের দায়িত্ব শিক্ষার পরিবেশ অক্ষন্ন রাখতে রাসূল সা,ইসলামী ছাত্র মজলিসের কর্মীদের দায়িত্ব শিক্ষার পরিবেশ অক্ষন্ন রাখতে রাসুল শাহ।,0.1818,0.0606,ok
kathbath/bengali/wavs/844424932675154-725-f.wav,/Users/monujgogoi/Downloads/kathbath/bengali/wavs/844424932675154-725-f.wav,4.24925,দুই মাসের মধ্যে ঢাকায় পুলিশের ওপর দুইটি হামলার ঘটনা ঘটলো,2 মাসের মধ্যে ঢাকায় পুলিশের উপর 2টি হামলার ঘটনা ঘটলো।,0.4,0.1667,ok
kathbath/bengali/wavs/844424933096411-725-f.wav,/Users/monujgogoi/Downloads/kathbath/bengali/wavs/844424933096411-725-f.wav,4.7136875,লিওনেল মেসির আর্জেন্তিনার অবস্থা এখন ঠিক টাইটানিকের মতোই,লিওনেল মেসির আর্জেন্টিনার অবস্থা এখন ঠিক টাইটানিকের মতোই।,0.25,0.0408,ok
kathbath/bengali/wavs/844424931034402-760-f.wav,/Users/monujgogoi/Downloads/kathbath/bengali/wavs/844424931034402-760-f.wav,7.5929375,পথশিশু ও অসচ্ছলদের বিনামূল্যে ডেঙ্গুর চিকিৎসা দিতে হাইকোর্টের নির্দেশ,পথশিশু ও অস্বচ্ছলদের বিনামূল্যে ডেঙ্গুর চিকিৎসা দিতে হাইকোর্টের নির্দেশ।,0.2222,0.0492,ok
kathbath/bengali/wavs/844424932339501-436-f.wav,/Users/monujgogoi/Downloads/kathbath/bengali/wavs/844424932339501-436-f.wav,8.4520625,মহান স্বাধীনতা ও জাতীয় দিবস উপলক্ষে সাভারের জাতীয় স্মৃতিসৌধে বীর শহীদদের শ্রদ্ধা জানাচ্ছেন রাষ্ট্রপতি মো,মহান স্বাধীনতা ও জাতীয় দিবস উপলক্ষে সাভারের জাতীয় স্মৃতিসৌধে বীর শহীদদের শ্রদ্ধা জানাচ্ছেন রাষ্ট্রপতি মু।,0.0667,0.0217,ok
kathbath/bengali/wavs/844424933095831-725-f.wav,/Users/monujgogoi/Downloads/kathbath/bengali/wavs/844424933095831-725-f.wav,5.317375,তবে অভিযানের সময় মূল প্রতারকসহ আরও চার থেকে পাঁচজন পালিয়ে যান,তবে অভিযানের সময় মূল প্রতারক সহ আরও 4 থেকে 5 জন পালিয়ে যান।,0.5455,0.1509,ok
kathbath/bengali/wavs/844424933096469-725-f.wav,/Users/monujgogoi/Downloads/kathbath/bengali/wavs/844424933096469-725-f.wav,3.4598125,মিনিট সাতেক হয়েছে প্রধানমন্ত্রী নরেন্দ্র মোদীও হাজির হয়েছেন,মিনিট সাতেক হয়েছে প্রধানমন্ত্রী নরেন্দ্র মোদীও হাজির হয়েছেন।,0.125,0.0185,ok
kathbath/bengali/wavs/844424932412753-1084-f.wav,/Users/monujgogoi/Downloads/kathbath/bengali/wavs/844424932412753-1084-f.wav,5.0619375,সন্তানদের বন্দুক চালানো শেখাতে গিয়ে সাসপেন্ড হলেন পুলিশ অফিসার,সন্তানদের বন্দুক চালানো শেখাতে গিয়ে সাসপেন্ড হলেন পুলিশ অফিসার।,0.1111,0.0182,ok
kathbath/bengali/wavs/844424932474936-37-f.wav,/Users/monujgogoi/Downloads/kathbath/bengali/wavs/844424932474936-37-f.wav,4.2956875,আগের তিন বিয়ের ব্যাপারে জেনে ফেলায় চতুর্থ স্ত্রীকে হত্যা,আগের দিন বিয়ের ব্যাপারে জেনে ফেলা চতুর্থ স্ত্রীকে হত্যা।,0.3333,0.08,ok
kathbath/bengali/wavs/844424932472147-37-f.wav,/Users/monujgogoi/Downloads/kathbath/bengali/wavs/844424932472147-37-f.wav,6.849875,ঘটনার রাতে ব্যাংকে গার্ডের দায়িত্বে ছিলেন পাশের আশ্রাফপুর গ্রামের মৃত ইজ্জত আলীর ছেলে মো,ঘটনার রাতে ব্যাংকের গার্ডের দায়িত্বে ছিলেন পাশে আশরাফপুর গ্রামের মৃত ইজ্জত আলীর ছেলে মোঃ।,0.2857,0.0658,ok
kathbath/bengali/wavs/844424931185318-1116-f.wav,/Users/monujgogoi/Downloads/kathbath/bengali/wavs/844424931185318-1116-f.wav,5.4335,টাচস্ক্রিন এবং রুপান্তরযোগ্য পণ্যটি আগামী কয় মাসের মধ্যেই বাজারে,টাচস্ক্রিন এবং রূপান্তরযোগ্য পণ্যটি আগামী কয় মাসের মধ্যেই বাজারে।,0.2222,0.0351,ok
kathbath/bengali/wavs/844424932357450-1084-f.wav,/Users/monujgogoi/Downloads/kathbath/bengali/wavs/844424932357450-1084-f.wav,4.4118125,জরুরি কারণ ছাড়া ঘরের বাইরে বের হলে কঠোর শাস্তি,জরুরি কারণ ছাড়া ঘরের বাইরে বের হলে কঠোর শাস্তি।,0.1111,0.0256,ok
kathbath/bengali/wavs/844424930939903-92-f.wav,/Users/monujgogoi/Downloads/kathbath/bengali/wavs/844424930939903-92-f.wav,7.7090625,সাদা স্বপ্নালু এই গাউনে প্রিয়াঙ্কার সাজ সম্পূর্ণ করেছিল ৭৫ ফুট লম্বা টুলে ভেইল,সাদা স্বপ্নালু এই গাউনে প্রিয়াঙ্কার সাজ সম্পূর্ণ করেছিল পঁচাত্তর ফুট লম্বা টুলে ভেইল।,0.1538,0.1343,ok
kathbath/bengali/wavs/844424933095818-725-f.wav,/Users/monujgogoi/Downloads/kathbath/bengali/wavs/844424933095818-725-f.wav,3.761625,আর তখনই পুলিশকে ঘিরে ধরে বিক্ষোভ শুরু করেন গ্রামবাসীরা,আর তখনই পুলিশকে ঘিরে ধরে বিক্ষোভ শুরু করেন গ্রামবাসীরা।,0.1111,0.0217,ok
kathbath/bengali/wavs/844424932339469-436-f.wav,/Users/monujgogoi/Downloads/kathbath/bengali/wavs/844424932339469-436-f.wav,4.922625,উত্তরপ্রদেশে ফের একটি জেলার নাম বদলাতে চলেছে যোগী সরকার,উত্তরপ্রদেশে ফের একটি জেলার নাম বদলাতে চলেছে যোগী সরকার।,0.1111,0.0213,ok
kathbath/bengali/wavs/844424931029451-760-f.wav,/Users/monujgogoi/Downloads/kathbath/bengali/wavs/844424931029451-760-f.wav,7.4768125,পঁচাত্তর পেরিয়ে বিবিসি বাংলা এখন চলছে ডিজিটাল ভবিষ্যতের পথে,পঁচাত্তর পেরিয়ে বিবিসি বাংলা এখন চলেছে ডিজিটাল ভবিষ্যতের পথে।,0.2222,0.0385,ok
kathbath/bengali/wavs/844424932332256-436-f.wav,/Users/monujgogoi/Downloads/kathbath/bengali/wavs/844424932332256-436-f.wav,6.1300625,ধান গাছের উফরা রোগ ও শিকড়ে গাঁট সৃষ্টিকারী নিমাটোড ও তার প্রতিকার,ধান গাছের উফরা রোগ ও শিকড়ে গাঁট সৃষ্টিকারী নিমাটোর ও তার প্রতিকার।,0.1667,0.0364,ok
kathbath/bengali/wavs/844424932843760-725-f.wav,/Users/monujgogoi/Downloads/kathbath/bengali/wavs/844424932843760-725-f.wav,5.78175,স্বাভাবিকভাবে বীজ সংরক্ষণ করতে হলে কুমড়া থেকে বীজগুলো আলাদা করে তোয়ালে দিয়ে মুছে ফেলতে হবে,স্বাভাবিকভাবে বীজ সংরক্ষণ করতে হলে কুমড়া থেকে বীজগুলো আলাদা করে তোয়ালে দিয়ে মুছে ফেলতে হবে।,0.0667,0.0127,ok
kathbath/bengali/wavs/844424932350858-1084-f.wav,/Users/monujgogoi/Downloads/kathbath/bengali/wavs/844424932350858-1084-f.wav,5.1780625,নাটোরে রিকশা ভ্যানের ওপর ট্রাক উল্টে ইমাম দম্পতি নিহত,নাটোরে রিক্সা ভ্যানের উপর ট্রাক উল্টে ইমাম দম্পতি নিহত।,0.3333,0.0889,ok
kathbath/bengali/wavs/844424930784866-92-f.wav,/Users/monujgogoi/Downloads/kathbath/bengali/wavs/844424930784866-92-f.wav,5.340625,সাত ওয়ার্ডে বিএনপির কাউন্সিলররা জয়ী হলেও হেরেছে ধানের শীষ,সাত ওয়ার্ডে বিএনপির কাউন্সিলররা জয়ী হলেও হেরেছে ধানের শীষ।,0.1111,0.0196,ok
kathbath/bengali/wavs/844424930784849-92-f.wav,/Users/monujgogoi/Downloads/kathbath/bengali/wavs/844424930784849-92-f.wav,6.5945,আগামী ৪৮ ঘণ্টায় গাঙ্গেও পশ্চিমবঙ্গে ঝড়বৃষ্টির পূর্বাভাস দিল দিল্লির,আগামী 48 ঘণ্টায় গাঙ্গেয় পশ্চিমবঙ্গে ঝড় বৃষ্টির পূর্বাভাস দিল দিল্লির।,0.5556,0.082,ok
kathbath/bengali/wavs/844424932327571-1084-f.wav,/Users/monujgogoi/Downloads/kathbath/bengali/wavs/844424932327571-1084-f.wav,5.4566875,ক্ষেত থেকে দ্রুত পানি অপসারণ না করা হলে বাকি ধানেও পচন ধরবে,ক্ষেত থেকে দ্রুত পানি অপসারণ না করা হলে বাকি ধানেও পচন ধরবে।,0.0833,0.0208,ok
kathbath/bengali/wavs/844424932334602-1084-f.wav,/Users/monujgogoi/Downloads/kathbath/bengali/wavs/844424932334602-1084-f.wav,8.10375,এর আগে উপজেলা পরিষদ মিলনায়তনে প্রাথমিক বিদ্যালয়ের শিক্ষকদের সঙ্গে মতবিনিময় করেন জেলা প্রশাসক মো,এর আগে উপজেলা পরিষদ মিলনায়তনে প্রাথমিক বিদ্যালয়ের শিক্ষকদের সঙ্গে মতবিনিময় করেন জেলা প্রশাসক মো।,0.0714,0.0118,ok
kathbath/bengali/wavs/844424931285071-906-f.wav,/Users/monujgogoi/Downloads/kathbath/bengali/wavs/844424931285071-906-f.wav,6.94275,ফরিদপুর ফায়ার সার্ভিস ও সিভিল ডিফেন্সের সিনিয়র স্টেশন অফিসার মো,ফরিদপুর ফায়ার সার্ভিস ও সিভিল ডিফেন্সের সিনিয়র স্টেশনের অফিসার মো।,0.2,0.0536,ok
kathbath/bengali/wavs/844424932358420-436-f.wav,/Users/monujgogoi/Downloads/kathbath/bengali/wavs/844424932358420-436-f.wav,6.9891875,সদস্যদের আবেদন প্রক্রিয়াকরণ আরও দ্রুত গতিতে হলে তাঁরাও বর্তমান সংকট থেকে দ্রুত স্বস্তি পাবেন,সদস্যদের আবেদন প্রক্রিয়াকরণ আরও দ্রুত গতিতে হলে তারাও বর্তমান সংকট থেকে দ্রুত স্বস্তি পাবেন।,0.1429,0.025,ok
kathbath/bengali/wavs/844424932357414-1084-f.wav,/Users/monujgogoi/Downloads/kathbath/bengali/wavs/844424932357414-1084-f.wav,7.5929375,মিয়ানমারের বাস্তুচ্যুত রোহিঙ্গা জনগোষ্ঠীর প্রত্যাবাসনে যুক্তরাষ্ট্রকে আরও দৃঢ় ভূমিকা রাখার অনুরোধ করে ড,মিয়ানমারের বাস্তুচ্যুত রোহিগা জনগোষ্ঠীর প্রত্যাবাসনে যুক্তরাষ্ট্রকে আরও দৃঢ় ভূমিকা রাখার অনুরোধ করে।,0.2308,0.0323,ok
kathbath/bengali/wavs/844424932339492-436-f.wav,/Users/monujgogoi/Downloads/kathbath/bengali/wavs/844424932339492-436-f.wav,4.9923125,তারা বিস্তীর্ণ হাওরের বিভিন্ন এলাকা থেকে মাটি উত্তোলন করে চড়া দামে,তারা বিস্তীর্ণ হাওয়ারের বিভিন্ন এলাকা থেকে মাটি উত্তোলন করে চড়া দামে।,0.1818,0.0702,ok
kathbath/bengali/wavs/844424932843768-725-f.wav,/Users/monujgogoi/Downloads/kathbath/bengali/wavs/844424932843768-725-f.wav,3.413375,সোনালি ব্যাগ পচে হবে জৈব সার ও মাছের খাদ্য,সোনালী ব্যাগ পচে হবে জৈব সার ও মাছের খাদ্য।,0.2222,0.0588,ok
kathbath/bengali/wavs/844424932358468-436-f.wav,/Users/monujgogoi/Downloads/kathbath/bengali/wavs/844424932358468-436-f.wav,5.0155,দুই বছরের মধ্যে এই প্রক্রিয়া অনুমোদন পাবে বলে আশা প্রকাশ করেছে প্রতিষ্ঠানটি,2 বছরের মধ্যে এই প্রক্রিয়া অনুমোদন পাবে বলে আশা প্রকাশ করেছে প্রতিষ্ঠানটি।,0.1667,0.0615,ok
kathbath/bengali/wavs/844424931323303-906-f.wav,/Users/monujgogoi/Downloads/kathbath/bengali/wavs/844424931323303-906-f.wav,8.8235625,আজোভ সাগরের কের্চ প্রণালীর ওপর নির্মিত রাশিয়ার সংযোগ সেতু এলাকায় রুশ জঙ্গিবিমানের টহল,আজভ সাগরের কের্চ প্রণালীর উপর নির্মিত রাশিয়ার সংযোগ সেতু এলাকায় রুশ জঙ্গি বিমানের টহল।,0.3846,0.04,ok
kathbath/bengali/wavs/844424930757891-661-f.wav,/Users/monujgogoi/Downloads/kathbath/bengali/wavs/844424930757891-661-f.wav,6.269375,এরা বেশ ভালো সাঁতারু এবং সাঁতরানোর সময় শিকার ধরতেও বেশ পটু,এরা বেশ ভালো সাঁতারু এবং সাঁতরানোর সময় শিকার ধরতেও বেশ পটু।,0.0909,0.0204,ok
kathbath/bengali/wavs/844424932805271-725-f.wav,/Users/monujgogoi/Downloads/kathbath/bengali/wavs/844424932805271-725-f.wav,3.1115,এক্ষেত্রে শরীরের যে যে ক্ষতিগুলি হয়ে থাকে সেগুলি হল,এক্ষেত্রে শরীরে যে যে ক্ষতিগুলি হয়ে থাকে সেগুলি হলো।,0.2222,0.0682,ok
kathbath/bengali/wavs/844424932325689-436-f.wav,/Users/monujgogoi/Downloads/kathbath/bengali/wavs/844424932325689-436-f.wav,5.7585625,এক নজরে দেখে নেওয়া যাক পশ্চিম মেদিনীপুর জেলার পঞ্চায়েত নির্বাচনের ফলাফল,এক নজরে দেখে নেওয়া যাক পশ্চিম মেদিনীপুর জেলার পঞ্চায়েত নির্বাচনের ফলাফল।,0.0909,0.0159,ok
kathbath/bengali/wavs/844424931185302-1116-f.wav,/Users/monujgogoi/Downloads/kathbath/bengali/wavs/844424931185302-1116-f.wav,5.1780625,কারণ এই ভিডিয়োতে দেখা গেছে একটি ছেলেকে মারাত্মক ও বিপজ্জনক ভাবে চলন্ত,কারণ এই ভিডিওতে দেখা গেছে একটি ছেলেকে মারাত্মক ও বিপজ্জনকভাবে চলন্ত।,0.3333,0.0678,ok
kathbath/bengali/wavs/844424932675145-725-f.wav,/Users/monujgogoi/Downloads/kathbath/bengali/wavs/844424932675145-725-f.wav,6.083625,আইসিজেতে মিয়ানমারের বিরুদ্ধে মামলা করতে আইনজীবীদের নির্দেশ দিয়েছে গাম্বিয়া,আইসিজেতে মিয়ানমারের বিরুদ্ধে মামলা করতে আইনজীবীদের নির্দেশ দিয়েছে গাম্বিয়া।,0.1111,0.0145,ok
kathbath/bengali/wavs/844424932390932-1084-f.wav,/Users/monujgogoi/Downloads/kathbath/bengali/wavs/844424932390932-1084-f.wav,7.1285625,তবে এরই মাঝে উত্তরপ্রদেশের এক বাসিন্দা যিনি কর্মসূত্রে সৌদি আরবে থাকেন । প্রতীকী ছবি,তবে এরই মাঝে উত্তরপ্রদেশের এক বাসিন্দা যিনি কর্মসূত্রে সৌদি আরবে থাকেন প্রতীকী ছবি।,0.1429,0.0282,ok
kathbath/bengali/wavs/844424932682884-725-f.wav,/Users/monujgogoi/Downloads/kathbath/bengali/wavs/844424932682884-725-f.wav,4.24925,এক বছর পার হলেও দুর্নীতিতে লাগাম টানতে ব্যর্থ মোদী সরকার,এক বছর পার হলেও দুর্নীতিতে লাগাম টানতে ব্যর্থ মোদি সরকার।,0.2,0.0426,ok
kathbath/bengali/wavs/844424932339414-436-f.wav,/Users/monujgogoi/Downloads/kathbath/bengali/wavs/844424932339414-436-f.wav,5.897875,পাঁচ মাসে সঞ্চয়পত্র বিক্রি হয়েছে ২১ হাজার ১৭২ কোটি টাকার,"5 মাসের সঞ্চয়পত্র বিক্রি হয়েছে ₹21,172 কোটি টাকার।",0.6,0.3265,ok
kathbath/bengali/wavs/844424932357466-1084-f.wav,/Users/monujgogoi/Downloads/kathbath/bengali/wavs/844424932357466-1084-f.wav,5.20125,গত ২৪ ঘণ্টায় করোনায় ট্রাম্পের দেশে মৃতের সংখ্যা প্রায় দেড় হাজার,গত 24 ঘণ্টায় করোনার ট্রাম্পের দেশে মৃতের সংখ্যা প্রায় 1500।,0.3636,0.2281,ok
kathbath/bengali/wavs/844424931382782-1116-f.wav,/Users/monujgogoi/Downloads/kathbath/bengali/wavs/844424931382782-1116-f.wav,6.57125,বিশ্বব্যাংকের প্রতিবেদন অনুযায়ী বাংলাদেশে হতদরিদ্রের সংখ্যা ২ কোটি ৪১ লাখ,বিশ্ব ব্যাংকের প্রতিবেদন অনুযায়ী বাংলাদেশে হতদরিদ্রের সংখ্যা ২ কোটি ৪১ লাখ।,0.3,0.0154,ok
kathbath/bengali/wavs/844424932361175-1084-f.wav,/Users/monujgogoi/Downloads/kathbath/bengali/wavs/844424932361175-1084-f.wav,4.551125,অবশেষে শহরের বুকে স্কুল বাড়ী পরিণত হল বিয়ে বাড়ীতে,অবশেষে শহরের বুকে স্কুলবাড়ি পরিণত হলো বিয়েবাড়িতে।,0.5556,0.0909,ok
kathbath/bengali/wavs/844424932843784-725-f.wav,/Users/monujgogoi/Downloads/kathbath/bengali/wavs/844424932843784-725-f.wav,4.365375,এসময় রাকসু সংলাপ কমিটির আহ্বায়ক ও প্রক্টর অধ্যাপক মো,এ সময় রাক্ষু সংলাপ কমিটির আহ্বায় ও প্রক্টর অধ্যাপক মো।,0.5556,0.087,ok
kathbath/bengali/wavs/844424932405190-37-f.wav,/Users/monujgogoi/Downloads/kathbath/bengali/wavs/844424932405190-37-f.wav,3.784875,আর সেই রাজ্য প্রশাসনের দিকে আঙুল তুলছে বিজেপির সর্বভারতীয় কর্তারা,আর সেই রাজ্যের প্রশাসনের দিকে আঙুল তুলছে বিজেপির সর্বভারতীয় কর্তারা।,0.2,0.0526,ok
kathbath/bengali/wavs/844424932804653-725-f.wav,/Users/monujgogoi/Downloads/kathbath/bengali/wavs/844424932804653-725-f.wav,3.274,দেরি না করে বেড়িয়ে পড়ুন মার্চের এই লম্বা উইক এন্ডে,দেরি না করে বেরিয়ে পড়ুন মার্চের এই লম্বা উইকেন্ডে।,0.3,0.0909,ok
kathbath/bengali/wavs/844424931309486-1116-f.wav,/Users/monujgogoi/Downloads/kathbath/bengali/wavs/844424931309486-1116-f.wav,9.7059375,সিএএ বিরুদ্ধে আন্দোলনে অংশগ্রহণ করে গ্রেফতার হওয়া আইপিএফ অফিসার এসআর দারাপুরির বাড়ি যাচ্ছিলেন প্রিয়াঙ্কা,সিএএ বিরুদ্ধে আন্দোলনে অংশগ্রহণ করে গ্রেফতার হওয়া আইপিএফ অফিসার এসআর দারাপুরীর বাড়ি যাচ্ছিলেন প্রিয়াঙ্কা।,0.1429,0.0213,ok
kathbath/bengali/wavs/844424932339477-436-f.wav,/Users/monujgogoi/Downloads/kathbath/bengali/wavs/844424932339477-436-f.wav,4.736875,এ ছাড়া বিশ্ববিদ্যালয় প্রশাসন ওই অফিস আদেশে অধ্যাপক ড,এছাড়া বিশ্ববিদ্যালয় প্রশাসন ওই অফিস আদেশে অধ্যাপক ডঃ।,0.3333,0.0435,ok
kathbath/bengali/wavs/844424932412725-1084-f.wav,/Users/monujgogoi/Downloads/kathbath/bengali/wavs/844424932412725-1084-f.wav,5.1548125,কাজের ফাঁকে এক ফ্যাশন স্টুডিওয় পৌঁছে বেছে নিলেন নিজের পছন্দের পোশাক,কাজের ফাঁকে এক ফ্যাশন স্টুডিওয় পৌঁছে বেছে নিলেন নিজের পছন্দের পোশাক।,0.0909,0.0172,ok
kathbath/bengali/wavs/844424932358442-436-f.wav,/Users/monujgogoi/Downloads/kathbath/bengali/wavs/844424932358442-436-f.wav,4.2725,গত ২৪ জুন অ্যাকাউন্টিং বিভাগের প্রথম বর্ষের শিক্ষার্থী মো,গত ২৪ জুন অ্যাকাউন্টিং বিভাগের প্রথম বর্ষের শিক্ষার্থী মোঃ।,0.1111,0.0408,ok
kathbath/bengali/wavs/844424932325620-436-f.wav,/Users/monujgogoi/Downloads/kathbath/bengali/wavs/844424932325620-436-f.wav,10.9830625,দেশের জনগণের স্বার্থে করোনাভাইরাস পরিস্থিতি চলাকালীন সব রাজনৈতিক দলকে সরকারকে সহযোগিতার আহ্বান জা,দেশের জনগণের স্বার্থে করোনাভাইরাস পরিস্থিতি চলাকালীন সব রাজনৈতিক দলকে সরকারকে সহযোগিতার আহ্বান যা।,0.0769,0.0235,ok
kathbath/bengali/wavs/844424930939911-92-f.wav,/Users/monujgogoi/Downloads/kathbath/bengali/wavs/844424930939911-92-f.wav,5.4566875,সকালে কিট হস্তান্তরের জন্য স্বাস্থ্য বিভাগের কোনো প্রতিনিধি না থাকায় শুধু,সকালে কিট হস্তান্তরের জন্য স্বাস্থ্য বিভাগের কোনও প্রতিনিধি না থাকায় শুধু।,0.1818,0.0312,ok
kathbath/bengali/wavs/844424932339449-436-f.wav,/Users/monujgogoi/Downloads/kathbath/bengali/wavs/844424932339449-436-f.wav,6.4319375,অর্থাভাবে বিশ্ববিদ্যালয়ে ভর্তি হতে পারছেন না চা শ্রমিকের সন্তান,অর্থভাবে বিশ্ববিদ্যালয়ে ভর্তি হতে পারছেন না চা শ্রমিকের সন্তান।,0.2222,0.0357,ok
kathbath/bengali/wavs/844424932332268-436-f.wav,/Users/monujgogoi/Downloads/kathbath/bengali/wavs/844424932332268-436-f.wav,7.082125,দিল্লি ভোট মিটতেি ভর্তুকিহীন রান্নার গ্যাসের দাম বাড়ল প্রায় ১৫০ টাকা,দিল্লি ভোট মিটতে ভর্তুকিহীন রান্নার গ্যাসের দাম বাড়লো প্রায় ১৫০ টাকা।,0.2727,0.05,ok
kathbath/bengali/wavs/844424931123470-92-f.wav,/Users/monujgogoi/Downloads/kathbath/bengali/wavs/844424931123470-92-f.wav,6.78025,জানতে চাইলে চট্টগ্রাম মহানগর দায়রা জজ আদালতের বেঞ্চ সহকারী মো,জানতে চাইলে চট্টগ্রাম মহানগর দায়রা জজ আদালতের বেঞ্চ সহকারী মো.,0.1,0.0189,ok
kathbath/bengali/wavs/844424932350859-1084-f.wav,/Users/monujgogoi/Downloads/kathbath/bengali/wavs/844424932350859-1084-f.wav,6.6409375,মাহফিলে সভাপতিত্ব করেন ফরিদগঞ্জ মজিদিয়া কামিল মাদরাসার অধ্যক্ষ ড,মহফিলে সভাপতিত্ব করেন ফরিদগঞ্জ মজুদিয়া কামিল মাদ্রাসার অধ্যক্ষ ডঃ।,0.4444,0.0877,ok
kathbath/bengali/wavs/844424932682872-725-f.wav,/Users/monujgogoi/Downloads/kathbath/bengali/wavs/844424932682872-725-f.wav,4.435,বিশ্ববিদ্যালয় ক্ষেত্র নয়টি পুরুষ এবং আটটি মহিলা বিশ্ববিদ্যালয় দল,বিশ্ববিদ্যালয়ের ক্ষেত্র নয়টি পুরুষ এবং আটটি মহিলা বিশ্ববিদ্যালয় দল।,0.2222,0.0508,ok
kathbath/bengali/wavs/844424931123521-92-f.wav,/Users/monujgogoi/Downloads/kathbath/bengali/wavs/844424931123521-92-f.wav,5.7353125,গরম গরম ভাতের সঙ্গে পরিবেশন করুন সুস্বাদু এই লেমন মটন কোরমা,গরম গরম ভাতের সঙ্গে পরিবেশন করুন সুস্বাদু এই লেমন মাটন কোরমা।,0.1818,0.0408,ok
kathbath/bengali/wavs/844424932675175-725-f.wav,/Users/monujgogoi/Downloads/kathbath/bengali/wavs/844424932675175-725-f.wav,7.2214375,পুরুলিয়া অস্ত্রবর্ষণ মামলার মূল অভিযুক্ত কিম ডেভিকে প্রত্যর্পণের আর্জি ভারতের,পুরুলিয়া অস্ত্রবর্ষণ মামলার মূল অভিযুক্ত কিম ডেভিকে প্রত্যর্পণের আর্জি ভারতের।,0.1,0.0145,ok
kathbath/bengali/wavs/844424931123554-92-f.wav,/Users/monujgogoi/Downloads/kathbath/bengali/wavs/844424931123554-92-f.wav,6.2461875,জয়া আহসানের অ্যাওয়ার্ড অনুষ্ঠানে মনোনয়ন পাওয়ার খবরকে ভুয়া দাবির সাথে শেয়ার,জয়া আহসানের অ্যাওয়ার্ড অনুষ্ঠানে মনোনয়ন পাওয়ার খবরকে ভুয়া দাবির সাথে শেয়ার।,0.0909,0.0143,ok
kathbath/bengali/wavs/844424932332276-436-f.wav,/Users/monujgogoi/Downloads/kathbath/bengali/wavs/844424932332276-436-f.wav,7.3839375,লিবিয়া থেকে ভূমধ্যসাগর পাড়ি দিয়ে আসা অভিবাসীদের বিরুদ্ধে ব্যাপক ধরপাকড় চালাচ্ছে ইটালি,লিবিয়া থেকে ভূমধ্যসাগর পাড়ি দিয়ে আসা অভিবাসীদের বিরুদ্ধে ব্যাপক ধরপাকোড় চালাচ্ছে ইটালি।,0.1667,0.0256,ok
kathbath/bengali/wavs/844424932332223-436-f.wav,/Users/monujgogoi/Downloads/kathbath/bengali/wavs/844424932332223-436-f.wav,5.805,ক্রিকেট অস্ট্রেলিয়ার সিদ্ধান্তের বিরুদ্ধে আইনি লড়াইয়ে যাবেন না স্মিথ,ক্রিকেট অস্ট্রেলিয়ার সিদ্ধান্তের বিরুদ্ধে আইনি লড়াইয়ে যাবেন না স্মিথ।,0.1111,0.0159,ok
kathbath/bengali/wavs/844424932805318-725-f.wav,/Users/monujgogoi/Downloads/kathbath/bengali/wavs/844424932805318-725-f.wav,5.20125,ভিক্টোরিয়া বেকহাম স্পষ্টতই পিতার দিবসে ডেভিড বেকহ্যামকে অভিনন্দন জানান,ভিক্টোরিয়া বেকাম স্পষ্টতই পিতার দিবসে ডেভিড বেকামকে অভিনন্দন জানান।,0.3333,0.0794,ok
kathbath/bengali/wavs/844424932422115-37-f.wav,/Users/monujgogoi/Downloads/kathbath/bengali/wavs/844424932422115-37-f.wav,11.5403125,প্রচ্ছদ বগুড়া সংবাদ সোনাতলা উপজেলা পরিষদের উপনির্বাচনে সংরক্ষিত ৩ টি আসনে মনোনয়নপত্র জমা পড়েছে পাঁচটি,প্রচ্ছদ বাগুড়া সংবাদ সোনাতলা উপজেলা পরিষদের উপনির্বাচনে সংরক্ষিত তিনটি আসনে মনোনয়পত্র জমা পড়েছে পাঁচটি।,0.3333,0.0667,ok
kathbath/bengali/wavs/844424930842530-92-f.wav,/Users/monujgogoi/Downloads/kathbath/bengali/wavs/844424930842530-92-f.wav,6.94275,নয়া পল্টনে বিএনপির কেন্দ্রীয় কার্যালয়ের সামনে দলটির স্থায়ী কমিটির সদস্য ড,নয়াপল্টনে বিএনপির কেন্দ্রীয় কার্যালয়ের সামনে দলটির স্থায়ী কমিটির সদস্য ডঃ।,0.2727,0.0299,ok
kathbath/bengali/wavs/844424932361185-1084-f.wav,/Users/monujgogoi/Downloads/kathbath/bengali/wavs/844424932361185-1084-f.wav,4.8065625,ওই স্টেটাসেই তিনি জানিয়ে দেন শিশুকন্যার নাম রেখেছেন মিরায়া,ওই স্ট্যাটাসেই তিনি জানিয়ে দেন শিশুকন্যার নাম রেখেছেন মিরায়া।,0.2222,0.0769,ok
kathbath/bengali/wavs/844424932357428-1084-f.wav,/Users/monujgogoi/Downloads/kathbath/bengali/wavs/844424932357428-1084-f.wav,4.8994375,এ কথা জানিয়েছেন মাধ্যমিক ও উচ্চশিক্ষা বিভাগের সচিব মো,একথা জানিয়েছেন মাধ্যমিক ও উচ্চশিক্ষা বিভাগের সচিব মোঃ।,0.3333,0.0435,ok
kathbath/bengali/wavs/844424930939877-92-f.wav,/Users/monujgogoi/Downloads/kathbath/bengali/wavs/844424930939877-92-f.wav,6.292625,হাত কেটে রক্ত দিয়ে শ্লোগান লিখে সরকারের বিরুদ্ধে প্ৰতিবাদ বিধায়ক কুর্মির,হাত কেটে রক্ত দিয়ে স্লোগান লিখে সরকারের বিরুদ্ধে প্রতিবাদ বিধায়ক কুর্মির।,0.2727,0.0469,ok
kathbath/bengali/wavs/844424930939863-92-f.wav,/Users/monujgogoi/Downloads/kathbath/bengali/wavs/844424930939863-92-f.wav,5.78175,রাখাইনে নিরস্ত্র ৬ ব্যক্তিকে হত্যার স্বীকারোক্তি দিলো মিয়ানমারের সেনাবাহিনী,রাখাইনে নিরস্ত্র ছয় ব্যক্তিকে হত্যার শিকরোক্তি দিল মিয়ানমারের সেনাবাহিনী।,0.4444,0.1471,ok
kathbath/bengali/wavs/844424931323298-906-f.wav,/Users/monujgogoi/Downloads/kathbath/bengali/wavs/844424931323298-906-f.wav,5.61925,এ সময় প্রধান অতিথির বক্তব্যে অতিরিক্ত জেলা ম্যাজিস্ট্রেট মো,এ সময় প্রধান অতিথির বক্তব্যে অতিরিক্ত জেলা ম্যাজিস্ট্রেট মো।,0.1111,0.0192,ok
kathbath/bengali/wavs/844424931323304-906-f.wav,/Users/monujgogoi/Downloads/kathbath/bengali/wavs/844424931323304-906-f.wav,6.6409375,খবর ছড়িয়ে পড়ায় পাশাপাশি বিভিন্ন গ্রাম থেকে লোকজন আসছেন আগুন দেখতে,খবর ছড়িয়ে পড়ায় পাশাপাশি বিভিন্ন গ্রাম থেকে লোকজন আসছেন আগুন দেখতে।,0.0909,0.0169,ok
kathbath/bengali/wavs/844424930939847-92-f.wav,/Users/monujgogoi/Downloads/kathbath/bengali/wavs/844424930939847-92-f.wav,4.3189375,দেশে ১০ বছরে জলাতঙ্ক রোগে মৃত্যু কমেছে ১০ গুণ,দেশের 10 বছরে জলাতঙ্কর রোগে মৃত্যু কমেছে 10 গুণ।,0.5556,0.1892,ok
kathbath/bengali/wavs/844424932346134-436-f.wav,/Users/monujgogoi/Downloads/kathbath/bengali/wavs/844424932346134-436-f.wav,5.897875,আর সেই ছোট্ট প্রশ্ন আর অনেক বড় উদ্দেশ্যকে সাথী করেই মেধাবী ও দেশপ্রেমিক ড,আর সেই ছোট্ট প্রশ্ন আর অনেক বড় উদ্দেশ্যকে সাথী করেই মেধাবী ও দেশক্রমিক ড।,0.1429,0.0492,ok
kathbath/bengali/wavs/844424933096425-725-f.wav,/Users/monujgogoi/Downloads/kathbath/bengali/wavs/844424933096425-725-f.wav,4.5975625,সেই পরিস্থিতিতে এক জন ডাক্তারকে এ ভাবে বসিয়ে দেওয়া ঠিক নয় বলে অনেকের মত,সেই পরিস্থিতিতে একজন ডাক্তারকে এভাবে বসিয়ে দেওয়া ঠিক নয় বলে অনেকের মত।,0.3571,0.0164,ok
kathbath/bengali/wavs/844424932678056-725-f.wav,/Users/monujgogoi/Downloads/kathbath/bengali/wavs/844424932678056-725-f.wav,5.4335,এ ঘটনার আগে গত দুই সপ্তাহের মধ্যে পাঁচলাইশ এলাকায় একটি বস্তি দুবার,এ ঘটনার আগে গত দুই সপ্তাহের মধ্যে পাঁচ লাইস এলাকায় একটি বস্তি দুবার।,0.25,0.0357,ok
kathbath/bengali/wavs/844424931034401-760-f.wav,/Users/monujgogoi/Downloads/kathbath/bengali/wavs/844424931034401-760-f.wav,11.1688125,এখন থেকে চুইয়ের ব্যবহার বাড়ার পাশাপাশি বছরজুড়ে সংরক্ষণ করা যাবে বলে মনে করছেন সংশ্লিষ্টরা,এখন থেকে চুইয়ের ব্যবহার বাড়ার পাশাপাশি বছর জুড়ে সংরক্ষণ করা যাবে বলে মনে করছেন সংশ্লিষ্টরা।,0.2143,0.0127,ok
kathbath/bengali/wavs/844424931309468-1116-f.wav,/Users/monujgogoi/Downloads/kathbath/bengali/wavs/844424931309468-1116-f.wav,4.644,রাস্তায় দাঁড়িয়ে টাকা নেওয়ার অপরাধে সাসপেন্ড হলো ৪২ জন পুলিশ,রাস্তায় দাঁড়িয়ে টাকা নেওয়ার অপরাধে সাসপেন্ড হলো 42 জন পুলিশ।,0.2,0.0556,ok
kathbath/bengali/wavs/844424932678074-725-f.wav,/Users/monujgogoi/Downloads/kathbath/bengali/wavs/844424932678074-725-f.wav,4.551125,আর্থিক চ্যালেঞ্জের মুখে দফতরগুলিকে সংস্কারের পথে যেতে নির্দেশ মমতার,আর্থিক চ্যালেঞ্জের মুখে দপ্তরগুলিকে সংস্কারের পথে যেতে নির্দেশ মমতার।,0.2222,0.0508,ok
kathbath/bengali/wavs/844424932843813-725-f.wav,/Users/monujgogoi/Downloads/kathbath/bengali/wavs/844424932843813-725-f.wav,4.2956875,গরুর দুধে সোনা আছে বলে সোশ্যাল মিডিয়ায় নিন্দার শিকার হয়েছিলেন তিনি,গরুর দুধে সোনা আছে বলে সোশ্যাল মিডিয়ায় নিন্দার শিকার হয়েছিলেন তিনি।,0.0909,0.0169,ok
kathbath/bengali/wavs/844424932523536-37-f.wav,/Users/monujgogoi/Downloads/kathbath/bengali/wavs/844424932523536-37-f.wav,8.800375,প্রধান কার্যালয়ে আয়োজিত সংবাদ সম্মেলনে সংস্থাটির প্রধান ডিআইজি বনজ কুমার,প্রধান কার্যালয়ে আয়োজিত সংবাদ সম্মেলনে সংস্থাটির প্রধান ডিআইজি মনোজ কুমার।,0.2,0.0462,ok
kathbath/bengali/wavs/844424932361128-1084-f.wav,/Users/monujgogoi/Downloads/kathbath/bengali/wavs/844424932361128-1084-f.wav,8.196625,সড়ক ও মহাসড়ক অধিদপ্তরের প্রধান প্রকৌশলী কাজী শাহরিয়ার হোসেন ও অতিরিক্ত প্রধান প্রকৌশলী মো,সড়ক ও মহাসড়ক অধিদপ্তরের প্রধান প্রকৌশলী কাজী শাউরিয়ার হোসেন ও অতিরিক্ত প্রধান প্রকৌশলী মো।,0.1429,0.0253,ok
kathbath/bengali/wavs/844424932405196-37-f.wav,/Users/monujgogoi/Downloads/kathbath/bengali/wavs/844424932405196-37-f.wav,4.2260625,জেনে নিন কীভাবে পড়লে বা কী করলে সহজেই পড়া মুথস্থ থাকবেঃ,জেনে নিন কিভাবে পড়লে বা কি করলে সহজেই পরামুখস্ত থাকবে।,0.4545,0.1489,ok
kathbath/bengali/wavs/844424932678021-725-f.wav,/Users/monujgogoi/Downloads/kathbath/bengali/wavs/844424932678021-725-f.wav,5.503125,রাজ চক্রবর্তী ও প্রসেনজিৎ চট্টোপাধ্যায়ের ছবি তারকাদের ফেসবুক পেজ থেকে সংগৃহীত,রাজ চক্রবর্তী ও প্রসেনজিৎ চট্টোপাধ্যায়ের ছবি তারকাদের ফেসবুক পেজ থেকে সংগৃহীত।,0.0909,0.0147,ok
kathbath/bengali/wavs/844424932339468-436-f.wav,/Users/monujgogoi/Downloads/kathbath/bengali/wavs/844424932339468-436-f.wav,5.7585625,একমাত্র এই দেশে ভারতের কোনও সমর্থন নেই বলে জানালেন রোহিত শর্মা,একমাত্র এই দেশে ভারতের কোন সমর্থন নেই বলে জানালেন রোহিত শর্মা।,0.1818,0.0385,ok
kathbath/bengali/wavs/844424930842537-92-f.wav,/Users/monujgogoi/Downloads/kathbath/bengali/wavs/844424930842537-92-f.wav,7.639375,এখানে কিভাবে এটি বাছাই এবং কিভাবে বিখ্যাত ব্রান্ডের পেন্সিল আলাদা আমরা সম্পর্কে কথা বলতে হবে,এখানে কিভাবে এটি বাছাই এবং কিভাবে বিখ্যাত ব্র্যান্ডের পেন্সিল আলাদা আমরা সম্পর্কে কথা বলতে হবে।,0.1333,0.0385,ok
kathbath/bengali/wavs/844424932426800-37-f.wav,/Users/monujgogoi/Downloads/kathbath/bengali/wavs/844424932426800-37-f.wav,8.219875,বিষয়টি নিশ্চিত করেছেন সিলেটে স্বাস্থ্য অধিদপ্তরের সহকারী পরিচালক ডা,বিষয়টি নিশ্চিত করেছেন সিলেটে স্বাস্থ্য অধিদপ্তরের সহকারী পরিচালক ডাঃ।,0.1111,0.0333,ok
kathbath/bengali/wavs/844424932426824-37-f.wav,/Users/monujgogoi/Downloads/kathbath/bengali/wavs/844424932426824-37-f.wav,10.170375,ওবায়দুর রহমানের সভাপতিত্বে অনুষ্ঠানে অন্যদের মধ্যে বক্তব্য দেন ঢাকা রেঞ্জের সাবেক ডিআইজি মো,অবয়াদুর রহমানের সভাপতিত্বে অনুষ্ঠানে অন্যদের মধ্যে বক্তব্য দেন ঢাকা রেঞ্জের সাবেক ডিআইজি মোঃ।,0.1538,0.0625,ok
kathbath/bengali/wavs/844424931382811-1116-f.wav,/Users/monujgogoi/Downloads/kathbath/bengali/wavs/844424931382811-1116-f.wav,8.8468125,১ ছাত্র ভর্তির ক্ষেত্রে এসএফআই বা টিএমসিপি কারুরই চাপের কাছে নতি স্বীকার করা যাবেনা,এক ছাত্র ভর্তির ক্ষেত্রে এসএফআই বা টিএমসিপি কারোরই চাপের কাছে নতি স্বীকার করা যাবে না।,0.2857,0.0571,ok
kathbath/bengali/wavs/844424931323271-906-f.wav,/Users/monujgogoi/Downloads/kathbath/bengali/wavs/844424931323271-906-f.wav,6.0604375,ছাত্র কর্মীদের জন্য অক্ষর এবং সেটিং প্রস্তাব যে ইমপ্রোভ প্রারম্ভ,ছাত্রকর্মীদের জন্য অক্ষর এবং সেটিং প্রস্তাব যে ইম্প্রুভ প্রারম্ভ।,0.4,0.0545,ok
kathbath/bengali/wavs/844424932350872-1084-f.wav,/Users/monujgogoi/Downloads/kathbath/bengali/wavs/844424932350872-1084-f.wav,7.453625,এদিকে দিল্লি পুলিশ এদিন ওই হিংসার ঘটনার সূত্র ধরে বিশ্ববিদ্যালয়ের একাধিক পড়ুয়াকে জিজ্ঞাসাবাদ করে,এদিকে দিল্লি পুলিশ এদিনও হিংসার ঘটনার সূত্র ধরে বিশ্ববিদ্যালয়ের একাধিক পড়ুয়াকে জিজ্ঞাসাবাদ করে।,0.2143,0.0233,ok
kathbath/bengali/wavs/844424930757935-661-f.wav,/Users/monujgogoi/Downloads/kathbath/bengali/wavs/844424930757935-661-f.wav,8.777125,হিলারি ক্লিনটন মার্কিন পররাষ্ট্রমন্ত্রী থাকার সময় বাংলাদেশের একমাত্র নোবেল বিজয়ী ড,হিলারি ক্লিন্টন মার্কিন পররাষ্ট্রমন্ত্রী থাকার সময় বাংলাদেশের একমাত্র নোবেল বিজয়ী ডঃ,0.1818,0.027,ok
kathbath/bengali/wavs/844424932676662-725-f.wav,/Users/monujgogoi/Downloads/kathbath/bengali/wavs/844424932676662-725-f.wav,3.9241875,১২ বছর পর অপরাধী সত্য সাহাকে ফাঁসির সাজা দিল আদালত,12 বছর পর অপরাধী সত্য সাহাকে ফাঁসির সাজা দিল আদালত।,0.2,0.0732,ok
kathbath/bengali/wavs/844424932390859-1084-f.wav,/Users/monujgogoi/Downloads/kathbath/bengali/wavs/844424932390859-1084-f.wav,5.5728125,সিরিয়া দুমা শহরের রাসায়নিক হামলার অভিযোগ তুলেছে পশ্চিমা দেশগুলো,সিরিয়া দুমা শহরের রাসায়নিক হামলার অভিযোগ তুলেছে পশ্চিমা দেশগুলো।,0.1111,0.0175,ok
kathbath/bengali/wavs/844424933095880-725-f.wav,/Users/monujgogoi/Downloads/kathbath/bengali/wavs/844424933095880-725-f.wav,4.5046875,তাই ভাতার অর্থ না পেয়ে অসহায়ের মতো ফিরে যেতে হয়েছে তাকে,তাই ভাতার অর্থ না পেয়ে অসহায়ের মতো ফিরে যেতে হয়েছে তাকে।,0.0909,0.0208,ok
kathbath/bengali/wavs/844424932440948-37-f.wav,/Users/monujgogoi/Downloads/kathbath/bengali/wavs/844424932440948-37-f.wav,3.29725,রিফাত হত্যার পরের দিন গত বছরের ২৭ জুন মো,রিফাত হত্যার পরের দিন গত বছরের ২৭ জুন মো।,0.1111,0.0312,ok
kathbath/bengali/wavs/844424930554373-92-f.wav,/Users/monujgogoi/Downloads/kathbath/bengali/wavs/844424930554373-92-f.wav,5.921125,ভারতে ধর্ষণ মামলার শুনানিতে যাওয়ার পথে নারীর গায়ে আগুন,ভারতে ধর্ষণ মামলার শুনানিতে যাওয়ার পথে নারীর গায়ে আগুন।,0.1111,0.0208,ok
kathbath/bengali/wavs/844424932350812-1084-f.wav,/Users/monujgogoi/Downloads/kathbath/bengali/wavs/844424932350812-1084-f.wav,5.61925,কাশ্মীরের মানুষের আন্দোলনকে মুসলিম ধর্মের আন্দোলন হিসেবে দেখাটায় ভুল আছে,কাশ্মীরের মানুষের আন্দোলনকে মুসলিম ধর্মের আন্দোলন হিসেবে দেখাটাই ভুল আছে।,0.2,0.0469,ok
kathbath/bengali/wavs/844424932426756-37-f.wav,/Users/monujgogoi/Downloads/kathbath/bengali/wavs/844424932426756-37-f.wav,4.82975,নিজের পায়ের ছবি নিজেই শেয়ার করলেন বিশ্ব চ্যাম্পিয়ান সাইক্লিস্ট,নিজের পায়ে ছবি নিজেই শেয়ার করেন বিশ্ব চ্যাম্পিয়ন সাইক্লিস্ট।,0.4444,0.0702,ok
kathbath/bengali/wavs/844424930554380-92-f.wav,/Users/monujgogoi/Downloads/kathbath/bengali/wavs/844424930554380-92-f.wav,7.3839375,ছানির অস্ত্রোপচারের সময় ব্যবহৃত লেন্সের দামের বিষয়ে কথা বলেছেন অধ্যাপক ডা,ছানির অস্ত্রপ্রচারের সময় ব্যবহৃত লেন্সের দামের বিষয়ে কথা বলেছেন অধ্যাপক ডাঃ।,0.1818,0.0769,ok
kathbath/bengali/wavs/844424932805219-725-f.wav,/Users/monujgogoi/Downloads/kathbath/bengali/wavs/844424932805219-725-f.wav,6.4551875,আসামি পক্ষের আইনজীবী ছিলেন ব্যারিস্টার ফখরুল ইসলাম এবং রাষ্ট্রপক্ষের আইনজীবী ছিলেন ডিএজি অ্যাডভোকেট মো,আসাম বিপক্ষের আইনজীবী ছিলেন ব্যারিস্টার ফকরুল ইসলাম এবং রাষ্ট্রপক্ষের আইনজীবী ছিলেন ডিএজি অ্যাডভোকেট মো।,0.2857,0.0337,ok
kathbath/bengali/wavs/844424933095900-725-f.wav,/Users/monujgogoi/Downloads/kathbath/bengali/wavs/844424933095900-725-f.wav,6.757,আগামী ৩০ নভেম্বরের মধ্যে চার সহযোগী সংগঠনকে সম্মেলন করতে চিঠি দিয়েছে ক্ষমতাসীন আওয়ামী লীগ,আগামী ৩০ নভেম্বরের মধ্যে চার সহযোগী সংগঠনকে সম্মেলন করতে চিঠি দিয়েছে ক্ষমতাসীন আওয়ামী লীগ।,0.0714,0.0128,ok
kathbath/bengali/wavs/844424931309480-1116-f.wav,/Users/monujgogoi/Downloads/kathbath/bengali/wavs/844424931309480-1116-f.wav,6.757,এটি পরিচালনা করেন জাহাঙ্গীরনগর বিশ্ববিদ্যালয়ের নাটক ও নাট্যতত্ত্ব বিভাগের সহযোগী অধ্যাপক ড,এটি পরিচালনা করেন জাহাঙ্গীরনগর বিশ্ববিদ্যালয়ের নাটক ও নাটকত্ব বিভাগের সহযোগী অধ্যাপক ডঃ।,0.1667,0.0875,ok
kathbath/bengali/wavs/844424930939849-92-f.wav,/Users/monujgogoi/Downloads/kathbath/bengali/wavs/844424930939849-92-f.wav,10.7740625,রাজধানীর ক্লাবপাড়াসহ বিভিন্ন ক্যাসিনোতে অভিযান পরিচালনাকারী আইনশৃঙ্খলা রক্ষাকারী বাহিনীর দায়িত্বশীল কর্মকর্তাদের সঙ্গে আলাপকালে জানা,রাজধানীর ক্লাবপাড়াসহ বিভিন্ন ক্যাসিনোতে অভিযান পরিচালনাকারী আইনশৃঙ্খলা রক্ষাকারী বাহিনীর দায়িত্বশীল কর্মকর্তাদের সঙ্গে আলাপকালে জানা।,0.0714,0.0083,ok
kathbath/bengali/wavs/844424932327565-1084-f.wav,/Users/monujgogoi/Downloads/kathbath/bengali/wavs/844424932327565-1084-f.wav,7.918,অনুষ্ঠানে বিশেষ অতিথি হিসেবে উপস্থিত ছিলেন নারিশ পোল্ট্রি অ্যান্ড হ্যাচারি লিমিটেডের ডিরেক্টর মি,অনুষ্ঠানে বিশেষ অতিথি হিসেবে উপস্থিত ছিলেন নারিশ পোলট্রি অ্যান্ড হ্যাচরি লিমিটেডের ডিরেক্টর মি।,0.2308,0.0357,ok
kathbath/bengali/wavs/844424931029479-760-f.wav,/Users/monujgogoi/Downloads/kathbath/bengali/wavs/844424931029479-760-f.wav,7.175,দলীয় প্রতীক না নিয়ে স্বতন্ত্র প্রার্থী হলেন বিএনপি নেতা,দলীয় প্রতীক না নিয়ে স্বতন্ত্র প্রার্থী হলেন বিএনপি নেতা।,0.1111,0.0204,ok
kathbath/bengali/wavs/844424933096439-725-f.wav,/Users/monujgogoi/Downloads/kathbath/bengali/wavs/844424933096439-725-f.wav,5.41025,কয়েকদিন আগে চন্দননগর পুলিশ কমিশনারেট ট্রাক ঢোকা সংক্রান্ত ওই নিষেধাজ্ঞা জারি করে,কয়েকদিন আগে চন্দননগর পুলিশ কমিশনারের ট্রাক ঢোকা সংক্রান্ত ওই নিষেধাজ্ঞা জারি করে।,0.1667,0.0286,ok
kathbath/bengali/wavs/844424931309521-1116-f.wav,/Users/monujgogoi/Downloads/kathbath/bengali/wavs/844424931309521-1116-f.wav,5.131625,চুয়াডাঙ্গার জাতীয় ভোক্তা অধিকার সংরক্ষণ অধিদপ্তরের সহকারী পরিচালক মো,চুয়ানাঙ্গা জাতীয় ভোক্তা অধিকার সংরক্ষণ অধিদপ্তরের সহকারী পরিচালক মো।,0.2222,0.0484,ok
kathbath/bengali/wavs/844424932803583-725-f.wav,/Users/monujgogoi/Downloads/kathbath/bengali/wavs/844424932803583-725-f.wav,5.340625,প্রয়াত দক্ষিণ আফ্রিকার অবিসংবাদী নেতা নেলসন ম্যান্ডেলার প্রাক্তন স্ত্রী উইনি,প্রয়াত দক্ষিণ আফ্রিকার অবিসংবাদী নেতা নেলসেল ম্যান্ডেলার প্রাক্তন স্ত্রী উইনি।,0.2,0.0441,ok
kathbath/bengali/wavs/844424932678035-725-f.wav,/Users/monujgogoi/Downloads/kathbath/bengali/wavs/844424932678035-725-f.wav,6.849875,নির্বাচন কমিশনের নজরবন্দি থাকার মধ্যেই ডেপুটি ম্যাজিস্ট্রেটের সঙ্গে বাদানুবাদে জড়ালেন বীরভূমের,নির্বাচন কমিশনের নজরবন্দী থাকার মধ্যেই ডেপুটি ম্যাজিস্ট্রেটের সঙ্গে বাদানুবাদে জড়ালেন বীরভূমের।,0.1818,0.0235,ok
kathbath/bengali/wavs/844424930554357-92-f.wav,/Users/monujgogoi/Downloads/kathbath/bengali/wavs/844424930554357-92-f.wav,8.52175,ছয় জাতিগোষ্ঠী ও ইউরোপীয় ইউনিয়নের সঙ্গে ২০১৫ সালে পরমাণু সমঝোতা সই করে ইরান,6 জাতিগোষ্ঠী ও ইউরোপীয় ইউনিয়নের সঙ্গে 2015 সালে পরমাণু সমঝোতা সই করে ইরান।,0.2308,0.1231,ok
kathbath/bengali/wavs/844424932412668-1084-f.wav,/Users/monujgogoi/Downloads/kathbath/bengali/wavs/844424932412668-1084-f.wav,5.340625,ব্রিটেনে করোনায় মৃতের দাফনে এগিয়ে এলো ইস্ট লন্ডন মসজিদ,ব্রিটেনে করোনায় মৃতের দাফনে এগিয়ে এল ইস্ট লন্ডন মসজিদ,0.1111,0.0208,ok
kathbath/bengali/wavs/844424930939846-92-f.wav,/Users/monujgogoi/Downloads/kathbath/bengali/wavs/844424930939846-92-f.wav,7.3375,ময়মসিংহ কৃষি বিশ্ববিদ্যালয়ের বায়োটেকনোলজি অ্যান্ড জেনেটেক ইঞ্জিনিয়ারিং বিভাগের প্রতিষ্ঠাতা ড,ময়মনসিংহ কৃষি বিশ্ববিদ্যালয়ের বায়োটেকনোলজি অ্যান্ড জেনেটেক ইঞ্জিনিয়ারিং বিভাগের প্রতিষ্ঠাতা ডঃ।,0.2,0.0345,ok
kathbath/bengali/wavs/844424933095823-725-f.wav,/Users/monujgogoi/Downloads/kathbath/bengali/wavs/844424933095823-725-f.wav,5.0619375,এবং সেই মতোই নাকি অর্থ বরাদ্দ করছে নরেন্দ্র মোদি সরকার,এবং সেই মতোই নাকি অর্থ বরাদ্দ করছে নরেন্দ্র মোদী সরকার।,0.2,0.0444,ok
kathbath/bengali/wavs/844424931123469-92-f.wav,/Users/monujgogoi/Downloads/kathbath/bengali/wavs/844424931123469-92-f.wav,5.3638125,সম্প্রতি তুর্কি হামলায় আলেপ্পো প্রদেশে আট শিশু নিহত হয়,সম্প্রতি তুর্কি হামলায় আলেপ্পো প্রদেশে আট শিশু নিহত হয়।,0.1111,0.0208,ok
kathbath/bengali/wavs/844424930939874-92-f.wav,/Users/monujgogoi/Downloads/kathbath/bengali/wavs/844424930939874-92-f.wav,7.0356875,ইন্টারনেটকে পুঁজি করে আমরা খারাপ কাজে মনোনিবেশ করছি উল্লেখ করে মাটিরাঙ্গা জোন অধিনায়ক লে,ইন্টারনেটকে পুঁজি করে আমরা খারাপ কাজে মনোনিবেশ করছি উল্লেখ করে মাটিরাঙা জোন অধিনায়ক লে।,0.1429,0.0395,ok
kathbath/bengali/wavs/844424932803594-725-f.wav,/Users/monujgogoi/Downloads/kathbath/bengali/wavs/844424932803594-725-f.wav,6.3855,নিউ টাউনে সুখবৃষ্টি আবাসনে শ্যুটআউটে নিহত দুই পাঞ্জাবি গ্যাংস্টার জয়পাল সিং ভুল্লার ও জশপ্রীত সিং,নিউটাউনে সুখবৃষ্টি আবসানে শুটআউটে নিহত দুই পাঞ্জাবি গ্যাংস্টার জয়পাল সিং ভুল্লার ও যশপ্রীত সিং।,0.4,0.0714,ok
kathbath/bengali/wavs/844424931034376-760-f.wav,/Users/monujgogoi/Downloads/kathbath/bengali/wavs/844424931034376-760-f.wav,7.3839375,লকডাউনে ছবি এঁকে সোশ্যাল মিডিয়ায় ভাইরাল টিম ইন্ডিয়ার স্পিনার,লকডাউনে ছবি এঁকে সোশ্যাল মিডিয়ায় ভাইরাল টিম ইন্ডিয়ার স্পিনার।,0.1111,0.0182,ok
kathbath/bengali/wavs/844424930939891-92-f.wav,/Users/monujgogoi/Downloads/kathbath/bengali/wavs/844424930939891-92-f.wav,6.664125,পাকিস্তানি এয়ার ট্রাফিকের সাহায্যে রক্ষা পেল ১৫০ আরোহী সহ ভারতীয় বিমান,পাকিস্তানি এয়ার ট্রাফিকের সাহায্যে রক্ষা পেল ১৫০ আরোহী সহ ভারতীয় বিমান।,0.0909,0.0161,ok
kathbath/bengali/wavs/844424930841717-70-f.wav,/Users/monujgogoi/Downloads/kathbath/bengali/wavs/844424930841717-70-f.wav,10.8205,হোয়াটস্যাপ মিসড কল নোটিফিকেশনের সঙ্গে নোটিফিকেশন প্যানেলে ফুটে উঠবে ওই বোতাম,হোয়াটসঅ্যাপ মিসড কল নোটিফিকেশনের সঙ্গে নোটিফিকেশন প্যানেলে ফুটে উঠবে ওই বোতাম।,0.1818,0.0299,ok
kathbath/bengali/wavs/844424932390885-1084-f.wav,/Users/monujgogoi/Downloads/kathbath/bengali/wavs/844424932390885-1084-f.wav,5.20125,খুনসুটিতে মাতা দুই তারকার ছবি মুহুর্তে ছড়িয়ে পড়ল নেট দুনিয়ায়,খুনসুটিতে মাতা দুই তারকার ছবি মুহূর্তে ছড়িয়ে পড়ল নেট দুনিয়ায়।,0.2,0.0357,ok
kathbath/bengali/wavs/844424931323240-906-f.wav,/Users/monujgogoi/Downloads/kathbath/bengali/wavs/844424931323240-906-f.wav,5.4335,চা বাগানে ৫০ শতাংশ শ্রমিককে কাজে লাগানোর অনুমতি রাজ্যের,চা বাগানে পঞ্চাশ শতাংশ শ্রমিককে কাজে লাগানোর অনুমতি রাজ্যের।,0.2222,0.1489,ok
kathbath/bengali/wavs/844424931123527-92-f.wav,/Users/monujgogoi/Downloads/kathbath/bengali/wavs/844424931123527-92-f.wav,7.3375,ল্যান্ড পোর্ট অথরিটি অব ইন্ডিয়া শ্রীমন্তপুরে ইন্টিগ্রেটেড চেকপোস্টটিকে সুরক্ষিত ভাবে পরিচালনা,ল্যান্ডপোর্ট অথরিটি অফ ইন্ডিয়া শ্রীমন্তপুরে ইন্টিগ্রেটেড চেকপোস্টটিকে সুরক্ষিতভাবে পরিচালনা।,0.5455,0.0238,ok
kathbath/bengali/wavs/844424932340078-1084-f.wav,/Users/monujgogoi/Downloads/kathbath/bengali/wavs/844424932340078-1084-f.wav,5.82825,পিকে হালদারসহ ২০ জনের সম্পদ পাসপোর্ট জব্দের নির্দেশ হাইকোর্টের,পিকে হালদার সহ কুড়ি জনের সম্পদ পাসপোর্ট জবদের নির্দেশ হাইকোর্টের।,0.5556,0.1296,ok
kathbath/bengali/wavs/844424932332265-436-f.wav,/Users/monujgogoi/Downloads/kathbath/bengali/wavs/844424932332265-436-f.wav,4.2028125,বাসায় যে টাকা পাওয়া গেছে তা কোথা থেকে এসেছে জানতে,বাসায় যে টাকা পাওয়া গেছে তা কোথা থেকে এসেছে জানতে।,0.1,0.0238,ok
kathbath/bengali/wavs/844424930939899-92-f.wav,/Users/monujgogoi/Downloads/kathbath/bengali/wavs/844424930939899-92-f.wav,5.712125,এই বিষয়ে পুরসভাও প্রয়োজনীয় দায়িত্ব পালন করেছে না বলে অভিযোগ ব্যবসায়ীদের,এ বিষয়ে পুরসভাও প্রয়োজনীয় দায়িত্ব পালন করছে না বলে অভিযোগ ব্যবসায়ীদের।,0.2727,0.0455,ok
kathbath/bengali/wavs/844424930757916-661-f.wav,/Users/monujgogoi/Downloads/kathbath/bengali/wavs/844424930757916-661-f.wav,6.083625,তৃণমূল কংগ্রেসে যোগ দিচ্ছেন কামদুনির প্রতিবাদী শিক্ষক প্রদীপ মুখোপাধ্যায়,তৃণমূল কংগ্রেসে যোগ দিচ্ছেন কামদুনীর প্রতিবাদী শিক্ষক প্রদীপ মুখোপাধ্যায়।,0.2222,0.0308,ok
kathbath/bengali/wavs/844424932405230-37-f.wav,/Users/monujgogoi/Downloads/kathbath/bengali/wavs/844424932405230-37-f.wav,4.342125,ভিসা ফি ৫ থেকে ৩০ ডলার পর্যন্ত বৃদ্ধি করা হয়েছে,ভিসা ফি 5 থেকে 30 ডলার পর্যন্ত বৃদ্ধি করা হয়েছে।,0.3,0.1026,ok
kathbath/bengali/wavs/844424932332289-436-f.wav,/Users/monujgogoi/Downloads/kathbath/bengali/wavs/844424932332289-436-f.wav,4.853,ফটোসাংবাদিক কাজল নিখোঁজের এক সপ্তাহ পর মামলা নিল পুলিশ,ফটো সাংবাদিক কাজল নিখোঁজের এক সপ্তাহ পর মামলা নিল পুলিশ।,0.3333,0.0217,ok
kathbath/bengali/wavs/844424932803524-725-f.wav,/Users/monujgogoi/Downloads/kathbath/bengali/wavs/844424932803524-725-f.wav,4.8065625,থ্রিডি টাচ ডিসপ্লে নিয়ে আইফোন ৬ এস ও ৬ এস প্লাস,থ্রিডি টাচ ডিসপ্লে নিয়ে আইফোন 6s ও 6s প্লাস।,0.4545,0.1842,ok
kathbath/bengali/wavs/844424932332285-436-f.wav,/Users/monujgogoi/Downloads/kathbath/bengali/wavs/844424932332285-436-f.wav,4.760125,পুরান ঢাকায় পুনঃউন্নয়নে না এলে ছয়তলার বেশি অনুমোদন নয়,পুরান ঢাকায় পুনঃ উন্নয়নে না এলে ছয় তলার বেশি অনুমোদন নয়।,0.5556,0.0204,ok
kathbath/bengali/wavs/844424932440940-37-f.wav,/Users/monujgogoi/Downloads/kathbath/bengali/wavs/844424932440940-37-f.wav,4.7136875,রাজশাহী বিশ্ববিদ্যালয়ে মৈত্রী নাট্যোৎসব ঘাটুগান ও যাত্রাপালায় মুগ্ধ দর্শক,রাজশাহী বিশ্ববিদ্যালয় মৈত্রী নাট্য উৎসব ঘাটু গান ও যাত্রাপালায় মুগ্ধ দর্শক।,0.6667,0.0448,ok
kathbath/bengali/wavs/844424930842527-92-f.wav,/Users/monujgogoi/Downloads/kathbath/bengali/wavs/844424930842527-92-f.wav,8.4520625,৪ হাজার এমএএইচ ব্যাটারির মোটোরোলা মোটো ই ৫ এবং ই ৫ প্লাস এফসিসি অ্যাপ্রুভাল পেয়ে গেল,4000 এমএএইচ ব্যাটারির মোটোরোলা মোটো ই পাঁচ এবং ই পাঁচ প্লাস এফসিসি অ্যাপ্রুভাল পেয়ে গেল।,0.3125,0.2143,ok
kathbath/bengali/wavs/844424931449778-906-f.wav,/Users/monujgogoi/Downloads/kathbath/bengali/wavs/844424931449778-906-f.wav,5.2709375,রাজ্যে মোট আক্রান্তের সংখ্যা কমলেও ২ জেলায় ঊর্ধ্বগামী সংক্রমণ,রাজ্যে মোট আক্রান্তের সংখ্যা কমলেও দুই জেলায় ঊর্ধগামী সংক্রমণ।,0.3333,0.1111,ok
kathbath/bengali/wavs/844424931185301-1116-f.wav,/Users/monujgogoi/Downloads/kathbath/bengali/wavs/844424931185301-1116-f.wav,4.760125,প্রধান মন্ত্রীর আনুষ্ঠানিক উদ্বোধনের পর সেখানে আলোচনা সভায় জেলা প্রশাসক মো,প্রধানমন্ত্রীর আনুষ্ঠানিক উদ্বোধনের পর সেখানে আলোচনায় সভা জেলা প্রশাসক মো.,0.4545,0.0769,ok
kathbath/bengali/wavs/844424932339442-436-f.wav,/Users/monujgogoi/Downloads/kathbath/bengali/wavs/844424932339442-436-f.wav,5.61925,বাংলাদেশে নিরাপদ সড়ক আন্দোলন নিয়ে যা বললেন প্রধানমন্ত্রী শেখ হাসিনা,বাংলাদেশী নিরাপদ সড়ক আন্দোলন নিয়ে যা বললেন প্রধানমন্ত্রী শেখ হাসিনা।,0.2,0.0333,ok
kathbath/bengali/wavs/844424931309520-1116-f.wav,/Users/monujgogoi/Downloads/kathbath/bengali/wavs/844424931309520-1116-f.wav,7.5696875,এই ঘটনায় জড়িত সন্দেহে ব্যাংক অফ মহারাষ্ট্রের এমডি তথা সিইও রবীন্দ্র মারাঠেকে গ্রেফতার করা হয়েছে,এই ঘটনায় জড়িত সন্দেহে ব্যাংক অফ মহারাষ্ট্রের এমডি তথা সিইও রবীন্দ্র মারাঠেকে গ্রেফতার করা হয়েছে।,0.0667,0.0119,ok
kathbath/bengali/wavs/844424932327596-1084-f.wav,/Users/monujgogoi/Downloads/kathbath/bengali/wavs/844424932327596-1084-f.wav,6.3390625,কারণ মানুষ হিসেবে একজন নারী পরিপূর্ণ অধিকারের দাবিতে সুদীর্ঘকাল যে আন্দোলন,কারণ মানুষ হিসেবে একজন নারী পরিপূর্ণ অধিকারের দাবিতে সুদীর্ঘকাল যে আন্দোলন।,0.0909,0.0156,ok
kathbath/bengali/wavs/844424932361171-1084-f.wav,/Users/monujgogoi/Downloads/kathbath/bengali/wavs/844424932361171-1084-f.wav,6.757,কলেজের কমন রুমে ক্যারাম খেলা নিয়ে ছাত্রছাত্রীদের মধ্যে বচসা থেকে মারামারির ঘটনাকে কেন্দ্র করে,কলেজের কমন রুমে ক্যারাম খেলা নিয়ে ছাত্রছাত্রীদের মধ্যে বচসা থেকে মারামারির ঘটনাকে কেন্দ্র করে।,0.0714,0.0123,ok
kathbath/bengali/wavs/844424932390901-1084-f.wav,/Users/monujgogoi/Downloads/kathbath/bengali/wavs/844424932390901-1084-f.wav,4.4814375,ভারতের বিদেশ দফতর কিন্তু মনে করছে এটা একটা নাটক,ভারতের বিদেশ দপ্তর কিন্তু মনে করেছে এটা একটা নাটক।,0.3333,0.1026,ok
kathbath/bengali/wavs/844424930842539-92-f.wav,/Users/monujgogoi/Downloads/kathbath/bengali/wavs/844424930842539-92-f.wav,7.8715625,তবে ইন্ডাস্ট্রিয়াল অক্সিজেন সিলিন্ডারের কারণে বাসা বাড়িতে বিস্ফোরণের মতো দুর্ঘটনার শঙ্কা সিভিল সার্জন ডা,তবে ইন্ডাস্ট্রিয়াল অক্সিজেন সিলিন্ডারের কারণে বাসাবাড়িতে বিস্ফোরণের মতো দুর্ঘটনার সংখ্যা সিভিল সার্জন ডা।,0.2857,0.0538,ok
kathbath/bengali/wavs/844424932803572-725-f.wav,/Users/monujgogoi/Downloads/kathbath/bengali/wavs/844424932803572-725-f.wav,4.2725,কাশ্মীরে হুমকি উপেক্ষা করে দোকান খোলার আহ্বান জানিয়ে পত্রিকায় বিজ্ঞাপন,কাশ্মীরে হুমকি উপেক্ষা করে দোকান খোলার আহ্বান জানিয়ে পত্রিকায় বিজ্ঞাপন।,0.1,0.0159,ok
kathbath/bengali/wavs/844424932678051-725-f.wav,/Users/monujgogoi/Downloads/kathbath/bengali/wavs/844424932678051-725-f.wav,5.9675625,১৯৫৯ সাল থেকে এ ধরণের কুমির বাংলাদেশে বিলুপ্ত বলে মনে করা হয়,১৯৫৯ সাল থেকে এ ধরনের কুমির বাংলাদেশে বিলুপ্ত বলে মনে করা হয়।,0.1667,0.04,ok
kathbath/bengali/wavs/844424932803555-725-f.wav,/Users/monujgogoi/Downloads/kathbath/bengali/wavs/844424932803555-725-f.wav,3.483,টানা বৃষ্টি চলতে থাকলে সমস্যা আরও জটিল হবে বলেও মনে,টানা বৃষ্টি চলতে থাকলে সমস্যা আরও জটিল হবে বলেও মনে।,0.1,0.0238,ok
kathbath/bengali/wavs/844424932438040-436-f.wav,/Users/monujgogoi/Downloads/kathbath/bengali/wavs/844424932438040-436-f.wav,6.014,কুলদীপ যাদবের বলে পাঁচ রানের মাথায় বোল্ড হয়ে সাজঘরের পথ ধরেন এই ব্যাটসম্যান,কুলদীপ যাদবের বলে পাঁচ রানের মাথায় বোল্ড হয়ে সাজঘরের পথ ধরেন এই ব্যাটসম্যান।,0.0769,0.0154,ok
kathbath/bengali/wavs/844424931029499-760-f.wav,/Users/monujgogoi/Downloads/kathbath/bengali/wavs/844424931029499-760-f.wav,5.805,জয়ের পর টিম ইন্ডিয়া কী করে সেলিব্রেশনে মাতল দেখুন,জয়ের পর টিম ইন্ডিয়া কি করে সেলিব্রেশনে মাতলো দেখুন।,0.3333,0.0698,ok
kathbath/bengali/wavs/844424932327543-1084-f.wav,/Users/monujgogoi/Downloads/kathbath/bengali/wavs/844424932327543-1084-f.wav,7.3375,শ্রীশ্রীচন্ডীর দেবীকবচ অধ্যায়ের তৃতীয় থেকে পঞ্চম শ্লোকে নবদুর্গার উল্লেখ আছেঃ,শ্রী শ্রী চন্ডীর দেবীকবজ অধ্যায়ের তৃতীয় থেকে পঞ্চম শ্লোকে নবদুর্গার উল্লেখ আছে।,0.5,0.0286,ok
kathbath/bengali/wavs/844424930939852-92-f.wav,/Users/monujgogoi/Downloads/kathbath/bengali/wavs/844424930939852-92-f.wav,5.78175,একটি পেইন্টিং মধ্যে ব্যবহার করার জন্য সাগর স্যান্ড পরিষ্কার,একটি পেইন্টিং মধ্যে ব্যবহার করার জন্য সাগর স্যান্ড পরিষ্কার।,0.1111,0.0196,ok
kathbath/bengali/wavs/844424932474867-37-f.wav,/Users/monujgogoi/Downloads/kathbath/bengali/wavs/844424932474867-37-f.wav,6.4319375,পেশায় চিকিৎসক সানসিলা শেরপুর জেলা বিএনপির সাধারণ সম্পাদক ডা,পেশায় চিকিৎসক সানসিলা শেরপুর জেলা বিএনপির সাধারণ সম্পাদক ডা।,0.1111,0.0192,ok
kathbath/bengali/wavs/844424933095868-725-f.wav,/Users/monujgogoi/Downloads/kathbath/bengali/wavs/844424933095868-725-f.wav,4.644,এ কারণে তার বীজ যেমন বড় হবে তেমন অনেকটা পাকাও হতে পারে,এ কারণে তার বীজ যেমন বড় হবে তেমন অনেকটা পাকাও হতে পারে।,0.0833,0.0227,ok
kathbath/bengali/wavs/844424932422089-37-f.wav,/Users/monujgogoi/Downloads/kathbath/bengali/wavs/844424932422089-37-f.wav,8.1501875,দিনে চারটে অস্ত্রোপচার করেন ৮৯ বছরের এই মহিলা শল্য চিকিৎসক,দিনে 4টে অস্ত্রপ্রচার করেন 89 বছরের এই মহিলা শল্য চিকিৎসক।,0.4,0.1837,ok
kathbath/bengali/wavs/844424931449809-906-f.wav,/Users/monujgogoi/Downloads/kathbath/bengali/wavs/844424931449809-906-f.wav,5.6424375,হুগলির দাদপুরে ছেলেকে কুপিয়ে বিষ খেয়ে আত্মহত্যার চেষ্টা বাবার,হুগলির দাঁতপুরে ছেলেকে কুপিয়ে বিষ খেয়ে আত্মহত্যার চেষ্টা বাবার।,0.2222,0.0545,ok
kathbath/bengali/wavs/844424932339418-436-f.wav,/Users/monujgogoi/Downloads/kathbath/bengali/wavs/844424932339418-436-f.wav,6.4086875,বিওএ উপ মহাসচিব মিকু করোনায় আক্রান্ত হয়ে হাসপাতালে ভর্তি,বিওএ উপমহাসচিব মিকু করোনায় আক্রান্ত হয়ে হাসপাতালে ভর্তি।,0.3333,0.02,ok
kathbath/bengali/wavs/844424930842562-92-f.wav,/Users/monujgogoi/Downloads/kathbath/bengali/wavs/844424930842562-92-f.wav,7.5000625,আখ্যানে যে নারীবাদকে অতীতের একটি আন্দোলনের মতো আচরণ করে যা এখনও একটি বিবর্তিত শক্তি নয়,আখ্যানে যে নারীবাদকে অতীতের একটি আন্দোলনের মতো আচরণ করে যা এখনও একটি বিবর্তিত শক্তি নয়।,0.0667,0.0137,ok
kathbath/bengali/wavs/844424930841735-70-f.wav,/Users/monujgogoi/Downloads/kathbath/bengali/wavs/844424930841735-70-f.wav,10.4721875,খালেদা জিয়ার কার্যালয়ের সামনে ঝোলানো হলো নিহতদের নামের তালিকা,খালেদা জিয়ার কার্যালয়ের সামনে ঝোলানো হলো নিহতদের নামের তালিকা।,0.1111,0.0182,ok
kathbath/bengali/wavs/844424932390920-1084-f.wav,/Users/monujgogoi/Downloads/kathbath/bengali/wavs/844424932390920-1084-f.wav,6.0371875,জাত ভাড়িয়ে কাজ করায় মহিলা রাঁধুনির বিরুদ্ধে পুলিশে মামলা বিজ্ঞানীর,জাত বাড়িয়ে কাজ করায় মহিলা রাধুনির বিরুদ্ধে পুলিশে মামলা বিজ্ঞানীর।,0.3,0.05,ok
kathbath/bengali/wavs/844424931285109-906-f.wav,/Users/monujgogoi/Downloads/kathbath/bengali/wavs/844424931285109-906-f.wav,6.36225,প্লাস্টিক ক্যারি ব্যাগ রুখতে জুটের ব্যাগ তৈরি হচ্ছে বটে কিন্তু তেমন বাজার ন,প্লাস্টিক ক্যারি ব্যাগ রুখতে জুটের ব্যাগ তৈরি হচ্ছে বটে কিন্তু তেমন বাজার নয়।,0.0769,0.0476,ok
kathbath/bengali/wavs/844424933096407-725-f.wav,/Users/monujgogoi/Downloads/kathbath/bengali/wavs/844424933096407-725-f.wav,5.108375,এই ভ্যাটকে কেন্দ্র করে ক্রেতাদের কাছে আমাদের বিভিন্ন ধরনের প্রশ্নের মুখোমুখি হতে হয়,এই ভ্যাটকে কেন্দ্র করে ক্রেতাদের কাছে আমাদের বিভিন্ন ধরনের প্রশ্নের মুখোমুখি হতে হয়।,0.0769,0.0139,ok
kathbath/bengali/wavs/844424932805272-725-f.wav,/Users/monujgogoi/Downloads/kathbath/bengali/wavs/844424932805272-725-f.wav,8.034125,নাগরিক ঐক্যের সমন্বয়ক শহীদুল্লাহ কায়সারের সঞ্চালনায় আলোচনায়সভায় অন্যদের মধ্যে উপস্থিত ছিলেন গণস্বাস্থ্যকেন্দ্রের প্রতিষ্ঠাতা ডা,নাগরী ঐক্যের সমন্বয়ক শহীদুল্লাহ কাইসারের সঞ্চালনায় আলোচনায় সভায় অন্যদের মধ্যে উপস্থিত ছিলেন গণস্বাস্থ্য কেন্দ্রের প্রতিষ্ঠাতা ডা।,0.5,0.042,ok
kathbath/bengali/wavs/844424932334579-1084-f.wav,/Users/monujgogoi/Downloads/kathbath/bengali/wavs/844424932334579-1084-f.wav,8.127,৯৯৫ ব্যাচের কর্মকর্তা নিহত পরিদর্শক মোশাররফ হোসেন ভূঁইয়া গাজীপুর ক্রিমিনাল ইনভেস্টিগেশন ডিপার্টমেন্ট,৯৯৫ ব্যাচের কর্মকর্তা নিহত পরিদর্শক মেশারব ভোসন ভুঁইয়া গাজীপুর ক্রিমিনাল ইনভেস্টিগেশন ডিপার্টমেন্ট।,0.3333,0.0778,ok
kathbath/bengali/wavs/844424931123524-92-f.wav,/Users/monujgogoi/Downloads/kathbath/bengali/wavs/844424931123524-92-f.wav,6.5945,একই অপরাধে চক সার্কুলার রোডের অরজিনাল বোম্বে সুইটস অ্যান্ড চানাচুরের ম্যানেজার মো,একই অপরাধে চক সার্কুলার রোডের অরিজিনাল বম্বে সুইটস অ্যান্ড চানাচুরের ম্যানেজার মো।,0.25,0.0429,ok
kathbath/bengali/wavs/844424932803595-725-f.wav,/Users/monujgogoi/Downloads/kathbath/bengali/wavs/844424932803595-725-f.wav,4.922625,লস এঞ্জেলেস চিত্র স্কেটিং ক্লাব এর জাতীয় জুড়ি স্কেটিং চ্যাম্পিয়নস,লস এঞ্জেলস চিত্র স্কেটিং ক্লাবের জাতীয় জুড়ি স্কেটিং চ্যাম্পিয়ন্স।,0.4,0.0678,ok
kathbath/bengali/wavs/844424932390857-1084-f.wav,/Users/monujgogoi/Downloads/kathbath/bengali/wavs/844424932390857-1084-f.wav,5.61925,কিন্তু কোভিড সংক্রমণের ফলে লকডাউন ঘোষণা হওয়ার পর সেই ভোট স্থগিত করে,কিন্তু কোভিড সংক্রমণের ফলে লকডাউন ঘোষণা হওয়ার পর সেই ভোট স্থগিত করে।,0.0833,0.0175,ok
kathbath/bengali/wavs/844424930842508-92-f.wav,/Users/monujgogoi/Downloads/kathbath/bengali/wavs/844424930842508-92-f.wav,5.8746875,নির্বাচন কমিশনের কড়া পদক্ষেপকে বুড়ো আঙুল দেখিয়ে চলছে বাইক মিছিলে প্রচার,নির্বাচন কমিশনের কড়া পদক্ষেপকে বুড়ো আঙুল দেখিয়ে চলছে বাইক মিছিল প্রচার।,0.1818,0.0312,ok
kathbath/bengali/wavs/844424932804637-725-f.wav,/Users/monujgogoi/Downloads/kathbath/bengali/wavs/844424932804637-725-f.wav,4.45825,বাতিল হওয়া এসব ব্যক্তি ফের গেজেটভুক্ত হতে চাইলে সেই সুযোগ তাদের দেওয়া,বাতিল হওয়া এসব ব্যক্তি ফের গেজেটভুক্ত হতে চাইলে সেই সুযোগ তাদের দেওয়া।,0.0833,0.0167,ok
kathbath/bengali/wavs/844424930842578-92-f.wav,/Users/monujgogoi/Downloads/kathbath/bengali/wavs/844424930842578-92-f.wav,6.106875,যে সব প্ৰার্থীরা স্নাতক ডিগ্ৰি সম্পূর্ণ করেছেন তারা এই পদে আবেদন করতে পারবেনঃ,যেসব প্রার্থীরা স্নাতক ডিগ্রি সম্পূর্ণ করেছেন তারা এই পদে আবেদন করতে পারবেন।,0.3846,0.0462,ok
kathbath/bengali/wavs/844424931323314-906-f.wav,/Users/monujgogoi/Downloads/kathbath/bengali/wavs/844424931323314-906-f.wav,5.41025,মালদায় আক্রান্ত হলেন এক তৃণমূল সমর্থকের মা ও স্ত্রী,মালদায় আক্রান্ত হলেন এক তৃণমূল সমর্থকের মা ও স্ত্রী।,0.1111,0.0227,ok
kathbath/bengali/wavs/844424932675179-725-f.wav,/Users/monujgogoi/Downloads/kathbath/bengali/wavs/844424932675179-725-f.wav,4.0403125,খেতে জল দিতে গিয়ে বিদ্যুতের ছেঁড়া তারের ছোঁয়া লেগে মারা গেলেন,ক্ষেতে জল দিতে গিয়ে বিদ্যুতের ছেঁড়া তারের ছোঁয়া লেগে মারা গেলেন।,0.1818,0.0741,ok
kathbath/bengali/wavs/844424931323259-906-f.wav,/Users/monujgogoi/Downloads/kathbath/bengali/wavs/844424931323259-906-f.wav,6.478375,সুব্রত বক্সির কনভয় ঘিরে কালো পতাকা দেখিয়ে বিক্ষোভ বিজেপি কর্মী সমর্থকদের,সুব্রত বক্সীর কনভয় ঘিরে কালো পতাকা দেখিয়ে বিক্ষোভ বিজেপি কর্মী সমর্থকদের।,0.1818,0.0312,ok
kathbath/bengali/wavs/844424930554358-92-f.wav,/Users/monujgogoi/Downloads/kathbath/bengali/wavs/844424930554358-92-f.wav,6.94275,মিয়ানমারের শরণার্থী ইস্যুতে একত্রে কাজের আগ্রহ প্রকাশ শেখ হাসিনার,মিয়ানমারের শরণার্থী ইস্যুতে একত্রে কাজের আগ্রহ প্রকাশ শেখ হাসিনার।,0.1111,0.0172,ok
kathbath/bengali/wavs/844424931123507-92-f.wav,/Users/monujgogoi/Downloads/kathbath/bengali/wavs/844424931123507-92-f.wav,7.5929375,কংগ্রেস সভানেত্রী সনিয়া গাঁধীর নির্দেশে রাজ্যসভা সংক্রান্ত বিষয়ে সিদ্ধান্ত নেওয়ার ভার পড়েছে,কংগ্রেস সভানেত্রী সোনিয়া গান্ধীর নির্দেশে রাজ্যসভা সংক্রান্ত বিষয়ে সিদ্ধান্ত নেওয়ার ভার পড়েছে।,0.25,0.0476,ok
kathbath/bengali/wavs/844424932675147-725-f.wav,/Users/monujgogoi/Downloads/kathbath/bengali/wavs/844424932675147-725-f.wav,4.45825,চতুর্থ শিল্প বিপ্লব হলে চাকরি হারাবে ৫৫ লাখ মানুষ,কিন্তু শিল্প বিপ্লব হলে চাকরি হারাবে পঞ্চান্ন লাখ মানুষ।,0.3333,0.3659,ok
kathbath/bengali/wavs/844424930939884-92-f.wav,/Users/monujgogoi/Downloads/kathbath/bengali/wavs/844424930939884-92-f.wav,6.5945,আপনার আর্টস বা কারুশিল্প ব্যবসার জন্য একটি ওয়েবসাইট ডোমেন নাম বাছাই,আপনার আর্টস বা কারুশিল্প ব্যবসার জন্য একটি ওয়েবসাইট ডোমেন নাম বাছাই।,0.0909,0.0172,ok
kathbath/bengali/wavs/844424932358508-436-f.wav,/Users/monujgogoi/Downloads/kathbath/bengali/wavs/844424932358508-436-f.wav,7.9644375,উত্তরপ্রদেশের মুখ্যমন্ত্রী যোগী আদিত্যনাথের ভাই মহেন্দ্র সিং জানিয়েছেন শিক্ষাক্ষেত্রে বৈষম্যের কোনও স্থান নেই,উত্তর প্রদেশের মুখ্যমন্ত্রী যোগী আদিত্যনাথের ভাই মহেন্দ্র সিং জানিয়েছেন শিক্ষাক্ষেত্রে বৈষম্যের কোনও স্থান নেই।,0.2308,0.0102,ok
kathbath/bengali/wavs/844424932358496-436-f.wav,/Users/monujgogoi/Downloads/kathbath/bengali/wavs/844424932358496-436-f.wav,8.010875,আগুন সম্পূর্ণরূপে নিভলে তবেই ঘটনার উৎসস্থল সম্পর্কে জানা যাবে বলে জানিয়েছেন দমকল আধিকারিকরা,আগুন সম্পূর্ণরূপে নিভলে তবেই ঘটনার উৎসস্থল সম্পর্কে জানা যাবে বলে জানিয়েছেন দমকোল আধিকারিকরা।,0.1538,0.025,ok
kathbath/bengali/wavs/844424932357459-1084-f.wav,/Users/monujgogoi/Downloads/kathbath/bengali/wavs/844424932357459-1084-f.wav,5.03875,পুলিশ কর্মকর্তাদের মতো আরও কিছু স্যামুয়াইয়ের কাজ পাওয়া যায়,পুলিশ কর্মকর্তাদের মতো আরও কিছু সামুয়াইয়ের কাজ পাওয়া যায়।,0.2222,0.0556,ok
kathbath/bengali/wavs/844424932361123-1084-f.wav,/Users/monujgogoi/Downloads/kathbath/bengali/wavs/844424932361123-1084-f.wav,5.6424375,আগামী ১৫ অক্টোবর কলকাতায় বিশ্বকাপ ও এশিয়ান কাপ বাছাইয়ের,আগামী ১৫ই অক্টোবর কলকাতায় বিশ্বকাপ ও এশিয়ান কাপ বাছাইয়ের।,0.2222,0.04,ok
kathbath/bengali/wavs/844424932339437-436-f.wav,/Users/monujgogoi/Downloads/kathbath/bengali/wavs/844424932339437-436-f.wav,7.453625,বিজেপির সঙ্গী শিবসেনা অবশ্য প্রিয়াঙ্কার রাজনীতিতে নামাকে কংগ্রেসের পক্ষে ইতিবাচক হিসেবেই দেখছে,বিজেপির সঙ্গে শিবসেনা অবশ্য প্রিয়াঙ্কার রাজনীতিতে নামাকে কংগ্রেসের পক্ষে ইতিবাচক হিসেবেই দেখছে।,0.1667,0.0238,ok
kathbath/bengali/wavs/844424931382753-1116-f.wav,/Users/monujgogoi/Downloads/kathbath/bengali/wavs/844424931382753-1116-f.wav,8.1734375,তথ্য আন্দোলন কর্মী খুনে প্রাক্তন বিজেপি সাংসদ সহ ৬ জনের যাবজ্জীবনের সাজা ঘোষণা সিবিআই আদালতের,তথ্য আন্দোলনকর্মী খুনে প্রাক্তন বিজেপি সাংসদসহ ছজনের যাবজ্জীবনের সাজা ঘোষণা সিবিআই আদালতের।,0.4667,0.0253,ok
kathbath/bengali/wavs/844424932390856-1084-f.wav,/Users/monujgogoi/Downloads/kathbath/bengali/wavs/844424932390856-1084-f.wav,8.034125,ত্রিদেশীয় শীর্ষ বৈঠক শুরুর আগে রাশিয়া ও তুরস্কের প্রেসিডেন্টদের সঙ্গে আলাদা বৈঠক করেছেন ড,ত্রিদেশীয় শীর্ষ বৈঠক শুরুর আগে রাশিয়া ও তুরস্কের প্রেসিডেন্টদের সঙ্গে আলাদা বৈঠক করেছেন ডঃ।,0.0714,0.0256,ok
kathbath/bengali/wavs/844424932340096-1084-f.wav,/Users/monujgogoi/Downloads/kathbath/bengali/wavs/844424932340096-1084-f.wav,5.2245,বঙ্গবন্ধুকে নিয়ে গান পরিবেশন করায় ছাত্রীর গানের বই ফেলে দিল,বঙ্গবন্ধুকে নিয়ে গান পরিবেশন করায় ছাত্রীর গানের বই ফেলে দিল।,0.1,0.0192,ok
kathbath/bengali/wavs/844424931034420-760-f.wav,/Users/monujgogoi/Downloads/kathbath/bengali/wavs/844424931034420-760-f.wav,7.453625,রাত পর্যন্ত চলা বৈঠকে উপস্থিত ছিলেন শহরের ৩৫ টি ওয়ার্ডের,রাত পর্যন্ত চলা বৈঠকে উপস্থিত ছিলেন শহরের ৩৫টি ওয়ার্ডের।,0.3,0.0208,ok
kathbath/bengali/wavs/844424932361143-1084-f.wav,/Users/monujgogoi/Downloads/kathbath/bengali/wavs/844424932361143-1084-f.wav,5.6656875,এর আগে বিকেলে জাতীয় ঐক্যফ্রন্টের মিডিয়া সমন্বয়কারী জাহাঙ্গীর আলম মিন্টু ডা,এর আগে বিকেলে জাতীয় ঐক্য ফ্রন্টের মিডিয়া সমন্বয়কারী জাহাঙ্গীর আলম মিন্টু ডা।,0.2727,0.0149,ok
kathbath/bengali/wavs/844424931323299-906-f.wav,/Users/monujgogoi/Downloads/kathbath/bengali/wavs/844424931323299-906-f.wav,5.2709375,এ ঘটনায় প্রতারণার শিকার ফরিদ উদ্দিন বাদী হয়ে তিনজনকে,এ ঘটনায় প্রতারণার শিকার ফরিদুদ্দিন বাদী হয়ে তিনজনকে।,0.3333,0.0435,ok
kathbath/bengali/wavs/844424931309508-1116-f.wav,/Users/monujgogoi/Downloads/kathbath/bengali/wavs/844424931309508-1116-f.wav,5.4335,নারায়ণগঞ্জ থেকে ফেরাদের কোয়ারেন্টিনে নিতে গিয়ে সংঘর্ষে আহত ৫,নারায়ণগঞ্জ থেকে ফেরাদের কোয়ারেন্টিনে নিতে গিয়ে সংঘর্ষে আহত পাঁচ।,0.1111,0.0909,ok
kathbath/bengali/wavs/844424931309474-1116-f.wav,/Users/monujgogoi/Downloads/kathbath/bengali/wavs/844424931309474-1116-f.wav,6.1533125,চোখের জলে শেষ বিদায় হান্ডওয়ারায় এনকাউন্টারে নিহত কর্নেল আশুতোষ শর্মার,চোখের জলে শেষ বিদায় হান্টওয়ারাই এনকাউন্টারে নিহত কর্নেল আশুতোষ শর্মার।,0.2,0.0635,ok
kathbath/bengali/wavs/844424932394645-37-f.wav,/Users/monujgogoi/Downloads/kathbath/bengali/wavs/844424932394645-37-f.wav,5.596,অথচ সেই জমি বিক্রি করে দেওয়ার অভিযোগ উঠল কৃষ্ণনগর ১ ব্লকের পোড়াগাছা,অথচ সেই জমি বিক্রি করে দেওয়ার অভিযোগ উঠল কৃষ্ণনগরের এক ব্লকের পোড়াগাছা।,0.25,0.0862,ok
kathbath/bengali/wavs/844424932803563-725-f.wav,/Users/monujgogoi/Downloads/kathbath/bengali/wavs/844424932803563-725-f.wav,4.2725,ষাটের দশকে এ যাত্রা শুরু হয় ইরানের নির্বাচিত সরকারের প্রধানমন্ত্রী ড,ষাটের দশকে এ যাত্রা শুরু হয় ইরানের নির্বাচিত সরকারের প্রধানমন্ত্রী ডঃ।,0.0909,0.0339,ok
kathbath/bengali/wavs/844424932682862-725-f.wav,/Users/monujgogoi/Downloads/kathbath/bengali/wavs/844424932682862-725-f.wav,4.527875,অসাধারণ এই জায়গাটি ভারতের সবচেয়ে ছোট শৈলশহর হিসেবে পরিচিত,অসাধারণ এই জায়গাটি ভারতের সবচেয়ে ছোট শৈল শহর হিসেবে পরিচিত।,0.3333,0.0196,ok
kathbath/bengali/wavs/844424930935308-502-m.wav,/Users/monujgogoi/Downloads/kathbath/bengali/wavs/844424930935308-502-m.wav,6.4319375,কেরিয়ারের প্রথম দিকে অঞ্জন দত্তের পরিচালনায় বেশ কিছু ছবিতে অভিনয় করেছিলেন পরমব্রত,ক্যারিয়ারের প্রথম দিকে অঞ্জন দত্তের পরিচালনায় বেশ কিছু ছবিতে অভিনয় করেছিলেন পরমব্রত।,0.1667,0.0548,ok
kathbath/bengali/wavs/844424930436659-253-m.wav,/Users/monujgogoi/Downloads/kathbath/bengali/wavs/844424930436659-253-m.wav,5.3870625,ঢাকা ওয়াসার পানির দাম বাড়ানোর সিদ্ধান্তে নিষেধাজ্ঞা জারি করে হাইকোর্টের দেয়া আদেশ স্থগিত করেছেন আ,ঢাকা ওয়াশার পানির দাম বাড়ানোর সিদ্ধান্তে নিষেধাজ্ঞা জারি করে হাইকোর্টের দেওয়া আদেশ স্থগিত করেছে না।,0.2667,0.0465,ok
kathbath/bengali/wavs/844424931279053-417-m.wav,/Users/monujgogoi/Downloads/kathbath/bengali/wavs/844424931279053-417-m.wav,5.3870625,এই ক্যুইজ সঙ্গে আইরিশ আমেরিকান ইতিহাসের আপনার জ্ঞান পরীক্ষা করুন,এই কুইজ সঙ্গে আইরিশ আমেরিকান ইতিহাসের আপনার জ্ঞান পরীক্ষা করুন।,0.2,0.0545,ok
kathbath/bengali/wavs/844424931233454-1035-m.wav,/Users/monujgogoi/Downloads/kathbath/bengali/wavs/844424931233454-1035-m.wav,8.2895625,পঞ্চগড় ও দিনাজপুর আট আসনে জামানত হারাচ্ছেন ৩১ জন,পঞ্চগড় ও দিনাজপুর আট আসনে জমানত হারাচ্ছেন একত্রিশ জন।,0.3333,0.2195,ok
kathbath/bengali/wavs/844424930470445-210-m.wav,/Users/monujgogoi/Downloads/kathbath/bengali/wavs/844424930470445-210-m.wav,6.2461875,নির্বাচনী বিধি অনুযায়ী দেয়ালে বা ঘরের বেড়ায় পোস্টার লাগানো নিষিদ্ধ,নির্বাচনী বিধি অনুযায়ী দেওয়ালে বা ঘরের বেড়ায় পোস্টার লাগানো নিষিদ্ধ।,0.2,0.0328,ok
kathbath/bengali/wavs/844424930464230-1161-m.wav,/Users/monujgogoi/Downloads/kathbath/bengali/wavs/844424930464230-1161-m.wav,6.083625,অনুষ্ঠানে স্বাগত বক্তব্য রাখেন আওয়ামী লীগের বিজ্ঞান ও প্রযুক্তিবিষয়ক সম্পাদক প্রকৌশলী মো,অনুষ্ঠানে স্বাগত বক্তব্য রাখেন আওয়ামী লীগের বিজ্ঞান ও প্রযুক্তি বিষয়ক সম্পাদক প্রকৌশলী মোঃ।,0.25,0.0253,ok
kathbath/bengali/wavs/844424930554246-502-m.wav,/Users/monujgogoi/Downloads/kathbath/bengali/wavs/844424930554246-502-m.wav,7.639375,শফিকুর রহমান পাটোয়ারীর সভাপতিত্বে বিশেষ অতিথি হিসেবে বক্তব্য দেন আর্থিক প্রতিষ্ঠান বিভাগের সচিব মো,শফিকুর রহমান পাটোয়ারীর সভাপতিত্বে বিশেষ অতিথি হিসেবে বক্তব্য দেন আর্থিক প্রতিষ্ঠান বিভাগের সচিব মোঃ।,0.0714,0.0233,ok
kathbath/bengali/wavs/844424930773571-372-m.wav,/Users/monujgogoi/Downloads/kathbath/bengali/wavs/844424930773571-372-m.wav,6.57125,আর এর মাধমে বিশ্ব রেকর্ড গড়েছে পালারোপ নামে বিরল প্রজাতির,আর এর মাধ্যমে বিশ্ব রেকর্ড গড়েছে পালারপ নামে বিরল প্রজাতির।,0.3,0.0816,ok
kathbath/bengali/wavs/844424930753566-372-m.wav,/Users/monujgogoi/Downloads/kathbath/bengali/wavs/844424930753566-372-m.wav,11.8421875,এলএসটিএম আরএনএনগুলির সাথে একত্রিত হয়ে এই কৌশলটি বিশেষভাবে কার্যকর হিসাবে প্রমাণিত হয়েছিল,এলএসটিএমআরএনএনগুলির সাথে একত্রিত হয়ে এই কৌশলটি বিশেষভাবে কার্যকর হিসেবে প্রমাণিত হয়েছিল।,0.3333,0.0253,ok
kathbath/bengali/wavs/844424930436720-253-m.wav,/Users/monujgogoi/Downloads/kathbath/bengali/wavs/844424930436720-253-m.wav,3.2275625,এই ভাবেই অ্যাপ ক্যাবে হতে পারে আপনার যাত্রা সুরক্ষিত,এভাবেই অ্যাপ ক্যাবে হতে পারে আপনার যাত্রা সুরক্ষিত।,0.3333,0.0455,ok
kathbath/bengali/wavs/844424930941015-417-m.wav,/Users/monujgogoi/Downloads/kathbath/bengali/wavs/844424930941015-417-m.wav,8.7539375,এ প্রদর্শনীর মাধ্যমে দর্শনার্থীরা ঘরে বসেই কেনাকাটাসহ বিভিন্ন সেবা,এ প্রদর্শনীর মাধ্যমে দর্শনার্থীরা ঘরে বসেই কেনাকাটাসহ বিভিন্ন সেবা।,0.1111,0.0172,ok
kathbath/bengali/wavs/844424930753578-372-m.wav,/Users/monujgogoi/Downloads/kathbath/bengali/wavs/844424930753578-372-m.wav,7.8715625,মাত্র ১৮ বছর বয়সে ভারত জাতীয় দলে অভিষিক্ত ওয়াশিংটন সুন্দরের,মাত্র ১৮ বছর বয়সে ভারত জাতীয় দলে অভিষিক্ত ওয়াশিংটন সুন্দরের।,0.1,0.0189,ok
kathbath/bengali/wavs/844424930436738-253-m.wav,/Users/monujgogoi/Downloads/kathbath/bengali/wavs/844424930436738-253-m.wav,3.599125,আরও পড়ুন জলপাইগুড়ি শহরে একে অপরকে টেক্কা দিচ্ছে থিমের পুজো,আরও পড়ুন জলপাইগুড়ি শহরে একে অপরকে টেক্কা দিচ্ছে থিমের পুজো।,0.1,0.0196,ok
kathbath/bengali/wavs/844424930753497-372-m.wav,/Users/monujgogoi/Downloads/kathbath/bengali/wavs/844424930753497-372-m.wav,9.6363125,আমিরাতে কর্মরত দেশীয় প্রবাসীসহ এবং আমিরাতে নিযুক্ত বাংলাদেশের রাষ্ট্রদূত ডা,আমিরাতে কর্মরত দেশীয় প্রবাসীসহ এবং আমিরাতে নিযুক্ত বাংলাদেশের রাষ্ট্রদূত ডাঃ।,0.1,0.0299,ok
kathbath/bengali/wavs/844424930935294-502-m.wav,/Users/monujgogoi/Downloads/kathbath/bengali/wavs/844424930935294-502-m.wav,6.2229375,স্বাস্থ্য অধিদফতরের হেলথ ইমার্জেন্সি অপারেশন সেন্টার ও কন্ট্রোল রুমের ইনচার্জ ডা,স্বাস্থ্য অধিদপ্তরের হেলথ ইমারজেন্সি অপারেশন সেন্টার ও কন্ট্রোল রুমের ইনচার্জ ডা।,0.2727,0.0571,ok
kathbath/bengali/wavs/844424930935249-502-m.wav,/Users/monujgogoi/Downloads/kathbath/bengali/wavs/844424930935249-502-m.wav,4.736875,সুপ্রিম কোর্টের নির্দেশের পর সিএবির কিছু অংশের মধ্যে ক্ষোভ রয়েছে,সুপ্রিম কোর্টের নির্দেশের পর সিএবির কিছু অংশের মধ্যে ক্ষোভ রয়েছে।,0.1,0.0179,ok
kathbath/bengali/wavs/844424932360023-778-m.wav,/Users/monujgogoi/Downloads/kathbath/bengali/wavs/844424932360023-778-m.wav,5.20125,নিজের সার্ভিস রিলভলভার থেকে ছিটকে আসা গুলিতে জখম নিরাপত্তারক্ষী,নিজের সার্ভিস রিভলভার থেকে ছিটকে আসা গুলিতে জখম নিরাপত্তা রক্ষে।,0.3333,0.0545,ok
kathbath/bengali/wavs/844424930554286-502-m.wav,/Users/monujgogoi/Downloads/kathbath/bengali/wavs/844424930554286-502-m.wav,5.3638125,২০১৮ সালেও বম্বে টকিজ ২ এবং সোনে চিড়াইয়া ছবিতে দেখা যাবে ভূমিকে,2018 সালেও বোম্বে টকিজ 2 এবং সোনে চিড়াইয়া ছবিতে দেখা যাবে ভূমিকে।,0.3333,0.1296,ok
kathbath/bengali/wavs/844424931239858-1035-m.wav,/Users/monujgogoi/Downloads/kathbath/bengali/wavs/844424931239858-1035-m.wav,5.805,ভোটের আগে সমাজবাদী পার্টির মধ্যে বিভাজন কমার কোনও লক্ষ্মণ নেই,ভোটের আগে সমাজবাদী পার্টির মধ্যে বিভাজন কমার কোনও লক্ষণ নেই।,0.2,0.0577,ok
kathbath/bengali/wavs/844424931279068-417-m.wav,/Users/monujgogoi/Downloads/kathbath/bengali/wavs/844424931279068-417-m.wav,6.8266875,লন্ডনের কিংস কলেজে চালু হলো ইউনূসের সামাজিক ব্যবসা কেন্দ্র,লন্ডনের কিংস কলেজে চালু হলো ইউনুসের সামাজিক ব্যবসা কেন্দ্র।,0.2222,0.04,ok
kathbath/bengali/wavs/844424931239822-1035-m.wav,/Users/monujgogoi/Downloads/kathbath/bengali/wavs/844424931239822-1035-m.wav,7.4768125,সোশ্যাল মিডিয়ায় ভাইরাল সিঙ্গাপুরের বিমানবন্দরের এই হার্টথ্রব সিকিউরিটি অফিসার,সোশ্যাল মিডিয়ায় ভাইরাল সিঙ্গাপুরের বিমানবন্দরের এই হার্টথ্রব সিকিউরিটি অফিসার।,0.1111,0.0141,ok
kathbath/bengali/wavs/844424930707865-210-m.wav,/Users/monujgogoi/Downloads/kathbath/bengali/wavs/844424930707865-210-m.wav,6.269375,রোহিঙ্গা শরণার্থী সংকটে যুক্তরাষ্ট্রের সাড়ে দশ কোটি ডলার সহায়তা,রোহিঙ্গা শরণার্থী সংকটে যুক্তরাষ্ট্রের সাড়ে দশ কোটি ডলার সহায়তা।,0.1111,0.0175,ok
kathbath/bengali/wavs/844424930707892-210-m.wav,/Users/monujgogoi/Downloads/kathbath/bengali/wavs/844424930707892-210-m.wav,4.551125,ছোট ছুটিতে টুক করে ঘুরে আসতে পারেন তাকদা থেকে,ছোট ছুটিতে টুক করে ঘুরে আসতে পারেন তগদা থেকে।,0.2222,0.0811,ok
kathbath/bengali/wavs/844424930627025-210-m.wav,/Users/monujgogoi/Downloads/kathbath/bengali/wavs/844424930627025-210-m.wav,6.0371875,সকলে আস্থা হারালেও সলমনই একদিন হিমেশে কাজ দিয়েছিল বলিউডে,সকলে আস্থা হারালেও সলমনি একদিন হিমেশে কাজ দিয়েছিল বলিউডে,0.1111,0.0204,ok
kathbath/bengali/wavs/844424931239831-1035-m.wav,/Users/monujgogoi/Downloads/kathbath/bengali/wavs/844424931239831-1035-m.wav,6.478375,এ ছাড়া চলতি সপ্তাহ থেকে নগর ভবনে ডিএসসিসি সচিব মো,এছাড়া চলতি সপ্তাহ থেকে নগর ভবনের ডিএসসিসি সচিব মো।,0.4,0.0488,ok
kathbath/bengali/wavs/844424932360037-778-m.wav,/Users/monujgogoi/Downloads/kathbath/bengali/wavs/844424932360037-778-m.wav,5.24775,শ্রমিক ধর্মঘটে শিশু মৃত্যুর ঘটনায় ৫০ লাখ টাকা ক্ষতিপূরণে রুল,শ্রমিক ধর্মঘটে শিশু মৃত্যুর ঘটনায় ৫০ লাখ টাকা ক্ষতিপূরণে রুল।,0.1,0.0192,ok
kathbath/bengali/wavs/844424930935266-502-m.wav,/Users/monujgogoi/Downloads/kathbath/bengali/wavs/844424930935266-502-m.wav,4.4118125,অ্যালবাম দ্য লিটল ড্রামার বয় এর সঙ্গীত থেকে একটি ক্লিপ শুনুন,অ্যালবাম দ্য লিটল ড্রামার বয়ের সঙ্গীত থেকে একটি ক্লিপ শুনুন।,0.2727,0.0392,ok
kathbath/bengali/wavs/844424930500969-1161-m.wav,/Users/monujgogoi/Downloads/kathbath/bengali/wavs/844424930500969-1161-m.wav,3.3204375,যানজটের শহর বলে পরিচিত কাবুলে গাড়ি চালাতে কোনো সমস্যা,যানজটে শহর বলে পরিচিত কাবুলে গাড়ি চালাতে কোনো সমস্যা।,0.2222,0.0435,ok
kathbath/bengali/wavs/844424930464219-1161-m.wav,/Users/monujgogoi/Downloads/kathbath/bengali/wavs/844424930464219-1161-m.wav,3.8080625,শান্তি চুক্তি সই হলে প্রকাশ্য রাজনীতিতে প্রবেশ করবে ফার্ক,শান্তি চুক্তি সই হলে প্রকাশ্য রাজনীতিতে প্রবেশ করবে ফার্ক।,0.1111,0.0204,ok
kathbath/bengali/wavs/844424930693457-372-m.wav,/Users/monujgogoi/Downloads/kathbath/bengali/wavs/844424930693457-372-m.wav,8.1501875,মুখে হাত দিয়ে অবাক হয়ে মাঠের দিকে তাকিয়ে আছেন মেসির মা,মুখে হাত দিয়ে অবাক হয়ে মাঠের দিকে তাকিয়ে আছেন মেসির মা।,0.0909,0.0213,ok
kathbath/bengali/wavs/844424932360018-778-m.wav,/Users/monujgogoi/Downloads/kathbath/bengali/wavs/844424932360018-778-m.wav,5.526375,৩০ বছর প্রেসিডেন্ট থাকার পর ২০১১ সালে ক্ষমতাচ্যুত হন তিনি,30 বছর প্রেসিডেন্ট থাকার পর 2011 সালে ক্ষমতাচ্যুত হন তিনি।,0.3,0.1458,ok
kathbath/bengali/wavs/844424930554271-502-m.wav,/Users/monujgogoi/Downloads/kathbath/bengali/wavs/844424930554271-502-m.wav,5.688875,উত্তর দিনাজপুরের রায়গঞ্জের গোয়ালপাড়ায় চুরির অভিযোগে যুবককে গাছে বেঁধে গণপিটুনি,উত্তর দিনাজপুরের রায়গঞ্জের গোয়ালপাড়ায় চুরির অভিযোগে যুবককে গাছে মেধে গণপিটুনি।,0.2,0.0411,ok
kathbath/bengali/wavs/844424930693448-372-m.wav,/Users/monujgogoi/Downloads/kathbath/bengali/wavs/844424930693448-372-m.wav,9.4505625,ক্যালিফোর্নিয়ায় দাবানলে ২০ লাখ মানুষ বিদ্যুৎ বিচ্ছিন্ন হওয়ার শঙ্কায়,ক্যালিফোর্নিয়ায় দাবানলে কুড়ি লাখ মানুষ বিদ্যুৎ বিচ্ছিন্ন হওয়ার শঙ্কায়।,0.2222,0.0952,ok
kathbath/bengali/wavs/844424930436677-253-m.wav,/Users/monujgogoi/Downloads/kathbath/bengali/wavs/844424930436677-253-m.wav,3.204375,কিউবায় মার্কিন অবরোধের প্রেক্ষিতে তীব্র খাদ্য সঙ্কট দেখা দিয়েছে,কিউবায় মার্কিন অবরোধের প্রেক্ষিতে তীব্র খাদ্য সংকট দেখা দিয়েছে।,0.2222,0.0526,ok
kathbath/bengali/wavs/844424930935238-502-m.wav,/Users/monujgogoi/Downloads/kathbath/bengali/wavs/844424930935238-502-m.wav,4.5975625,আজকে পেটিএমে বেশ কিছু ভাল ল্যাপটপের ওপরে ডিস্কাউন্ট পাওয়া যাচ্ছে,আজকে পেটিএমে বেশ কিছু ভালো ল্যাপটপের উপরে ডিসকাউন্ট পাওয়া যাচ্ছে।,0.4,0.0714,ok
kathbath/bengali/wavs/844424930554244-502-m.wav,/Users/monujgogoi/Downloads/kathbath/bengali/wavs/844424930554244-502-m.wav,5.131625,নিজেকেই নুসরাতের সঙ্গে তুলনা করে সামনে এলেন জনপ্রিয় কণ্ঠশিল্পী মিলা,নিজেকেই নুসরাতের সঙ্গে তুলনা করে সামনে এলেন জনপ্রিয় কণ্ঠশিল্পী মিলা।,0.1,0.0169,ok
kathbath/bengali/wavs/844424930773567-372-m.wav,/Users/monujgogoi/Downloads/kathbath/bengali/wavs/844424930773567-372-m.wav,11.79575,আমেরিকার জ্যাকসন হাইটসের মুক্তধারার স্বত্বাধিকারী বিশ্বজিত সাহা এবং ঢাকার বাংলা প্রকাশের স্বত্বাধিকারী ইঞ্জিনিয়ার মো,আমেরিকার জ্যাকসন হাইটসের মুক্তধারার স্বত্বাধিকারী বিশ্বজিৎ সাহা এবং ঢাকার বাংলা প্রকাশের স্বত্বাধিকারী ইঞ্জিনিয়ার মো।,0.1429,0.0192,ok
kathbath/bengali/wavs/844424931239830-1035-m.wav,/Users/monujgogoi/Downloads/kathbath/bengali/wavs/844424931239830-1035-m.wav,7.2214375,যুক্তরাষ্ট্রের সাড়া না পেয়ে কানাডায় রাজনৈতিক আশ্রয় চেয়েছেন এসকে সিনহা,যুক্তরাষ্ট্রের সাড়া না পেয়ে কানাডায় রাজনৈতিক আশ্রয় চেয়েছেন এস কে সিনহা।,0.3,0.0154,ok
kathbath/bengali/wavs/844424930554256-502-m.wav,/Users/monujgogoi/Downloads/kathbath/bengali/wavs/844424930554256-502-m.wav,5.1780625,কোহলি তো বাইশ গজের পাশে দাঁড়িয়ে গ্যালারিতে উপস্থিত অনুষ্কাকে চুম্বন পর্যন্ত,কোহলিতো বাইশ গজের পাশে দাঁড়িয়ে গ্যালারিতে উপস্থিত অনুষ্কাকে চুম্বন পর্যন্ত।,0.2727,0.0149,ok
kathbath/bengali/wavs/844424930627001-210-m.wav,/Users/monujgogoi/Downloads/kathbath/bengali/wavs/844424930627001-210-m.wav,5.9443125,একটি কম্পিউটার যখন আমাদের নিরাপত্তার একটি মিথ্যা অনুভূতিতে আঘাত করে,একটি কম্পিউটার যখন আমাদের নিরাপত্তার একটি মিথ্যা অনুভূতিতে আঘাত করে।,0.1,0.0172,ok
kathbath/bengali/wavs/844424930773521-372-m.wav,/Users/monujgogoi/Downloads/kathbath/bengali/wavs/844424930773521-372-m.wav,6.9891875,ইসলামাবাদে ১০ কোটি রুপি ব্যয়ে নির্মিত হচ্ছে কৃষ্ণ মন্দির,ইসলামাবাদে দশ কোটি রুপি ব্যয়ে নির্মিত হচ্ছে কৃষ্ণ মন্দির।,0.2222,0.0612,ok
kathbath/bengali/wavs/844424930707891-210-m.wav,/Users/monujgogoi/Downloads/kathbath/bengali/wavs/844424930707891-210-m.wav,8.010875,থেকে উল্কাটি পড়ার কারণে আকাশে কাঁচ পড়ার কারণে পানির বেশিরভাগ জীবনও হারিয়ে,থেকে উল্কাটি পড়ার কারণে আকাশে কাঁচ পড়ার কারণে পানির বেশিরভাগ জীবনও হারিয়ে।,0.0833,0.0154,ok
kathbath/bengali/wavs/844424930464172-1161-m.wav,/Users/monujgogoi/Downloads/kathbath/bengali/wavs/844424930464172-1161-m.wav,4.2956875,আবহাওয়া অফিসের পক্ষ থেকে ১০ নং মহাবিপদ সতর্ক সংকেত দেখিয়ে,আবহাওয়া অফিসের পক্ষ থেকে ১০ নম্বর মহাবিপদ সতর্ক সংকেত দেখিয়ে।,0.2,0.1,ok
kathbath/bengali/wavs/844424930500933-1161-m.wav,/Users/monujgogoi/Downloads/kathbath/bengali/wavs/844424930500933-1161-m.wav,4.527875,জরুরি প্রয়োজন ছাড়া এলাকাটি থেকে কাউকে ঢুকতে বা বের হতে দেয়া হচ্ছে না,জরুরি প্রয়োজন ছাড়া এলাকাটি থেকে কাউকে ঢুকতে বা বের হতে দেওয়া হচ্ছে না।,0.1538,0.0339,ok
kathbath/bengali/wavs/844424930941003-417-m.wav,/Users/monujgogoi/Downloads/kathbath/bengali/wavs/844424930941003-417-m.wav,7.15175,সিনে দুনিয়ায় দুই বিখ্যাত তারকা রাজ কাপুর ও অশোক কুমারের জীবনীর উপর,সিনে দুনিয়ায় দুই বিখ্যাত তারকা রাজ কপুর ও অশোক কুমারের জীবনীর উপর।,0.1667,0.0351,ok
kathbath/bengali/wavs/844424930436753-253-m.wav,/Users/monujgogoi/Downloads/kathbath/bengali/wavs/844424930436753-253-m.wav,4.9690625,বিএনপি চেয়ারপারসনের উপদেষ্টা এবং জিয়াউর রহমান ফাউন্ডেশনের নির্বাহী পরিচালক ডা,বিএনপি চেয়ারপার্সনের উপদেষ্টা এবং জিয়াউর রহমান ফাউন্ডেশনের নির্বাহী পরিচালকরা।,0.3,0.0429,ok
kathbath/bengali/wavs/844424930693427-372-m.wav,/Users/monujgogoi/Downloads/kathbath/bengali/wavs/844424930693427-372-m.wav,9.171875,ভারতের লোকসভার সাবেক স্পিকার পি এ সাংমা আর নেই,ভারতের লোকসভার সাবেক স্পিকার পি এ সাংমা আর নেই।,0.1111,0.0263,ok
kathbath/bengali/wavs/844424930773565-372-m.wav,/Users/monujgogoi/Downloads/kathbath/bengali/wavs/844424930773565-372-m.wav,7.616125,চুক্তি সাক্ষর অনুষ্ঠানে প্রধান অতিথি ছিলেন বাংলাদেশ ব্যাংকের গভর্ণর ড,চুক্তি স্বাক্ষর অনুষ্ঠানে প্রধান অতিথি ছিলেন বাংলাদেশ ব্যাংকের গভর্নর ডঃ।,0.3,0.0833,ok
kathbath/bengali/wavs/844424930773553-372-m.wav,/Users/monujgogoi/Downloads/kathbath/bengali/wavs/844424930773553-372-m.wav,10.0078125,যে পরিযায়ী শ্রমিকরা ঘরে ফিরেছেন রাজ্যেই তাঁদের কাজের ব্যবস্থা নিশ্চিত করার নির্দেশ দেন মুখ্যমন্ত্রী,যে পরিযায়ী শ্রমিকরা ঘরে ফিরেছেন রাজ্যেই তাদের কাজের ব্যবস্থা নিশ্চিত করার নির্দেশ দেন মুখ্যমন্ত্রী।,0.1429,0.023,ok
kathbath/bengali/wavs/844424930773555-372-m.wav,/Users/monujgogoi/Downloads/kathbath/bengali/wavs/844424930773555-372-m.wav,9.4505625,উত্তর কোরিয়ার শাসক কিম জং উনের প্রতি তবু যেন মুগ্ধতা কাটছে না মার্কিন প্রেসিডেন্ট ডোনাল্ড,উত্তর কোরিয়ার শাসক কিম জং উনের প্রতি তবু যেন মুগ্ধতা কাটছে না মার্কিন প্রেসিডেন্ট ডোনাল্ড।,0.0667,0.0132,ok
kathbath/bengali/wavs/844424930773509-372-m.wav,/Users/monujgogoi/Downloads/kathbath/bengali/wavs/844424930773509-372-m.wav,8.986125,সুদীপের গ্রেফতারির পর নারদ কাণ্ডে সিবিআই তদন্ত থেকে বাঁচতে তৎপর মমতা সরকার,সুদীপের গ্রেফতারির পর নারদ কাণ্ডে সিবিআই তদন্ত থেকে বাঁচতে তৎপর মমতা সরকার।,0.0833,0.0159,ok
kathbath/bengali/wavs/844424930693434-372-m.wav,/Users/monujgogoi/Downloads/kathbath/bengali/wavs/844424930693434-372-m.wav,10.0775,দলীয় বৈঠকে কংগ্রেসের সঙ্গে সন্ধির বার্তা স্পষ্ট করে দিলেন তৃণমূলনেত্রী,দলীয় বৈঠকে কংগ্রেসের সঙ্গে সন্ধির বার্তা স্পষ্ট করে দিলেন তৃণমূল নেত্রী।,0.2,0.0161,ok
kathbath/bengali/wavs/844424931233400-1035-m.wav,/Users/monujgogoi/Downloads/kathbath/bengali/wavs/844424931233400-1035-m.wav,8.800375,সেখান থেকে উপজেলা পরিষদের বর্তমান ভাইস চেয়ারম্যান ও উপজেলা জামায়াতের সেক্রেটারি মু,সেখান থেকে উপজেলা পরিষদের বর্তমান ভাইস চেয়ারম্যান ও উপজেলা জামায়াতের সেক্রেটারি মু।,0.0833,0.0137,ok
kathbath/bengali/wavs/844424931279034-417-m.wav,/Users/monujgogoi/Downloads/kathbath/bengali/wavs/844424931279034-417-m.wav,6.292625,চর্চায় লেগে থেকে নিজেকে আরও সমৃদ্ধ করার চেষ্টা এখন আর,চর্চায় লেগে থেকে নিজেকে আরও সমৃদ্ধ করার চেষ্টা এখন আর।,0.1,0.0222,ok
kathbath/bengali/wavs/844424930693487-372-m.wav,/Users/monujgogoi/Downloads/kathbath/bengali/wavs/844424930693487-372-m.wav,9.589875,হাওড়ার জগৎবল্লভপুরের ঘটনায় অভিযুক্তর বিরুদ্ধে আইনানুগ ব্যবস্থার দাবি তৃণমূলের,হাওড়ার জগৎবল্লভপুরের ঘটনায় অভিযুক্তের বিরুদ্ধে আইনানুক ব্যবস্থার দাবি তৃণমূলের।,0.3333,0.0423,ok
kathbath/bengali/wavs/844424930940972-417-m.wav,/Users/monujgogoi/Downloads/kathbath/bengali/wavs/844424930940972-417-m.wav,10.541875,এমনটাই বললেন গণফোরাম সভাপতি ও জাতীয় ঐক্য প্রক্রিয়ার আহ্বায়ক ড,এমনটাই বললেন গণফোরাম সভাপতি ও জাতীয় ঐক্য প্রক্রিয়ার আহ্বায়ক ডঃ।,0.1,0.0364,ok
kathbath/bengali/wavs/844424930627042-210-m.wav,/Users/monujgogoi/Downloads/kathbath/bengali/wavs/844424930627042-210-m.wav,6.269375,ইনস্টিটিউট ফর ডিফেন্স স্টাডিজ অ্যান্ড অ্যানালিসিসের গবেষক ও ফেলো ড,ইনস্টিটিউট ফর ডিফেন্স স্টাডিজ অ্যান্ড অ্যানালাইসিসের গবেষক ও ফেলো ডঃ,0.2,0.0526,ok
kathbath/bengali/wavs/844424930554234-502-m.wav,/Users/monujgogoi/Downloads/kathbath/bengali/wavs/844424930554234-502-m.wav,5.4799375,বড়ো শৌলমারী গ্রাম পঞ্চায়েত প্রধানের কাছে ২১ দফা দাবিতে ডেপুটেশন দিল বিজেপি,বড় শৌলমারি গ্রাম পঞ্চায়েত প্রধানের কাছে 21 দফা দাবিতে ডেপুটেশন দিল বিজেপি।,0.3333,0.0769,ok
kathbath/bengali/wavs/844424931233407-1035-m.wav,/Users/monujgogoi/Downloads/kathbath/bengali/wavs/844424931233407-1035-m.wav,6.478375,ওয়ানডে ভেন্যু হিসেবে অভিষেক হচ্ছে সিলেট আন্তর্জাতিক ক্রিকেট স্টেডিয়াম,ওয়ানডে ভেন্যু হিসাবে অভিষেক হচ্ছে সিলেট আন্তর্জাতিক ক্রিকেট স্টেডিয়াম।,0.2222,0.0317,ok
kathbath/bengali/wavs/844424930693485-372-m.wav,/Users/monujgogoi/Downloads/kathbath/bengali/wavs/844424930693485-372-m.wav,8.8235625,মাত্র ৪ ঘণ্টার ওই কিলিং মিশনে প্রথমে তাসলিমা এবং সবশেষ স্কুলছাত্র মো,মাত্র চার ঘণ্টার ওই কিলিং মিশনে প্রথমে তসলিমা এবং সবশেষ স্কুল ছাত্র মো।,0.4167,0.0877,ok
kathbath/bengali/wavs/844424930500960-1161-m.wav,/Users/monujgogoi/Downloads/kathbath/bengali/wavs/844424930500960-1161-m.wav,6.3158125,মাদারীপুরের গণপূর্ত বিভাগের তিন কর্মকর্তার বিরুদ্ধে হওয়া শুনানিতে প্রধান তথ্য কমিশনার অধ্যাপক ড,মাদারীপুরের গণপুত্র বিভাগের তিন কর্মকর্তার বিরুদ্ধে হওয়া শুনানিতে প্রধান তত্ত্ব কমিশনার অধ্যাপক ডঃ।,0.2308,0.1071,ok
kathbath/bengali/wavs/844424930627012-210-m.wav,/Users/monujgogoi/Downloads/kathbath/bengali/wavs/844424930627012-210-m.wav,5.688875,সমস্যায় পড়লে পড়ুয়াদের জন্য দুটি টোল ফ্রি নম্বর দেওয়া হয়েছে,সমস্যায় পড়লে পড়ুয়াদের জন্য দুটি টোল ফ্রি নম্বর দেওয়া হয়েছে।,0.1,0.0182,ok
kathbath/bengali/wavs/844424930753539-372-m.wav,/Users/monujgogoi/Downloads/kathbath/bengali/wavs/844424930753539-372-m.wav,11.9583125,লকডাউনে অনেক কেব্ল অপারেটরের দোকান বন্ধ থাকায় বা ঘরবন্দির নিয়ম মানতে গিয়ে গ্রাহকদের একাংশ সংযোগের,লকডাউনে অনেক কেবল অপারেটরের দোকান বন্ধ থাকায় বা গৃহবন্দীর নিয়ম মানতে গিয়ে গ্রাহকদের একাংশ সংযোগের।,0.2,0.0698,ok
kathbath/bengali/wavs/844424930753563-372-m.wav,/Users/monujgogoi/Downloads/kathbath/bengali/wavs/844424930753563-372-m.wav,9.009375,বিভিন্ন দফতরের ভারসাম্যে কর্মী গুনতে পেশাদার সংস্থার সাহায্য কলকাতা পুরসভার,বিভিন্ন দপ্তরের ভারসাম্যে কর্মী গুনতে পেশাদার সংস্থার সাহায্য কলকাতা পৌরসভার।,0.2,0.0606,ok
kathbath/bengali/wavs/844424930470392-210-m.wav,/Users/monujgogoi/Downloads/kathbath/bengali/wavs/844424930470392-210-m.wav,7.7090625,আগের ম্যাচে দিল্লি ক্যাপিটালসকে ১৫ হারিয়ে ২০২০ আইপিএলে প্রথম জয় পেয়েছে সানরাইজার্স,আগের ম্যাচে দিল্লি ক্যাপিটালসকে পনেরো হারিয়ে কুড়ি কুড়ি আইপিএলে প্রথম জয় পেয়েছে সানরাইজার্স।,0.3333,0.2162,ok
kathbath/bengali/wavs/844424930627063-210-m.wav,/Users/monujgogoi/Downloads/kathbath/bengali/wavs/844424930627063-210-m.wav,8.196625,ধৈর্য্য ও ত্যাগের মাধ্যমে ইসলাম কায়েম করতে হবে শাহ সুফি সৈয়দ আব্দুল হান্নান আল হাদী,ধৈর্য ও ত্যাগের মাধ্যমে ইসলাম কায়েম করতে হবে শাহ সুফি সৈয়দ আব্দুল হান্নান আল হাদি।,0.1333,0.0563,ok
kathbath/bengali/wavs/844424930500989-1161-m.wav,/Users/monujgogoi/Downloads/kathbath/bengali/wavs/844424930500989-1161-m.wav,6.2229375,বড়পুকুরিয়া ২৭৫ মেগাওয়াট কয়লাভিত্তিক তাপবিদ্যুৎ কেন্দ্রের প্রকল্প পরিচালক চৌধুরী মো,বড়পুকুরিয়া ২৭৫ মেগাওয়াট কয়লাভিত্তিক তাপবিদ্যুৎ কেন্দ্রের প্রকল্প পরিচালক চৌধুরী মো।,0.1,0.013,ok
kathbath/bengali/wavs/844424932360041-778-m.wav,/Users/monujgogoi/Downloads/kathbath/bengali/wavs/844424932360041-778-m.wav,9.009375,রাজকোট টেস্টের প্রথম ইনিংসে ইংল্যান্ডের ৫৩৭ রানের জবাব ভালভাবেই দিচ্ছে ভারতীয় দল,রাজকোট টেস্টের প্রথম ইনিংসে ইংল্যান্ডের ৫৩৭ রানের জবাব ভালোভাবেই দিচ্ছে ভারতীয় দল।,0.1667,0.0286,ok
kathbath/bengali/wavs/844424930500922-1161-m.wav,/Users/monujgogoi/Downloads/kathbath/bengali/wavs/844424930500922-1161-m.wav,4.4118125,তিন জায়গায় নির্বাচনি সহিংসতার ঘটনায় পুলিশি প্রতিবেদন চেয়েছে ইসি,3 জায়গায় নির্বাচনী সহিংসতার ঘটনায় পুলিশি প্রতিবেদন চেয়েছে ইসি।,0.3333,0.0847,ok
kathbath/bengali/wavs/844424930753519-372-m.wav,/Users/monujgogoi/Downloads/kathbath/bengali/wavs/844424930753519-372-m.wav,6.9891875,এ মামলায় আরও ৯ জনকে যাবজ্জীবন সাজার নির্দেশ দিয়েছে,এ মামলায় আরও 9 জনকে যাবজ্জীবন সাজার নির্দেশ দিয়েছে।,0.2222,0.0455,ok
kathbath/bengali/wavs/844424930773494-372-m.wav,/Users/monujgogoi/Downloads/kathbath/bengali/wavs/844424930773494-372-m.wav,9.10225,কলারোয়া উপজেলার সীমান্তবর্তী পানিকাউরিয়া মাধ্যমিক বিদ্যালয়ের প্রধান শিক্ষক মো,কলারওয়া উপজেলার সীমান্তবর্তী পানিকাউরিয়া মাধ্যমিক বিদ্যালয়ের প্রধান শিক্ষক মো।,0.2222,0.0278,ok
kathbath/bengali/wavs/844424931239824-1035-m.wav,/Users/monujgogoi/Downloads/kathbath/bengali/wavs/844424931239824-1035-m.wav,5.2941875,লুৎফরকে না পেয়ে তার স্ত্রী জহুরা বেগম ও ছেলে মো,লুৎফরকে না পেয়ে তার স্ত্রী জহুরা বেগম ও ছেলে মো।,0.1,0.0256,ok
kathbath/bengali/wavs/844424930941020-417-m.wav,/Users/monujgogoi/Downloads/kathbath/bengali/wavs/844424930941020-417-m.wav,9.3344375,ওই ইউনিটে প্রতি সপ্তাহে চারজন চিকিৎসক শিফটিং ডিউটিতে থাকছেন জানিয়ে অধ্যাপক ডা,ওই ইউনিটে প্রতি সপ্তাহে চারজন চিকিৎসক শিফটিং ডিউটিতে থাকছেন জানিয়ে অধ্যাপক ডাঃ।,0.0833,0.0299,ok
kathbath/bengali/wavs/844424930707908-210-m.wav,/Users/monujgogoi/Downloads/kathbath/bengali/wavs/844424930707908-210-m.wav,6.6409375,মালয়েশিয়ার গণমাধ্যমে এ কথা জানিয়েছেন দেশটির উপপ্রধানমন্ত্রী দাতুক সেরি ড,মালয়েশিয়ার গণমাধ্যমে একথা জানিয়েছেন দেশটির উপপ্রধানমন্ত্রী দাতুক সেরিডো।,0.4,0.0303,ok
kathbath/bengali/wavs/844424931233414-1035-m.wav,/Users/monujgogoi/Downloads/kathbath/bengali/wavs/844424931233414-1035-m.wav,8.9165,কেন্দ্রীয় পরিসংখ্যান ও কর্মসূচি রূপায়ণ মন্ত্রকের এক রিপোর্টে বিষয়টি নিয়ে আশঙ্কা প্রকাশ করে বলা,কেন্দ্রীয় পরিসংখ্যান ও কর্মসূচি রূপায়ন মন্ত্রকের একটি রিপোর্টে বিষয়টি নিয়ে আশঙ্কা প্রকাশ করে বলা।,0.2143,0.0471,ok
kathbath/bengali/wavs/844424930940969-417-m.wav,/Users/monujgogoi/Downloads/kathbath/bengali/wavs/844424930940969-417-m.wav,5.897875,বাস্তুশাস্ত্র মতে ৮ টি দিকে গুরুত্ব ও প্রভাব জেনে নিন,বাস্তুশাস্ত্র মতে আটটি দিকে গুরুত্ব ও প্রভাব জেনে নিন।,0.3,0.0682,ok
kathbath/bengali/wavs/844424931233427-1035-m.wav,/Users/monujgogoi/Downloads/kathbath/bengali/wavs/844424931233427-1035-m.wav,10.3793125,জনস্বার্থে আনা একটি রিট আবেদনের প্রাথমিক শুনানি নিয়ে বিচারপতি মইনুল ইসলাম চৌধুরী ও বিচারপতি মো,জনস্বার্থে আনা একটি রিট আবেদনের প্রাথমিক শুনানি নিয়ে বিচারপতি মইনুল ইসলাম চৌধুরী ও বিচারপতি মো.,0.0667,0.0123,ok
kathbath/bengali/wavs/844424930464195-1161-m.wav,/Users/monujgogoi/Downloads/kathbath/bengali/wavs/844424930464195-1161-m.wav,4.0170625,বিসিবির কর্মীদের ৪ লাখ টাকার আর্থিক সহায়তা দিলেন ভেট্টোরি,বিসিবির কর্মীদের চার লাখ টাকার আর্থিক সহায়তা দিলেন ভেট্টরি।,0.2222,0.1,ok
kathbath/bengali/wavs/844424930470404-210-m.wav,/Users/monujgogoi/Downloads/kathbath/bengali/wavs/844424930470404-210-m.wav,6.2461875,আদালতের আদেশের বিষয়টি নিশ্চিত করেছেন রিট আবেদনকারী আইনজীবী মো,আদালতের আদেশের বিষয়টি নিশ্চিত করছেন রিট আবেদনকারী আইনজীবী মো।,0.2222,0.037,ok
kathbath/bengali/wavs/844424930753553-372-m.wav,/Users/monujgogoi/Downloads/kathbath/bengali/wavs/844424930753553-372-m.wav,6.9891875,আমতলীর সাড়ে তিন হাজার শিক্ষার্থী এক বছরেও সনদ পায়নি,আমতলীর সাড়ে তিন হাজার শিক্ষার্থী এক বছরেও সনদ পায়নি।,0.1111,0.0222,ok
kathbath/bengali/wavs/844424930550801-1161-m.wav,/Users/monujgogoi/Downloads/kathbath/bengali/wavs/844424930550801-1161-m.wav,5.0155,ওই সভায় প্রধান অতিথি ছিলেন তৎকালীন মন্ত্রিসভার সদস্য বগুড়ার মো,ওই সভায় প্রধান অতিথি ছিলেন তৎকালীন মন্ত্রীসভার সদস্য বগুড়ার মো.,0.2,0.0364,ok
kathbath/bengali/wavs/844424930550883-1161-m.wav,/Users/monujgogoi/Downloads/kathbath/bengali/wavs/844424930550883-1161-m.wav,6.1300625,খাতুনগঞ্জের মেসার্স হাজী মোহাম্মদ ইসহাক সওদাগর অ্যান্ড সন্সের মো,খাতুনগঞ্জের মেশার্স হাজী মোহাম্মদ ইসহাক সওদাগর অ্যান্ড সনসের মো।,0.3333,0.0536,ok
kathbath/bengali/wavs/844424930554243-502-m.wav,/Users/monujgogoi/Downloads/kathbath/bengali/wavs/844424930554243-502-m.wav,3.9009375,কিভাবে পিছন একটি ডিগবাজি করতে আমরা খেলাধুলা করতে শুরু,কীভাবে পিছন একটি ডিগবাজি করতে আমরা খেলাধুলা করতে শুরু।,0.2222,0.0444,ok
kathbath/bengali/wavs/844424930940931-417-m.wav,/Users/monujgogoi/Downloads/kathbath/bengali/wavs/844424930940931-417-m.wav,6.873125,বিশ্ব গণমাধ্যম বাবরি মসজিদের রায় নিয়ে যেভাবে প্রতিবেদন করেছে,বিশ্ব গণমাধ্যম বাবরি মসজিদের রায় নিয়ে যেভাবে প্রতিবেদন করেছে।,0.1111,0.0185,ok
kathbath/bengali/wavs/844424930436683-253-m.wav,/Users/monujgogoi/Downloads/kathbath/bengali/wavs/844424930436683-253-m.wav,3.4598125,তবে ত্বকের এক্সফলিয়েটর হিসেবে চিনি উপকারী বলে জানান ডা,তবে ত্বকের এক্সফোলিয়েটর হিসেবে চীন উপকারী বলে জানান ডা।,0.3333,0.0851,ok
kathbath/bengali/wavs/844424931233452-1035-m.wav,/Users/monujgogoi/Downloads/kathbath/bengali/wavs/844424931233452-1035-m.wav,9.2415625,কক্সবাজারের রোহিঙ্গা শিবিরে প্রচারনা চালাচ্ছে এলিফ্যান্ট রেসপন্স টিমের প্রধান মো,কক্সবাজারের রোহিঙ্গা শিবিরে প্রচারণা চালাচ্ছে এলিফ্যান্ট রেসপন্স টিমের প্রধান মো।,0.2,0.0282,ok
kathbath/bengali/wavs/844424930464192-1161-m.wav,/Users/monujgogoi/Downloads/kathbath/bengali/wavs/844424930464192-1161-m.wav,5.503125,আমদানিকৃত ট্যারিফ এক দেশের থেকে অন্য দেশ থেকে আমদানি করা পণ্যের বিরুদ্ধে করা হয়,আমদানিকৃত ট্যারিফ এক দেশের থেকে অন্য দেশ থেকে আমদানি করা পণ্যের বিরুদ্ধে করা হয়।,0.0714,0.0149,ok
kathbath/bengali/wavs/844424931233464-1035-m.wav,/Users/monujgogoi/Downloads/kathbath/bengali/wavs/844424931233464-1035-m.wav,8.1501875,কারণ উপর্যুক্ত পদ্ধতিতে ধোয়ার সৃষ্টি হয় যা ল্যাবরেটরির পরিবেশ দূষিত করে,কারণ উপযুক্ত পদ্ধতিতে ধোঁয়া সৃষ্টি হয় যা ল্যাবরেটরির পরিবেশ দূষিত করে।,0.2727,0.0794,ok
kathbath/bengali/wavs/844424930940941-417-m.wav,/Users/monujgogoi/Downloads/kathbath/bengali/wavs/844424930940941-417-m.wav,8.1734375,তবে তদন্ত সংস্থা পিবিআই প্রতিবেদন দাখিল না করায় ঢাকার মেট্রোপলিটন,তবে তদন্ত সংস্থা পিবিআই প্রতিবেদন দাখিল না করায় ঢাকার মেট্রোপলিটন।,0.1,0.0175,ok
kathbath/bengali/wavs/844424930464174-1161-m.wav,/Users/monujgogoi/Downloads/kathbath/bengali/wavs/844424930464174-1161-m.wav,3.692,মাংসাশীরা কেবল তাদের জোজগুলি উপরে ও নিচে সরানো যেতে পারে,মাংসাশীরা কেবল তাদের জোজগুলি উপরে ও নিচে সরানো যেতে পারে।,0.1,0.0213,ok
kathbath/bengali/wavs/844424930773562-372-m.wav,/Users/monujgogoi/Downloads/kathbath/bengali/wavs/844424930773562-372-m.wav,8.9629375,যৌন নিগ্রহের মামলায় সাড়ে নয় লক্ষ মার্কিন ডলার জরিমানা যোগগুরু বিক্রম চৌধুরীর,যৌন নিগ্রহের মামলায় সাড়ে ন লক্ষ মার্কিন ডলার জরিমানা যোগগুরু বিক্রম চৌধুরীর।,0.1667,0.0441,ok
kathbath/bengali/wavs/844424930436735-253-m.wav,/Users/monujgogoi/Downloads/kathbath/bengali/wavs/844424930436735-253-m.wav,4.760125,এই বিষয়ে বাংলা একাডেমির পরিচালক ও মেলা পরিচালনা কমিটির সদস্য সচিব ড,এ বিষয়ে বাংলা একাডেমির পরিচালক ও মেলা পরিচালনা কমিটির সদস্য সচিব ডঃ।,0.1667,0.0526,ok
kathbath/bengali/wavs/844424930753573-372-m.wav,/Users/monujgogoi/Downloads/kathbath/bengali/wavs/844424930753573-372-m.wav,8.6610625,শিকার শিকার যে বুলেট সন্দেহভাজন এর বন্দুক থেকে আসা হয়েছে দেখানো হয়েছে,শিকার শিকার যে বুলেট সন্দেহভাজনের বন্দুক থেকে আসা হয়েছে দেখানো হয়েছে।,0.25,0.0333,ok
kathbath/bengali/wavs/844424930693424-372-m.wav,/Users/monujgogoi/Downloads/kathbath/bengali/wavs/844424930693424-372-m.wav,11.9350625,সেখানে বন্যা পরিস্থিতি পরিদর্শন করার পর প্রধানমন্ত্রীর কাছে ত্রাণের জন্য আর্জি করেন রাহুল গান্ধী,সেখানে বন্যা পরিস্থিতি পরিদর্শন করার পর প্রধানমন্ত্রীর কাছে ত্রাণের জন্য আর্জি করেন রাহুল গান্ধী।,0.0714,0.012,ok
kathbath/bengali/wavs/844424930627086-210-m.wav,/Users/monujgogoi/Downloads/kathbath/bengali/wavs/844424930627086-210-m.wav,6.4319375,শত পা হেঁটে ৬৭ কোটি টাকার তহবিল গড়লেন সাবেক সেনা অফিসার,শতপা হেঁটে ৬৭ কোটি টাকার তহবিল গড়লেন সাবেক সেনা অফিসার।,0.2727,0.0217,ok
kathbath/bengali/wavs/844424930753565-372-m.wav,/Users/monujgogoi/Downloads/kathbath/bengali/wavs/844424930753565-372-m.wav,7.244625,পরমাণু সমঝোতা ত্যাগ না করার জন্য আমেরিকার প্রতি আহ্বান জানাল রাশিয়া,পরমাণু সমঝোতা ত্যাগ না করার জন্য আমেরিকার প্রতি আহ্বান জানালো রাশিয়া।,0.1818,0.0345,ok
kathbath/bengali/wavs/844424930627004-210-m.wav,/Users/monujgogoi/Downloads/kathbath/bengali/wavs/844424930627004-210-m.wav,5.6656875,ফুটবল ইভেন্টের মধ্য দিয়ে ২ দিন আগে থেকেই খেলা মাঠে গড়ালেও বিশ্ব,ফুটবল ইভেন্টের মধ্য দিয়ে দুদিন আগে থেকেই খেলা মাঠে গড়ালেও বিশ্ব।,0.25,0.0556,ok
kathbath/bengali/wavs/844424930935230-502-m.wav,/Users/monujgogoi/Downloads/kathbath/bengali/wavs/844424930935230-502-m.wav,3.970625,এলাকাবাসীর বরাত দিয়ে বোদা থানার ওসি আবু হায়দার মো,এলাকাবাসীর বরাত দিয়ে বোদা থানার ওসি আবু হায়দার মো.,0.1111,0.0233,ok
kathbath/bengali/wavs/844424930753548-372-m.wav,/Users/monujgogoi/Downloads/kathbath/bengali/wavs/844424930753548-372-m.wav,7.0124375,রবার্ট এবং ক্যাথি প্রেমে একটি বাস্তব দম্পতির মত দেখাচ্ছে,রবার্ট এবং ক্যাথি প্রেমে একটি বাস্তব দম্পতির মতো দেখাচ্ছে।,0.2222,0.0417,ok
kathbath/bengali/wavs/844424930753495-372-m.wav,/Users/monujgogoi/Downloads/kathbath/bengali/wavs/844424930753495-372-m.wav,8.4520625,বকেয়া চাইতে গিয়ে সোদপুরের চিত্রশিল্পীর অ্যাকাউন্ট থেকে উধাও ৬৫ হাজারের বেশি টাকা,বকেয়া চাইতে গিয়ে সোদপুরের চিত্রশিল্পীর অ্যাকাউন্ট থেকে উধাও পঁয়ষট্টি হাজারের বেশি টাকা।,0.1667,0.1408,ok
kathbath/bengali/wavs/844424930935250-502-m.wav,/Users/monujgogoi/Downloads/kathbath/bengali/wavs/844424930935250-502-m.wav,6.269375,লাইফটাইম অ্যচিভমেন্ট পুরস্কার পেয়েছেন আমেরিকার খ্যাতিমান অভিনেতা ও পরিচালক রবার্ট ডি,লাইফটাইম অ্যাচিভমেন্ট পুরস্কার পেয়েছেন আমেরিকার খ্যাতিমান অভিনেতা ও পরিচালক রবার্ট ডি।,0.1818,0.0267,ok
kathbath/bengali/wavs/844424930693475-372-m.wav,/Users/monujgogoi/Downloads/kathbath/bengali/wavs/844424930693475-372-m.wav,9.84525,মাহফিলে উদ্বোধনী বক্তব্য রাখেন প্রধানমন্ত্রীর সামরিক সচিব মেজর জেনারেল মিয়া মো,মাহফেলে উদ্বোধনী বক্তব্য রাখেন প্রধানমন্ত্রীর সামরিক সচিব মেজর জেনারেল মিয়ামো।,0.2727,0.029,ok
kathbath/bengali/wavs/844424930500990-1161-m.wav,/Users/monujgogoi/Downloads/kathbath/bengali/wavs/844424930500990-1161-m.wav,3.9009375,বিনা প্রতিদ্বন্দ্বিতায় জেতা আসন নিয়ে কী জানাল সুপ্রিম কোর্ট,বিনা প্রতিদ্বন্দ্বিতায় জেতা আসন নিয়ে কি জানালো সুপ্রিম কোর্ট?,0.3333,0.0566,ok
kathbath/bengali/wavs/844424930436729-253-m.wav,/Users/monujgogoi/Downloads/kathbath/bengali/wavs/844424930436729-253-m.wav,4.4814375,বাগমারায় সংঘর্ষ পুলিশসহ ১৮ জন হাসপাতালে শত শত লোকের বিরুদ্ধে মামলা,বাগমারায় সংঘর্ষ পুলিশসহ আঠারো জন হাসপাতালে শত শত লোকের বিরুদ্ধে মামলা।,0.1818,0.1053,ok
kathbath/bengali/wavs/844424930707877-210-m.wav,/Users/monujgogoi/Downloads/kathbath/bengali/wavs/844424930707877-210-m.wav,5.805,সালমান শাহ হত্যা মামলায় অধিকতর তদন্ত প্রতিবেদন ২৩ এপ্রিল,সালমান শাহহত্যা মামলায় অধিকতর তদন্ত প্রতিবেদন ২৩ এপ্রিল।,0.3333,0.0204,ok
kathbath/bengali/wavs/844424930753564-372-m.wav,/Users/monujgogoi/Downloads/kathbath/bengali/wavs/844424930753564-372-m.wav,7.94125,আগামী বৈশাখেই বিয়ে হওয়ার কথা ছিল আইটিবিপি জওয়ান সুরজিতের,আগামী বৈশাখেই বিয়ে হওয়ার কথা ছিল আইটিবিপি জওয়ান সুরজিতের।,0.1111,0.0196,ok
kathbath/bengali/wavs/844424930627056-210-m.wav,/Users/monujgogoi/Downloads/kathbath/bengali/wavs/844424930627056-210-m.wav,6.2229375,সংবাদ পেয়ে ইতিমধ্যে ১৪ বিজিবি ব্যাটালিয়ান কমান্ডিং অফিসার লে,সংবাদ পেয়ে ইতিমধ্যে চৌদ্দ বিজিবি ব্যাটালিয়ন কমান্ডিং অফিসার লে।,0.3333,0.1296,ok
kathbath/bengali/wavs/844424931239849-1035-m.wav,/Users/monujgogoi/Downloads/kathbath/bengali/wavs/844424931239849-1035-m.wav,6.19975,পরে তাদের মারধর করে। অশান্তির জেরে আহত হন ১৭ জন অভিভাবক,পরে তাদের মারধর করে অশান্তির জেরে আহত হন 17 জন অভিভাবক।,0.2727,0.0889,ok
kathbath/bengali/wavs/844424930693496-372-m.wav,/Users/monujgogoi/Downloads/kathbath/bengali/wavs/844424930693496-372-m.wav,9.0325625,বাস থেকে ধাক্কা দিয়ে ফেলে সিলেট কৃষি বিশ্ববিদ্যালয়ের শিক্ষার্থী ঘোরী মো,বাস থেকে ধাক্কা দিয়ে ফেলে সিলেট কৃষি বিশ্ববিদ্যালয়ের শিক্ষার্থী ঘরি মো।,0.1818,0.0476,ok
kathbath/bengali/wavs/844424930941005-417-m.wav,/Users/monujgogoi/Downloads/kathbath/bengali/wavs/844424930941005-417-m.wav,7.4768125,তাদের ওপর শাখা সভাপতি ও সাধারণ সম্পাদকের নিয়ন্ত্রণ নেই,তাদের উপর শাখা সভাপতি ও সাধারণ সম্পাদকের নিয়ন্ত্রণ নেই।,0.2222,0.0426,ok
kathbath/bengali/wavs/844424930470358-210-m.wav,/Users/monujgogoi/Downloads/kathbath/bengali/wavs/844424930470358-210-m.wav,7.6858125,ওয়েস্ট কেলি পার্ক রোডের দিকে বামদিকে বাঁকুন এবং প্রথম বামে ব্যাপটিস্ট ক্যাম্প রোডে যান,ওয়েস্ট ক্যালি পার্ক রোডের দিকে বাম দিকে বাঁকুন এবং প্রথম বামে বাপস্ট্রিট ক্যাম্প রোডে যান।,0.3571,0.1486,ok
kathbath/bengali/wavs/844424930554227-502-m.wav,/Users/monujgogoi/Downloads/kathbath/bengali/wavs/844424930554227-502-m.wav,6.1765,মৃত বেড়ে দাঁড়িয়েছে ৪৪ । উত্তর ক্যালিফোর্নিয়ার প্যারাডাইস শহরে ২০০ জন এখনও পর্যন্ত নিখোঁজ,মৃত বেড়ে দাঁড়িয়েছে ৪৪ উত্তর ক্যালিফোর্নিয়ার প্যারাডাইস শহরে ২০০ জন এখনও পর্যন্ত নিখোঁজ,0.0714,0.0127,ok
kathbath/bengali/wavs/844424930753536-372-m.wav,/Users/monujgogoi/Downloads/kathbath/bengali/wavs/844424930753536-372-m.wav,9.0558125,খলিল চৌধুরী বিদ্যানিকেতনে পুনরায় শিক্ষানুরাগী নির্বাচিত হলেন আব্দুস শুকুর,খলিল চৌধুরী বিদ্যানিকেতনে পুনরায় শিক্ষানুরাগী নির্বাচিত হলেন আব্দুস শুকুর।,0.1111,0.0152,ok
kathbath/bengali/wavs/844424930554235-502-m.wav,/Users/monujgogoi/Downloads/kathbath/bengali/wavs/844424930554235-502-m.wav,6.94275,আব্দুল হালিম লাভলুর করোনা পজিটিভ প্রতিবেদন আসার পর সেখানে কর্মরত আরও একজন নারী চিকিৎসক ডা,আব্দুল হালিম লাভলুর করোনা পজিটিভ প্রতিবেদন আসার পর সেখানে কর্মরত আরও একজন নারী চিকিৎসক ডা।,0.0667,0.0133,ok
kathbath/bengali/wavs/844424931239833-1035-m.wav,/Users/monujgogoi/Downloads/kathbath/bengali/wavs/844424931239833-1035-m.wav,6.8034375,এই বাজেট নিয়ে প্রথম আলোর পক্ষ থেকে কয়েকজন অর্থনীতিবিদ এবং,এই বাজেট নিয়ে প্রথম আলোর পক্ষ থেকে কয়েকজন অর্থনীতিবিদ এবং।,0.1,0.02,ok
kathbath/bengali/wavs/844424930550866-1161-m.wav,/Users/monujgogoi/Downloads/kathbath/bengali/wavs/844424930550866-1161-m.wav,7.058875,দলীয় চেয়ারপারসন খালেদা জিয়ার নিঃশর্ত মুক্তি এবং বিএনপির ভারপ্রাপ্ত চেয়ারম্যান তারেক রহমানের,দলীয় চেয়ারপার্সন খালেদা জিয়ার নিঃশর্তমুক্তি এবং বিএনপির ভারপ্রাপ্ত চেয়ারম্যান তারেক রহমানের।,0.3333,0.0238,ok
kathbath/bengali/wavs/844424932360039-778-m.wav,/Users/monujgogoi/Downloads/kathbath/bengali/wavs/844424932360039-778-m.wav,7.1285625,প্রথম ওভারে ১০ রান তুলল পুণের দুই ওপেনার অজিঙ্ক রাহানে ও ময়াঙ্ক আগরওয়াল,প্রথম ওভারে দশ রান তুলল পুনের দুই ওপেনার অজিঙ্ক রাহানে ও ময়াঙ্ক আগরওয়াল।,0.2308,0.0656,ok
kathbath/bengali/wavs/844424930554229-502-m.wav,/Users/monujgogoi/Downloads/kathbath/bengali/wavs/844424930554229-502-m.wav,5.61925,এই দুটির যাবতীয় তথ্য মিললেই ইউআইটি ছাত্রের মৃত্যুর কারণ জানা যাবে মনে করছেন,এই দুটির যাবতীয় তথ্য মিললেই ইউআইটি ছাত্রের মৃত্যুর কারণ জানা যাবে মনে করছেন।,0.0769,0.0156,ok
kathbath/bengali/wavs/844424930693445-372-m.wav,/Users/monujgogoi/Downloads/kathbath/bengali/wavs/844424930693445-372-m.wav,12.469125,দেশের মানুষ সুশাসন নিশ্চিত করতে চায় বলে মন্তব্য করেছেন গণফোরামের সভাপতি ড,দেশের মানুষ সুশাসন নিশ্চিত করতে চায় বলে মন্তব্য করেছেন গণফোরামের সভাপতি ডঃ।,0.0833,0.0317,ok
kathbath/bengali/wavs/844424930707879-210-m.wav,/Users/monujgogoi/Downloads/kathbath/bengali/wavs/844424930707879-210-m.wav,6.36225,চট্টগ্রামে ১৪ একর জমির উপর আইটি পার্ক হবে প্রতিমন্ত্রী পলক,চট্টগ্রামে চৌদ্দ একর জমির উপর আইটি পার্ক হবে প্রতিমন্ত্রী পলক।,0.2,0.1224,ok
kathbath/bengali/wavs/844424930693423-372-m.wav,/Users/monujgogoi/Downloads/kathbath/bengali/wavs/844424930693423-372-m.wav,10.449,বঙ্গভবনে রাষ্ট্রপতির সঙ্গে মিসর ও অষ্ট্রেলিয়ার দূতের পৃথক বিদায়ী সাক্ষাৎ,বঙ্গভবনে রাষ্ট্রপতির সঙ্গে মিশর ও অস্ট্রেলিয়ার দূতের পৃথক বিদায়ী সাক্ষাৎ।,0.3,0.0462,ok
kathbath/bengali/wavs/844424930627018-210-m.wav,/Users/monujgogoi/Downloads/kathbath/bengali/wavs/844424930627018-210-m.wav,6.664125,আসুন দেখে নেওয়া যাক খেলোয়াড়দের জীবনী নিয়ে বলিউডে ছবি তৈরির হিড়িকের কিছু উদাহরণ,আসুন দেখে নেওয়া যাক খেলোয়াড়দের জীবনী নিয়ে বলিউডে ছবি তৈরির হিড়িকের কিছু উদাহরণ।,0.0769,0.0141,ok
kathbath/bengali/wavs/844424930935301-502-m.wav,/Users/monujgogoi/Downloads/kathbath/bengali/wavs/844424930935301-502-m.wav,4.1099375,সমালোচনা করে অরুণ লাল বলেছিলেন যে এই পিচ রঞ্জি,সমালোচনা করে অরুণলাল বলেছিলেন যে এই পিচ রঞ্জি।,0.3333,0.0263,ok
kathbath/bengali/wavs/844424930550862-1161-m.wav,/Users/monujgogoi/Downloads/kathbath/bengali/wavs/844424930550862-1161-m.wav,5.9675625,ঢাকার পুলিশের কাছ থেকে সাহসিকতার স্বীকৃতি স্বরুপ পুরস্কার নিচ্ছেন অন্তরা রহমান,ঢাকার পুলিশের কাছ থেকে সাহসিকতার স্বীকৃতিস্বরূপ পুরস্কার নিচ্ছেন অন্তরা রহমান।,0.2727,0.0294,ok
kathbath/bengali/wavs/844424931239787-1035-m.wav,/Users/monujgogoi/Downloads/kathbath/bengali/wavs/844424931239787-1035-m.wav,6.083625,আসন্ন সাফ ফুটবল চ্যাম্পিয়নশিপে অংশ নেওয়ার জন্য বাংলাদেশ ফুটবল,আসন্ন সাফ ফুটবল চ্যাম্পিয়নশিপে অংশ নেওয়ার জন্য বাংলাদেশ ফুটবল।,0.1111,0.0182,ok
kathbath/bengali/wavs/844424930941006-417-m.wav,/Users/monujgogoi/Downloads/kathbath/bengali/wavs/844424930941006-417-m.wav,6.0371875,শুধুমাত্র নিউ ইয়র্কেই করোনা আক্রান্ত এক লক্ষ ২২ হাজার জন,শুধুমাত্র নিউ ইয়র্কেই করোনা আক্রান্ত এক লক্ষ বাইশ হাজার জন।,0.2,0.1042,ok
kathbath/bengali/wavs/844424930554272-502-m.wav,/Users/monujgogoi/Downloads/kathbath/bengali/wavs/844424930554272-502-m.wav,5.2245,বাম শাসিত শিলিগুড়ি পুরসভাকে বঞ্চনার অভিযোগ করে রাজ্যকে নিশানা বিজেপির,বাম শাসিত শিলিগুড়ি পুরসভাকে বঞ্চনার অভিযোগ করে রাজ্যকে নিশানা বিজেপির।,0.1,0.0164,ok
kathbath/bengali/wavs/844424930753530-372-m.wav,/Users/monujgogoi/Downloads/kathbath/bengali/wavs/844424930753530-372-m.wav,7.616125,ম্যুরাল উদ্বোধনী অুনষ্ঠানে বিশেষ অতিথি ছিলেন জেলা প্রশাসক মো,মুরাল উদ্বোধনী অনুষ্ঠানে বিশেষ অতিথি ছিলেন জেলা প্রশাসক মোঃ।,0.3333,0.1154,ok
kathbath/bengali/wavs/844424930500985-1161-m.wav,/Users/monujgogoi/Downloads/kathbath/bengali/wavs/844424930500985-1161-m.wav,4.7833125,থাইল্যান্ডে গিয়ে একসঙ্গে এক ঘরের মধ্যেই কাপল ম্যাসাজও নিয়েছিলেন এই হট কাপল,থাইল্যান্ডে গিয়ে একসঙ্গে এক ঘরের মধ্যেই কাপল ম্যাসাজও নিয়েছিলেন এই হট কাপল।,0.0833,0.0154,ok
kathbath/bengali/wavs/844424930707839-210-m.wav,/Users/monujgogoi/Downloads/kathbath/bengali/wavs/844424930707839-210-m.wav,11.4474375,বঙ্গবন্ধু সাংস্কৃতিক জোটের আলোচনা সভায় বক্তব্য রাখেন আওয়ামী লীগের সভাপতিমণ্ডলীর সদস্য ও স্বাস্থ্যমন্ত্রী মোহাম্মদ নাসিম,বঙ্গবন্ধু সাংস্কৃতিক জোটের আলোচনা সভায় বক্তব্য রাখেন আওয়ামী লীগের সভাপতি মণ্ডলীর সদস্য ও স্বাস্থ্যমন্ত্রী মোহাম্মদ নাসিম।,0.2,0.0093,ok
kathbath/bengali/wavs/844424930554251-502-m.wav,/Users/monujgogoi/Downloads/kathbath/bengali/wavs/844424930554251-502-m.wav,4.342125,আমফানের তাণ্ডব শেষ হতে না হতেই ফের রাজ্যে ভারী বৃষ্টির পূর্বাভাস,আমফানের তাণ্ডব শেষ হতে না হতেই ফের রাজ্যে ভারী বৃষ্টির পূর্বাভাস।,0.0909,0.0185,ok
kathbath/bengali/wavs/844424931233446-1035-m.wav,/Users/monujgogoi/Downloads/kathbath/bengali/wavs/844424931233446-1035-m.wav,9.0325625,বাংলাদেশে ইউক্রেনের দূতাবাস না থাকায় এই পদ্ধতি কিছুটা সময়সাপেক্ষ হতে পারে বলে মন্তব্য করেন মি,বাংলাদেশে ইউক্রেনের দূতাবাস না থাকায় এই পদ্ধতি কিছুটা সময়সাপেক্ষ হতে পারে বলে মন্তব্য করেন মি।,0.0667,0.0123,ok
kathbath/bengali/wavs/844424930436658-253-m.wav,/Users/monujgogoi/Downloads/kathbath/bengali/wavs/844424930436658-253-m.wav,3.0650625,অন্যের হয়ে পরীক্ষা দিতে এসে পুলিশের জালে ২ যুবক,অন্যের হয়ে পরীক্ষা দিতে এসে পুলিশের জালে দুই যুবক।,0.2222,0.1,ok
kathbath/bengali/wavs/844424930554218-502-m.wav,/Users/monujgogoi/Downloads/kathbath/bengali/wavs/844424930554218-502-m.wav,8.800375,জমিয়াতুল মোদার্রেছীন ইসলামী মূল্যবোধ ও আদর্শ প্রতিষ্ঠার পাশাপাশি মাদ্রাসা শিক্ষার মান উন্নয়নে কাজ করছে আমরা,জমিয়াতুল মোদার্রেচিন ইসলামী মূল্যবোধ ও আদর্শ প্রতিষ্ঠার পাশাপাশি মাদ্রাসা শিক্ষার মান উন্নয়নে কাজ করছে আমরা।,0.1333,0.0316,ok
kathbath/bengali/wavs/844424930707907-210-m.wav,/Users/monujgogoi/Downloads/kathbath/bengali/wavs/844424930707907-210-m.wav,5.596,ছবিমেলায় রঘু রাই একটি আলোকচিত্রই হতে পারে ইতিহাসের সাক্ষী,ছবি মেলায় রঘু রায় একটি আলোকচিত্রই হতে পারে ইতিহাসের সাক্ষী।,0.4444,0.06,ok
kathbath/bengali/wavs/844424930753532-372-m.wav,/Users/monujgogoi/Downloads/kathbath/bengali/wavs/844424930753532-372-m.wav,6.8034375,আপাতত শ্বাসকষ্ট কিংবা অন্য কোনো বড় সমস্যা নেই অমিতাভের,আপাতত শ্বাসকষ্ট কিংবা অন্য কোনো বড় সমস্যা নেই অমিতাভের।,0.1111,0.0213,ok
kathbath/bengali/wavs/844424930935279-502-m.wav,/Users/monujgogoi/Downloads/kathbath/bengali/wavs/844424930935279-502-m.wav,4.342125,এরা ভারতীয় কিন্তু ১৩০ কোটির মানুষকে রোজ অপমান করে,এরা ভারতীয় কিন্তু 130 কোটির মানুষকে রোজ অপমান করে।,0.2222,0.0952,ok
kathbath/bengali/wavs/844424930554261-502-m.wav,/Users/monujgogoi/Downloads/kathbath/bengali/wavs/844424930554261-502-m.wav,6.1533125,অনুষ্ঠানে স্বাগত বক্তব্য রাখেন শিক্ষা মন্ত্রণালয়ের কারিগরী ও মাদ্রাসা বিভাগের সচিব মো,অনুষ্ঠানে স্বাগত বক্তব্য রাখেন শিক্ষা মন্ত্রণালয়ের কারিগরি ও মাদ্রাসা বিভাগের সচিব মো।,0.1667,0.0267,ok
kathbath/bengali/wavs/844424930627038-210-m.wav,/Users/monujgogoi/Downloads/kathbath/bengali/wavs/844424930627038-210-m.wav,7.082125,এ বিষয়ে দায়িত্বে থাকা বিশ্ববিদ্যালয়ের ম্যানেজমেন্ট স্টাডিজ বিভাগের সভাপতি অধ্যাপক ড,এ বিষয়ে দায়িত্বে থাকা বিশ্ববিদ্যালয়ের ম্যানেজমেন্ট স্টাডিজ বিভাগের সভাপতি অধ্যাপক ডঃ।,0.0909,0.0263,ok
kathbath/bengali/wavs/844424930550861-1161-m.wav,/Users/monujgogoi/Downloads/kathbath/bengali/wavs/844424930550861-1161-m.wav,4.8065625,দক্ষিণ আফ্রিকার বিরুদ্ধে টেস্ট সিরিজ থেকে ছিটকে গেলেন জসপ্রীত বুমরাহ,দক্ষিণ আফ্রিকার বিরুদ্ধে টেস্ট সিরিজ থেকে ছিটকে গেলেন জসপ্রীত বুমরা।,0.1,0.0169,ok
kathbath/bengali/wavs/844424930693514-372-m.wav,/Users/monujgogoi/Downloads/kathbath/bengali/wavs/844424930693514-372-m.wav,8.3591875,নিজ বাড়ির সামনে নিয়ন্ত্রণহীন ট্রাকের চাপায় প্রাণ হারালেন স্কুলশিক্ষক,নিজ বাড়ির সামনে নিয়ন্ত্রণহীন ট্রাকে চাপায় প্রাণ হারালেন স্কুল শিক্ষক।,0.3333,0.0317,ok
kathbath/bengali/wavs/844424930935320-502-m.wav,/Users/monujgogoi/Downloads/kathbath/bengali/wavs/844424930935320-502-m.wav,3.9938125,১২ তারিখ ধরমশালায় প্রথম ম্যাচ ভারত বনাম দক্ষিণ আফ্রিকার,12 তারিখ ধরমশালায় প্রথম ম্যাচ ভারত বনাম দক্ষিণ আফ্রিকার।,0.2222,0.0625,ok
kathbath/bengali/wavs/844424932360034-778-m.wav,/Users/monujgogoi/Downloads/kathbath/bengali/wavs/844424932360034-778-m.wav,8.800375,বক্তব্য দেন ফেডারেশনের সিনিয়র সহসভাপতি ও পৃষ্ঠাপোষক ম্যাক্স গ্রুপের কর্ণধার গোলাম মো,বক্তব্য দেন ফেডারেশনের সিনিয়র সহ-সভাপতি ও পৃষ্ঠপোষক ম্যাক্স গ্রুপের কর্ণধার গোলাম মো।,0.25,0.0405,ok
kathbath/bengali/wavs/844424930500971-1161-m.wav,/Users/monujgogoi/Downloads/kathbath/bengali/wavs/844424930500971-1161-m.wav,4.4814375,এই বিশেষ প্রিমিয়াম ট্রেনটির আগাম সংরক্ষণ করা যাবে ২৯ মার্চ থেকে,এই বিশেষ প্রিমিয়াম ট্রেনটির আগাম সংরক্ষণ করা যাবে ২৯শে মার্চ থেকে।,0.1818,0.0556,ok
kathbath/bengali/wavs/844424930627041-210-m.wav,/Users/monujgogoi/Downloads/kathbath/bengali/wavs/844424930627041-210-m.wav,6.849875,কলকাতা পুরসভার ১৭ নম্বর ওয়ার্ডে মাইকে পুর পরিষেবা সম্পর্কে প্রচার,কলকাতা পুরসভার 17 নম্বর ওয়ার্ডে মাইকে পুর পরিষেবা সম্পর্কে প্রচার।,0.2,0.0526,ok
kathbath/bengali/wavs/844424930773580-372-m.wav,/Users/monujgogoi/Downloads/kathbath/bengali/wavs/844424930773580-372-m.wav,7.244625,এছাড়াও আব্দুল ওয়াহিদ টুপন ও এডভোকেট আখতার আহমেদ মন্ত্রী ড,এছাড়াও আব্দুল ওয়াহিদ টুপন ও অ্যাডভোকেট আক্তার আহমেদ মন্ত্রী ডঃ,0.3,0.14,ok
kathbath/bengali/wavs/844424930773550-372-m.wav,/Users/monujgogoi/Downloads/kathbath/bengali/wavs/844424930773550-372-m.wav,10.24,মেডিক্যাল কলেজে উন্নীত হওয়ার আগে মালদহ জেলা হাসপাতাল মর্গে মাত্র ৬ টি মৃতদেহ সংরক্ষণ করার ব্যবস্থা,মেডিকেল কলেজে উন্নীত হওয়ার আগে মালদহ জেলা হাসপাতাল মর্গে মাত্র ছটি মৃতদেহ সংরক্ষণ করার ব্যবস্থা।,0.25,0.0595,ok
kathbath/bengali/wavs/844424930773497-372-m.wav,/Users/monujgogoi/Downloads/kathbath/bengali/wavs/844424930773497-372-m.wav,9.8916875,বিয়ানীবাজার পৗরসভা নির্বাচনে আবু নাসের পিন্টুর শেষ পথসভায় ধানের শীষে ভোট চাইলেন দুদু,বিয়ানীবাজার পৌরসভা নির্বাচনে আবু নাসের পিন্টুর শেষ পথ্যসভায় ধানের শীষে ভোট চাইলেন দুদু।,0.2308,0.0541,ok
kathbath/bengali/wavs/844424930550877-1161-m.wav,/Users/monujgogoi/Downloads/kathbath/bengali/wavs/844424930550877-1161-m.wav,4.179625,এ বছর হজে যাবেন এক লাখ ২৭ হাজার ১৯৮ জন,"এ বছর হজে যাবেন 1,27,198 জন।",0.6,0.5517,ok
kathbath/bengali/wavs/844424930935300-502-m.wav,/Users/monujgogoi/Downloads/kathbath/bengali/wavs/844424930935300-502-m.wav,5.1780625,রোটারি ক্লাব অব সৈয়দপুর ও ঢাকার কারওয়ান বাজারের উদ্যোগে ওই,রোটারি ক্লাব অফ সৈয়দপুর ও ঢাকার কারওয়ান বাজারের উদ্যোগে ওই।,0.2,0.0392,ok
kathbath/bengali/wavs/844424930500962-1161-m.wav,/Users/monujgogoi/Downloads/kathbath/bengali/wavs/844424930500962-1161-m.wav,3.761625,আপাতত ল্যান্ডলাইন ও মোবাইলে ওই প্রচার চলছে দিল্লি ও,আপাতত ল্যান্ডলাইন ও মোবাইলে ওই প্রচার চলছে দিল্লীও।,0.2222,0.0465,ok
kathbath/bengali/wavs/844424930436752-253-m.wav,/Users/monujgogoi/Downloads/kathbath/bengali/wavs/844424930436752-253-m.wav,3.5294375,গোলটেবিল আলোচনায় অংশ নেন বিএনপির স্থায়ী কমিটির সদস্য ড,গোলটেবিল আলোচনায় অংশ নেন বিএনপি স্থায়ী কমিটির সদস্য ডঃ।,0.2222,0.0625,ok
kathbath/bengali/wavs/844424931239825-1035-m.wav,/Users/monujgogoi/Downloads/kathbath/bengali/wavs/844424931239825-1035-m.wav,5.4335,ধরা পড়া দুই যুবকের একজন গত বছর চার মাস নিখোঁজ ছিলেন,ধরা পড়া দুই যুবকের একজন গত বছর চার মাস নিখোঁজ ছিলেন।,0.0909,0.0238,ok
kathbath/bengali/wavs/844424930627051-210-m.wav,/Users/monujgogoi/Downloads/kathbath/bengali/wavs/844424930627051-210-m.wav,5.0155,গাদ্দাফির পক্ষে কথা বলায় চাকরি হারালেন মার্কিন সুপার মডেল,গাদ্দাফির পক্ষে কথা বলায় চাকরি হারালেন মার্কিন সুপার মডেল।,0.1111,0.02,ok
kathbath/bengali/wavs/844424930773523-372-m.wav,/Users/monujgogoi/Downloads/kathbath/bengali/wavs/844424930773523-372-m.wav,8.010875,লন্ডনে ট্রাম্পের মুসলিম নিষেধাজ্ঞাবিরোধী বিক্ষোভে কয়েক হাজার মানুষের অংশগ্রহণ,লন্ডনে ট্রাম্পের মুসলিম নিষেধাজ্ঞা বিরোধী বিক্ষোপে কয়েক হাজার মানুষের অংশগ্রহণ।,0.4444,0.0286,ok
kathbath/bengali/wavs/844424930693443-372-m.wav,/Users/monujgogoi/Downloads/kathbath/bengali/wavs/844424930693443-372-m.wav,10.9830625,সব মন্তব্যের জন্য ঘুষ নেওয়ার অভিযোগে দুদক পরিচালক এনামুল কারাগারে,সব মন্তব্যের জন্য ঘুষ নেওয়ার অভিযোগে দুদক পরিচালক এনামুল কারাগারে।,0.1,0.0175,ok
kathbath/bengali/wavs/844424930554293-502-m.wav,/Users/monujgogoi/Downloads/kathbath/bengali/wavs/844424930554293-502-m.wav,5.61925,সেই সঙ্গে তথ্য লুকনোর অভিযোগে কণিকার বিরুদ্ধে ইতিমধ্যেই দায়ের করা হয়েছে এফআইআর,সেই সঙ্গে তথ্য লোকানোর অভিযোগে কণিকার বিরুদ্ধে ইতিমধ্যেই দায়ের করা হয়েছে এফআইআর।,0.1667,0.0435,ok
kathbath/bengali/wavs/844424930464239-1161-m.wav,/Users/monujgogoi/Downloads/kathbath/bengali/wavs/844424930464239-1161-m.wav,4.7833125,আইনসভা বরখাস্তের নোটিশের পরেও কংগ্রেস পাইলটের জন্য দরজা খুলেছিল,আইনসভা বরখাস্তের নোটিশের পরেও কংগ্রেস পাইলটের জন্য দরজা খুলেছিল।,0.1111,0.0182,ok
kathbath/bengali/wavs/844424930773528-372-m.wav,/Users/monujgogoi/Downloads/kathbath/bengali/wavs/844424930773528-372-m.wav,6.7105625,বাংলার গরমের হাত থাকে বাঁচতে ভ্রমণের সময় তিনি সঙ্গে,বাংলার গরবের হাত থেকে বাঁচতে ভ্রমণের সময় তীরি সঙ্গে।,0.4444,0.1136,ok
kathbath/bengali/wavs/844424930940965-417-m.wav,/Users/monujgogoi/Downloads/kathbath/bengali/wavs/844424930940965-417-m.wav,8.4753125,আপনি আপনার সময় অপচয় করার আগে একটি অর্থ তৈরি আইডিয়া কিনা তা নির্ধারণ করুন,আপনি আপনার সময় অপচয় করার আগে একটি অর্থ তৈরি আইডিয়া কিনা তা নির্ধারণ করুন।,0.0714,0.0161,ok
kathbath/bengali/wavs/844424930693482-372-m.wav,/Users/monujgogoi/Downloads/kathbath/bengali/wavs/844424930693482-372-m.wav,11.331375,এই সমন্বয় কমিটির সভাপতি হিসেবে কাজ করবেন স্বাস্থ্য অধিদফতরের মহাপরিচালক অধ্যাপক ডা,এই সমন্বয় কমিটির সভাপতি হিসেবে কাজ করবেন স্বাস্থ্য অধিদপ্তরের মহাপরিচালক অধ্যাপক ডাঃ।,0.1667,0.0556,ok
kathbath/bengali/wavs/844424930470434-210-m.wav,/Users/monujgogoi/Downloads/kathbath/bengali/wavs/844424930470434-210-m.wav,5.2941875,এক ঘণ্টার মধ্যেই অমরনাথ হামলার প্রস্তুতি নিয়ে ফেলেছিল জঙ্গিরা,এক ঘণ্টার মধ্যেই অমরনাথ হামলার প্রস্তুতি নিয়ে ফেলেছিল জঙ্গিরা।,0.1111,0.0185,ok
kathbath/bengali/wavs/844424930550887-1161-m.wav,/Users/monujgogoi/Downloads/kathbath/bengali/wavs/844424930550887-1161-m.wav,5.0851875,ভবিষ্যতের জন্য রেজাল্ট ডাউনলোড করার পর প্রিন্ট আউট বের করে রাখবেন,ভবিষ্যতের জন্য রেজাল্ট ডাউনলোড করার পর প্রিন্ট আউট বের করে রাখবেন।,0.0909,0.0182,ok
kathbath/bengali/wavs/844424930707851-210-m.wav,/Users/monujgogoi/Downloads/kathbath/bengali/wavs/844424930707851-210-m.wav,4.945875,এর আমলা চুলকে করে মজবুত আর মেথি চুলকে করে,এর আমলা চুলকে করে মজবুত আর মেথি চুলকে করে।,0.1111,0.0303,ok
kathbath/bengali/wavs/844424930500908-1161-m.wav,/Users/monujgogoi/Downloads/kathbath/bengali/wavs/844424930500908-1161-m.wav,4.3189375,রাজ্যের বিরোধী দল জাতীয় কংগ্রেসের সাত বিধায়ক একযোগে যোগ দিচ্ছেন মমতা,রাজ্যের বিরোধী দল জাতীয় কংগ্রেসের সাত বিধায়ক একযোগে যোগ দিচ্ছেন মমতা।,0.0909,0.0167,ok
kathbath/bengali/wavs/844424930627000-210-m.wav,/Users/monujgogoi/Downloads/kathbath/bengali/wavs/844424930627000-210-m.wav,6.8266875,রেশন দোকানগুলিতে অনেক সময় সমাজিক দূরত্ব মানা হচ্ছে না বলে অভিযোগ আসছে,রেশন দোকানগুলিতে অনেক সময় সামাজিক দূরত্ব মানা হচ্ছে না বলে অভিযোগ আসছে।,0.1667,0.0339,ok
kathbath/bengali/wavs/844424930773575-372-m.wav,/Users/monujgogoi/Downloads/kathbath/bengali/wavs/844424930773575-372-m.wav,7.0124375,আরও পড়ুন হলিউড ফিল্মে চুক্তি করলেন বলিউডের এই অভিনেত্রী,আরও পড়ুন হলিউড ফিল্মে চুক্তি করলেন বলিউডের এই অভিনেত্রী,0.0,0.0,ok
kathbath/bengali/wavs/844424930464167-1161-m.wav,/Users/monujgogoi/Downloads/kathbath/bengali/wavs/844424930464167-1161-m.wav,4.156375,গত ১০ বছরে মন্ত্রীদের বিরুদ্ধে কেউ কোনো অভিযোগ আনতে পারবেন না,গত দশ বছরে মন্ত্রীদের বিরুদ্ধে কেউ কোনো অভিযোগ আনতে পারবেন না।,0.1818,0.0588,ok
kathbath/bengali/wavs/844424931233463-1035-m.wav,/Users/monujgogoi/Downloads/kathbath/bengali/wavs/844424931233463-1035-m.wav,6.8963125,আপনি গর্ভবতী মহিলাদের এবং নার্সিং মহিলাদের জন্য এটি ব্যবহার করতে পারেন,আপনি গর্ভবতী মহিলাদের এবং নার্সিং মহিলাদের জন্য এটি ব্যবহার করতে পারেন।,0.0909,0.0167,ok
kathbath/bengali/wavs/844424930436713-253-m.wav,/Users/monujgogoi/Downloads/kathbath/bengali/wavs/844424930436713-253-m.wav,4.2028125,পোলবা পুলকার দুর্ঘটনায় গুরুতর আহত দিব্যাংশু ছাড়া পেল এসএসকেএম থেকে,পলুয়া পুলকার দুর্ঘটনায় গুরুতর আহত দিব্যাংশু ছাড়া পেল এসএসকেএম থেকে।,0.2,0.0847,ok
kathbath/bengali/wavs/844424930550889-1161-m.wav,/Users/monujgogoi/Downloads/kathbath/bengali/wavs/844424930550889-1161-m.wav,6.501625,কুরবানী ও জীবনদানের প্রেরণা ও চেতনা সমগ্র জীবনে জাগ্রত রাখার জন্যে রাসূল স,কুরবানি ও জীবনদানের প্রেরণা ও চেতনা সমগ্র জীবনে জাগ্রত রাখার জন্যে রাসূলসহ।,0.2308,0.0484,ok
kathbath/bengali/wavs/844424930935306-502-m.wav,/Users/monujgogoi/Downloads/kathbath/bengali/wavs/844424930935306-502-m.wav,4.0635,হাওড়ায় গ্যাস সিলিন্ডার লিক করে আগুনে পুড়ে জখম ৬ জন,হাওড়ায় গ্যাস সিলিন্ডার লিক করে আগুনে পুড়ে জখম ছজন।,0.2,0.0455,ok
kathbath/bengali/wavs/844424930773566-372-m.wav,/Users/monujgogoi/Downloads/kathbath/bengali/wavs/844424930773566-372-m.wav,7.7090625,পিকের পরামর্শে বিধানসভা ভিত্তিক কমিটি করে একুশের লড়াইয়ে যাবে তৃণমূল,পিকের পরামর্শে বিধানসভা ভিত্তিক কমিটি করে একুশের লড়ায়ে যাবে তৃণমূল।,0.2,0.0333,ok
kathbath/bengali/wavs/844424930940981-417-m.wav,/Users/monujgogoi/Downloads/kathbath/bengali/wavs/844424930940981-417-m.wav,8.6610625,বিক্ষোভের মুখে মার্কিন প্রেসিডেন্ট ডোনাল্ড ট্রাম্প কিছুক্ষণের জন্য লুকিয়ে ছিলেন বাঙ্কারে,বিক্ষোভের মুখে মার্কিন প্রেসিডেন্ট ডোনাল্ড ট্রাম্প কিছুক্ষণের জন্যে লুকিয়েছিলেন বাংকারে।,0.3636,0.0506,ok
kathbath/bengali/wavs/844424931233399-1035-m.wav,/Users/monujgogoi/Downloads/kathbath/bengali/wavs/844424931233399-1035-m.wav,6.1300625,খালেদা জিয়ার জামিন আবেদনে আদালতের স্বাধীন রায় চান মির্জা ফখরুল,খালেদা জিয়ার জামিন আবেদনে আদালতের স্বাধীন রায়চার মির্জা ফখরুল।,0.3,0.0364,ok
kathbath/bengali/wavs/844424930707874-210-m.wav,/Users/monujgogoi/Downloads/kathbath/bengali/wavs/844424930707874-210-m.wav,6.8963125,ক্যাফেতে বসে পর্নোগ্রাফি দেখতে গিয়ে হায়দ্রাবাদে ধরা পড়ল ৬৫ জন টিনএজার,ক্যাফেতে বসে পর্নোগ্রাফি দেখতে গিয়ে হায়দ্রাবাদে ধরা পড়ল পঁয়ষট্টি জন টিনেজার।,0.1818,0.1774,ok
kathbath/bengali/wavs/844424930707912-210-m.wav,/Users/monujgogoi/Downloads/kathbath/bengali/wavs/844424930707912-210-m.wav,6.7338125,ছোট পর্দার তারকা দম্পতি নীল ভট্টাচার্য ও তৃণা সাহা যোগ দিলেন তৃণমূলে,ছোট পর্দার তারকা দম্পতি নীল ভট্টাচার্য ও তৃণা সাহা যোগ দিলেন তৃণমূলে।,0.0833,0.0175,ok
kathbath/bengali/wavs/844424931279039-417-m.wav,/Users/monujgogoi/Downloads/kathbath/bengali/wavs/844424931279039-417-m.wav,16.8576875,ব্যারিস্টার নিঝুম মজুমদারের প্রোপাগাণ্ডাঃ হিল ব্লগারস অ্যান্ড অনলাইন অ্যাকটিভিস্ট ফোরাম অফ সিএইচটির বক্তব্য,ব্যারিস্টার নিঝুম মজুমদারের প্রোপাগান্ডা হিল ব্লগার্স অ্যান অনলাইন অ্যাক্টিভিস্ট ফোরাম অফ সিএই চচটির বক্তব্য।,0.5385,0.0842,ok
kathbath/bengali/wavs/844424930436704-253-m.wav,/Users/monujgogoi/Downloads/kathbath/bengali/wavs/844424930436704-253-m.wav,2.995375,যদিও তার মাঝে কোনো উপসর্গ দেখা যায়নি ও তিনি ভালো,যদিও তার মাঝে কোন উপসর্গ দেখা যায়নি ও তিনি ভালো।,0.2,0.05,ok
kathbath/bengali/wavs/844424931233462-1035-m.wav,/Users/monujgogoi/Downloads/kathbath/bengali/wavs/844424931233462-1035-m.wav,7.616125,বোবদের এই মন্তব্য কার্যত কেন্দ্রীয় সরকারকে আরও চাপে ফেলেছে,বোবদের এই মন্তব্য কার্যত কেন্দ্রীয় সরকারকে আরও চাপে ফেলেছে।,0.1111,0.0196,ok
kathbath/bengali/wavs/844424930554253-502-m.wav,/Users/monujgogoi/Downloads/kathbath/bengali/wavs/844424930554253-502-m.wav,3.87775,এগুলো মেনে চললে খুব কম সময়েই চোখের নিচের কালি ভ্যানিস,এগুলো মেনে চললে খুব কম সময়েই চোখের নিচের কালি ভ্যানিশ।,0.1,0.0444,ok
kathbath/bengali/wavs/844424930940992-417-m.wav,/Users/monujgogoi/Downloads/kathbath/bengali/wavs/844424930940992-417-m.wav,11.1455625,যখন সমস্ত দেবতারা সুম্ভ ও নিসুম্ভের অত্যাচারে অতিষ্ট হয়েছিল । মহাদেব দেবী কালিকাকে বলেছিলেন,"যখন সমস্ত দেবতারা শুম্ভ ও নিশুম্ভের অত্যাচারে অতিষ্ঠ হয়েছিল, মহাদেব দেবী কালিকাকে বলেছিলেন।",0.4286,0.0633,ok
kathbath/bengali/wavs/844424930707887-210-m.wav,/Users/monujgogoi/Downloads/kathbath/bengali/wavs/844424930707887-210-m.wav,6.757,ভিয়েতনামের রাষ্ট্রপতি আজ সন্ধ্যা সাড়ে সাতটায় বঙ্গভবনে রাষ্ট্রপতি মো,ভিয়েতনামের রাষ্ট্রপতি আজ সন্ধ্যা সাড়ে সাতটায় বঙ্গভবনের রাষ্ট্রপতি মোঃ।,0.2222,0.0484,ok
kathbath/bengali/wavs/844424930470355-210-m.wav,/Users/monujgogoi/Downloads/kathbath/bengali/wavs/844424930470355-210-m.wav,6.106875,সংকুচিত দুধ সঙ্গে একটি স্টার্ট উপর কৃমিযুক্ত ওয়াফার টিউবলেট,সংকুচিত দুধ সঙ্গে একটি স্টার্ট ওপর কৃমিযুক্ত ওয়াফার টিউবলেট।,0.2222,0.0385,ok
kathbath/bengali/wavs/844424930554214-502-m.wav,/Users/monujgogoi/Downloads/kathbath/bengali/wavs/844424930554214-502-m.wav,8.10375,মানিকগঞ্জের ঘিওরে পুলিশ কর্মকর্তার মা তাজাল্লিয়া বেগম আলো হত্যা মামলায় তিন আসামির যাবজ্জীবন কারাদন্ড দিয়ে,মানিকগঞ্জের ঘিওরে পুলিশ কর্মকর্তার মা তাজাল্লিয়া বেগম আলো হত্যা মামলায় তিন আসামীর যাবজ্জীবন কারাদণ্ড দিয়ে।,0.2,0.0319,ok
kathbath/bengali/wavs/844424931239772-1035-m.wav,/Users/monujgogoi/Downloads/kathbath/bengali/wavs/844424931239772-1035-m.wav,7.1981875,অপোর এই নতুন স্মার্টফোনটি প্রসঙ্গে অপো বাংলাদেশের ম্যানেজিং ডিরেক্টর মি,অপর এই নতুন স্মার্টফোনটি প্রসঙ্গে অপ বাংলাদেশের ম্যানেজিং ডিরেক্টর মি।,0.3,0.0484,ok
kathbath/bengali/wavs/844424931233375-1035-m.wav,/Users/monujgogoi/Downloads/kathbath/bengali/wavs/844424931233375-1035-m.wav,6.478375,যে মেয়েটি ছাদে কাপড় শুকোতে দিতে এসে গান গাইছে,যে মেয়েটি ছাদে কাপড় শুকোতে দিতে এসে গান গাইছে।,0.1111,0.0256,ok
kathbath/bengali/wavs/844424930554202-502-m.wav,/Users/monujgogoi/Downloads/kathbath/bengali/wavs/844424930554202-502-m.wav,4.0635,শিশু ডিপজল হত্যা মামলায় মৃত্যুদণ্ড পাওয়া ৩ আসামিই খালাস,শিশু ডিপজল হত্যা মামলায় মৃত্যুদণ্ড পাওয়া তিন আসামই খালাস।,0.3333,0.102,ok
kathbath/bengali/wavs/844424930935309-502-m.wav,/Users/monujgogoi/Downloads/kathbath/bengali/wavs/844424930935309-502-m.wav,8.2895625,ক্ষুদ্র পরিসরের অফিসে ব্যবহৃত পিসির গুরুত্বপূর্ণ তথ্য স্বয়ংক্রিয়ভাবে স্টোর করার নেটওয়ার্ক স্টোরেজ এখন দেশেই পাওয়া,ক্ষুদ্র পরিসরের অফিসে ব্যবহৃত পিসির গুরুত্বপূর্ণ তথ্য স্বয়ংক্রিয়ভাবে স্টোর করার নেটওয়ার্ক স্টোরেজ এখন দেশেই পাওয়া।,0.0667,0.0097,ok
kathbath/bengali/wavs/844424930436711-253-m.wav,/Users/monujgogoi/Downloads/kathbath/bengali/wavs/844424930436711-253-m.wav,5.5728125,বিয়ানীবাজারে প্রশিক্ষণার্থীদের উত্তরা সার্ভে ট্রেনিং ইনস্টিটিউট ঢাকার সনদ প্রদান বিতরণ,বিয়ানীবাজারে প্রশিক্ষণার্থীদের উত্তরা সার্ভে ট্রেনিং ইনস্টিটিউট ঢাকার সনদ প্রদান বিতরণ।,0.1,0.0128,ok
kathbath/bengali/wavs/844424930753559-372-m.wav,/Users/monujgogoi/Downloads/kathbath/bengali/wavs/844424930753559-372-m.wav,11.9815,পুলিশ অভিযোগের ভিত্তিতে মামলা দায়ের করেছে এবং অভিযুক্তকে পুলিশি হেফাজতে নেওয়া হয়েছে বলে জানিয়েছে নির্যাতিতা,পুলিশ অভিযোগের ভিত্তিতে মামলা দায়ের করেছে এবং অভিযুক্তকে পুলিশি হেফাজতে নেওয়া হয়েছে বলে জানিয়েছে নির্যাতিতা।,0.0667,0.0103,ok
kathbath/bengali/wavs/844424930940973-417-m.wav,/Users/monujgogoi/Downloads/kathbath/bengali/wavs/844424930940973-417-m.wav,8.9629375,এ ব্যাপারে কমিটির প্রধান এবং আর্থিক প্রতিষ্ঠান বিভাগের যুগ্ম সচিব মো,এ ব্যাপারে কমিটির প্রধান এবং আর্থিক প্রতিষ্ঠান বিভাগের যুগ্ম সচিব ম।,0.0909,0.0172,ok
kathbath/bengali/wavs/844424930627029-210-m.wav,/Users/monujgogoi/Downloads/kathbath/bengali/wavs/844424930627029-210-m.wav,5.61925,বাংলা বিনোদন জগত থেকে একঝাঁক তারকা সম্প্রতি বিজেপিতে যোগ দিয়েছেন,বাংলা বিনোদন জগত থেকে একঝাঁক তারকা সম্প্রতি বিজেপিতে যোগ দিয়েছেন।,0.1,0.0179,ok
kathbath/bengali/wavs/844424930627046-210-m.wav,/Users/monujgogoi/Downloads/kathbath/bengali/wavs/844424930627046-210-m.wav,6.1533125,তবে করোনা পরিস্থিতি উন্নতি সাপেক্ষে চাহিদা সাপেক্ষে ফ্লাইট বাড়ানো,তবে করোনা পরিস্থিতি উন্নতি সাপেক্ষে চাহিদা সাপেক্ষে ফ্লাইট বাড়ানো।,0.1111,0.0172,ok
kathbath/bengali/wavs/844424930773545-372-m.wav,/Users/monujgogoi/Downloads/kathbath/bengali/wavs/844424930773545-372-m.wav,6.8034375,কোথায় কুকুর তাদের কুকুরের জীবন এবং নির্যাতনের ঘোড়া সঙ্গে যান,কোথায় কুকুর তাদের কুকুরের জীবন এবং নির্যাতনের ঘোড়া সঙ্গে যান।,0.1,0.0189,ok
kathbath/bengali/wavs/844424931279064-417-m.wav,/Users/monujgogoi/Downloads/kathbath/bengali/wavs/844424931279064-417-m.wav,7.5465,ভোটাধিকার ও জাতীয় পরিচয়পত্র থাকলেও ভাগ্যের পরিবর্তন হয়েছে সামান্যই,ভোটাধিকার ও জাতীয় পরিচয়পত্র থাকলেও ভাগ্যের পরিবর্তন হয়েছে সামান্যই।,0.1111,0.0164,ok
kathbath/bengali/wavs/844424930935317-502-m.wav,/Users/monujgogoi/Downloads/kathbath/bengali/wavs/844424930935317-502-m.wav,5.03875,উত্তরপ্রদেশ থেকে বীরভূমে আসা ১০ ছাত্রকে কোয়ারেনন্টাইনে থাকার পরামর্শ,উত্তরপ্রদেশ থেকে বীরভূমে আসা 10 ছাত্রকে কোয়ারেন্টাইনে থাকার পরামর্শ।,0.3333,0.0656,ok
kathbath/bengali/wavs/844424930940949-417-m.wav,/Users/monujgogoi/Downloads/kathbath/bengali/wavs/844424930940949-417-m.wav,7.639375,তবে তাঁর কোনও উপসর্গ নেই। বাড়িতে রেখেই তাঁর চিকিৎসার সিদ্ধান্ত নেওয়া হয়েছে,"তবে তার কোনো উপসর্গ নেই, বাড়িতে রেখেই তার চিকিৎসার সিদ্ধান্ত নেওয়া হয়েছে।",0.4167,0.0758,ok
kathbath/bengali/wavs/844424930627090-210-m.wav,/Users/monujgogoi/Downloads/kathbath/bengali/wavs/844424930627090-210-m.wav,8.1501875,এ ছাড়া বিষয়টি প্রভোস্ট স্ট্যান্ডিং কমিটির জরুরি সভায় বিস্তারিত আলোচনা হয় এবং মো,এছাড়া বিষয়টি প্রভোস্ট স্ট্যান্ডিং কমিটির জরুরি সভায় বিস্তারিত আলোচনা হয় এবং মো।,0.2308,0.0141,ok
kathbath/bengali/wavs/844424931233389-1035-m.wav,/Users/monujgogoi/Downloads/kathbath/bengali/wavs/844424931233389-1035-m.wav,8.428875,সংবাদ সম্মেলনে লিখিত বক্তব্য পাঠ করেন সংগঠনের আহ্বায়ক বীর মুক্তিযোদ্ধা মো,সংবাদ সম্মেলনে লিখিত বক্তব্য পাঠ করেন সংগঠনের আহায়ক বীর মুক্তিযোদ্ধা মো।,0.1818,0.0469,ok
kathbath/bengali/wavs/844424930753582-372-m.wav,/Users/monujgogoi/Downloads/kathbath/bengali/wavs/844424930753582-372-m.wav,6.757,এই ভুলগুলি এড়িয়ে চলুন এবং আপনার প্রচারটি বন্ধ হবে,এই ভুলগুলি এড়িয়ে চলুন এবং আপনার প্রচারটি বন্ধ হবে।,0.1111,0.0233,ok
kathbath/bengali/wavs/844424930935293-502-m.wav,/Users/monujgogoi/Downloads/kathbath/bengali/wavs/844424930935293-502-m.wav,4.644,করোনায় মারা গেলেন লেজিসলেটিভ ও সংসদ বিষয়ক বিভাগের সচিব,করোনায় মারা গেলেন লেজিসলেটিভ ও সংসদ বিষয়ক বিভাগের সচিব।,0.1111,0.0208,ok
kathbath/bengali/wavs/844424931239835-1035-m.wav,/Users/monujgogoi/Downloads/kathbath/bengali/wavs/844424931239835-1035-m.wav,4.551125,যেখানে তলিয়ে গেলে আর হদিস মেলে না কোনো নৌযানের,যেখানে তলিয়ে গেলে আর হদিস মেলে না কোনও নৌযানের।,0.2222,0.0513,ok
kathbath/bengali/wavs/844424930470382-210-m.wav,/Users/monujgogoi/Downloads/kathbath/bengali/wavs/844424930470382-210-m.wav,5.805,এ সপ্তাহের সাক্ষাৎকার কেন্দ্রীয় ব্যাংককে শক্ত ভূমিকায় থাকতে হবে,এ সপ্তাহের সাক্ষাৎকার কেন্দ্রীয় ব্যাংককে শক্ত ভূমিকায় থাকতে হবে।,0.1111,0.0175,ok
kathbath/bengali/wavs/844424931233434-1035-m.wav,/Users/monujgogoi/Downloads/kathbath/bengali/wavs/844424931233434-1035-m.wav,6.757,আপনি সঠিকভাবে আপনার ব্যবসা তথ্য সম্পন্ন করেছেন তা নিশ্চিত করুন,আপনি সঠিকভাবে আপনার ব্যবসা তথ্য সম্পন্ন করেছেন তা নিশ্চিত করুন।,0.1,0.0189,ok
kathbath/bengali/wavs/844424931233392-1035-m.wav,/Users/monujgogoi/Downloads/kathbath/bengali/wavs/844424931233392-1035-m.wav,6.6176875,এঁরা হলেন ঢাকা মহানগর দক্ষিণ ছাত্রলীগের সাধারণ সম্পাদক মো,এরা হলেন ঢাকা মহানগর দক্ষিণ ছাত্রলীগের সাধারণ সম্পাদক মোঃ।,0.2222,0.0612,ok
kathbath/bengali/wavs/844424931278977-417-m.wav,/Users/monujgogoi/Downloads/kathbath/bengali/wavs/844424931278977-417-m.wav,6.7338125,বর্তমানে অধিদপ্তরের প্রধান কার্যালয় ও ঢাকা বিভাগীয় কার্যালয়ে ১৭,বর্তমানে অধিদপ্তরের প্রধান কার্যালয় ও ঢাকা বিভাগী কার্যালয়ের ১৭।,0.3333,0.069,ok
kathbath/bengali/wavs/844424930464155-1161-m.wav,/Users/monujgogoi/Downloads/kathbath/bengali/wavs/844424930464155-1161-m.wav,6.4086875,প্রথম দফায় অংশগ্রহণকারী ৬৪ জেলার মুসল্লিরা নিজ নজি খিত্তায় অবস্থান নিয়েছেন,প্রথম দফায় অংশগ্রহণকারী চৌষট্টি জেলা মুসলিরা নিজ নজি খিত্তায় অবস্থান নিয়েছেন।,0.3636,0.1642,ok
kathbath/bengali/wavs/844424930554247-502-m.wav,/Users/monujgogoi/Downloads/kathbath/bengali/wavs/844424930554247-502-m.wav,3.7151875,মোদি জমানায় কোল ইন্ডিয়া খোয়াল ৮৫ হাজার কোটি টাকা,মোদি জমানায় কোল ইন্ডিয়া খোয়ালো পঁচাশি হাজার কোটি টাকা।,0.3333,0.186,ok
kathbath/bengali/wavs/844424930707896-210-m.wav,/Users/monujgogoi/Downloads/kathbath/bengali/wavs/844424930707896-210-m.wav,7.244625,তাঁদের মধ্যে রয়েছে জাতীয় পার্টির কেন্দ্রীয় নেতা ও বর্তমান সংসদ সদস্য ডা,তাদের মধ্যে রয়েছে জাতীয় পার্টির কেন্দ্রীয় নেতা ও বর্তমান সংসদ সদস্য ডাঃ।,0.1667,0.0476,ok
kathbath/bengali/wavs/844424930550822-1161-m.wav,/Users/monujgogoi/Downloads/kathbath/bengali/wavs/844424930550822-1161-m.wav,3.9938125,স্পেনে গত ২৪ ঘন্টায় স্পেনে মারা গিয়েছেন ২৮৫ জন,স্পেনে গত 24 ঘণ্টায় স্পেনে মারা গিয়েছেন 285 জন।,0.4444,0.175,ok
kathbath/bengali/wavs/844424931233391-1035-m.wav,/Users/monujgogoi/Downloads/kathbath/bengali/wavs/844424931233391-1035-m.wav,5.5495625,খানিক দূর গিয়ে তাঁকে গাড়ি থেকে নামিয়ে অন্য একটি দলের,খানিক দূর গিয়ে তাকে গাড়ি থেকে নামিয়ে অন্য একটি দলের।,0.2,0.0435,ok
kathbath/bengali/wavs/844424930470405-210-m.wav,/Users/monujgogoi/Downloads/kathbath/bengali/wavs/844424930470405-210-m.wav,6.083625,স্বরূপকাঠিতে বিজয় উত্সব গুণীজন সংবর্ধনা ও ফ্রি মেডিক্যাল ক্যাম্প,স্বরূপ কাঠিতে বিজয় উৎসব গুণীজন সংবর্ধনা ও ফ্রি মেডিকেল ক্যাম্প।,0.5556,0.1053,ok
kathbath/bengali/wavs/844424930693477-372-m.wav,/Users/monujgogoi/Downloads/kathbath/bengali/wavs/844424930693477-372-m.wav,10.3096875,সাক্ষী ও ধোনির বাবা একই সংস্থায় চাকরি করতেন। সেই সূত্রে দুই পরিবারই একে অপরকে,সাক্ষী ও ধনীর বাবা একই সংস্থায় চাকরি করতেন সেই সূত্রে দুই পরিবারই একে অপরকে,0.1429,0.0462,ok
kathbath/bengali/wavs/844424930554226-502-m.wav,/Users/monujgogoi/Downloads/kathbath/bengali/wavs/844424930554226-502-m.wav,4.6904375,রাজ্য বার্ষিক ৩৫ মিলিয়ন কেজি চা উৎপাদন করছে এবং চায়ের মোটা ভাগই,রাজ্য বার্ষিক ৩৫ মিলিয়ন কেজি চা উৎপাদন করছে এবং চায়ের মোটাভাগই।,0.1667,0.0185,ok
kathbath/bengali/wavs/844424930436715-253-m.wav,/Users/monujgogoi/Downloads/kathbath/bengali/wavs/844424930436715-253-m.wav,5.897875,আমেরিকার বিনিয়োগ ব্যাংক গোল্ডম্যান স্যাকসে নিজেদের ৮৪ শতাংশ ছেড়ে দিল ওয়ারেন বাফেটের বার্কশায়ার হ্যাথাওয়ে,আমেরিকার বিনিয়োগ ব্যাংক গোল্ডম্যান সেক্সে নিজেদের ৮৪ শতাংশ ছেড়ে দিল ওয়ারেন বাফেটের বাক্সায়ার হ্যাথাওয়ে।,0.2143,0.0833,ok
kathbath/bengali/wavs/844424930935285-502-m.wav,/Users/monujgogoi/Downloads/kathbath/bengali/wavs/844424930935285-502-m.wav,4.8065625,ভালো কিছুর জন্য আমাদের প্রত্যেকেরই তার নিজ নিজ দায়িত্ব পালন করা উচিত,ভালো কিছুর জন্য আমাদের প্রত্যেকেরই তার নিজ নিজ দায়িত্ব পালন করা উচিত।,0.0833,0.0172,ok
kathbath/bengali/wavs/844424931279006-417-m.wav,/Users/monujgogoi/Downloads/kathbath/bengali/wavs/844424931279006-417-m.wav,7.4768125,কিন্তু কয়েক পুরুষ ধরে অসমে থাকার পরেও হঠাৎ নাগরিক পঞ্জির,কিন্তু কয়েক পুরুষ ধরে অসমে থাকার পরেও হঠাৎ নাগরিক পুঞ্জির।,0.1,0.0417,ok
kathbath/bengali/wavs/844424930773570-372-m.wav,/Users/monujgogoi/Downloads/kathbath/bengali/wavs/844424930773570-372-m.wav,8.3824375,সেই রিপোর্টই মানবাধিকার কমিশনকে আদালতে জমার নির্দেশ দিয়েছেন বিচারপতি তপোব্রত চক্রবর্তী,সেই রিপোর্টটি মানবাধিকার কমিশনকে আদালতে জমার নির্দেশ দিয়েছে বিচারপতি তপব্রত চক্রবর্তী।,0.3636,0.0649,ok
kathbath/bengali/wavs/844424930935316-502-m.wav,/Users/monujgogoi/Downloads/kathbath/bengali/wavs/844424930935316-502-m.wav,5.2941875,অনুষ্ঠানে বিশেষ অতিথি হিসেবে উপস্থিত ছিলেন কুয়েটের উপাচার্য অধ্যাপক ড,অনুষ্ঠানে বিশেষ অতিথি হিসেবে উপস্থিত ছিলেন কুয়েটের উপাচার্য অধ্যাপক ডঃ।,0.1,0.0328,ok
kathbath/bengali/wavs/844424930470442-210-m.wav,/Users/monujgogoi/Downloads/kathbath/bengali/wavs/844424930470442-210-m.wav,6.083625,ইউজিসির পোস্ট ডক রিসার্চ ফেলো ও বঙ্গবন্ধু গবেষক অধ্যাপক ড,ইউজিসির পোস্ট ডক রিসার্চ ফেলো ও বঙ্গবন্ধুর গবেষক অধ্যাপক ডক।,0.2,0.0625,ok
kathbath/bengali/wavs/844424930500900-1161-m.wav,/Users/monujgogoi/Downloads/kathbath/bengali/wavs/844424930500900-1161-m.wav,4.435,গ্রিন লাইনকে ক্ষতিপূরণ দিতে বলা মামলায় যুক্ত হতে চায় বাস মালিক সমিতি,গ্রীন লাইনকে ক্ষতিপূরণ দিতে বলা মামলায় যুক্ত হতে চায় বাস মালিক সমিতি।,0.1667,0.0339,ok
kathbath/bengali/wavs/844424930693483-372-m.wav,/Users/monujgogoi/Downloads/kathbath/bengali/wavs/844424930693483-372-m.wav,9.1486875,ভোট হয় গ্রাম পঞ্চায়েতের ২০ ও পঞ্চায়েত সমিতির ৪ টি আসনে,ভোট হয় গ্রাম পঞ্চায়েতের 20টি ও পঞ্চায়েত সমিতির 4টি আসনে।,0.3636,0.1277,ok
kathbath/bengali/wavs/844424930554215-502-m.wav,/Users/monujgogoi/Downloads/kathbath/bengali/wavs/844424930554215-502-m.wav,5.108375,এ ছাড়া দুই মামলায় ছোট বোন পারভীন আক্তারকে ও একটিতে মামা মো,এছাড়া দুই মামলায় ছোট বোন পারভিন আক্তারকে ও একটিতে মামা মো।,0.3333,0.0408,ok
kathbath/bengali/wavs/844424930707915-210-m.wav,/Users/monujgogoi/Downloads/kathbath/bengali/wavs/844424930707915-210-m.wav,5.7353125,পোশাক কারখানায় ছুটি কমানো ও অনলাইন হাটে গুরুত্ব সরকারের,পোশাক কারখানায় ছুটি কমানো ও অনলাইন হাটে গুরুত্ব সরকারের।,0.1111,0.0208,ok
kathbath/bengali/wavs/844424931279019-417-m.wav,/Users/monujgogoi/Downloads/kathbath/bengali/wavs/844424931279019-417-m.wav,6.1300625,ফুটবল বিশ্বকাপ ও অলিম্পিকসহ চার বছরের জন্য নিষিদ্ধ হল,ফুটবল বিশ্বকাপ ও অলিম্পিক সহ চার বছরের জন্য নিষিদ্ধ হলো।,0.3333,0.0444,ok
kathbath/bengali/wavs/844424930941025-417-m.wav,/Users/monujgogoi/Downloads/kathbath/bengali/wavs/844424930941025-417-m.wav,7.7555,অমিত শাহের মন্ত্রক থেকে এক বিজ্ঞপ্তি জারি করে ওই নির্দেশ দেওয়া হয়েছে,অমিত শাহের মন্ত্রক থেকে এক বিজ্ঞপ্তি জারি করে ওই নির্দেশ দেওয়া হয়েছে।,0.0833,0.0169,ok
kathbath/bengali/wavs/844424930940990-417-m.wav,/Users/monujgogoi/Downloads/kathbath/bengali/wavs/844424930940990-417-m.wav,8.10375,রঞ্জি ট্রফির হাড্ডাহাড্ডি ম্যাচে রাজস্থানের বিরুদ্ধে ২ উইকেটে জয় বাংলার,রঞ্জি ট্রফির হাড্ডাহাড্ডি ম্যাচে রাজস্থানের বিরুদ্ধে দু উইকেটে জয় বাংলার।,0.2,0.0476,ok
kathbath/bengali/wavs/844424930500939-1161-m.wav,/Users/monujgogoi/Downloads/kathbath/bengali/wavs/844424930500939-1161-m.wav,5.596,মিয়ানমারে বিরাজমান পরিস্থিতি বাংলাদেশ পর্যবেক্ষণ করছে বলে জানিয়েছেন পররাষ্ট্রমন্ত্রী ড,মিয়ানমারের বিরাজমান পরিস্থিতি বাংলাদেশ পর্যবেক্ষণ করছে বলে জানিয়েছেন পররাষ্ট্রমন্ত্রী ডঃ।,0.2,0.038,ok
kathbath/bengali/wavs/844424930627082-210-m.wav,/Users/monujgogoi/Downloads/kathbath/bengali/wavs/844424930627082-210-m.wav,7.175,জামালপুরের তৌহিদুল ইসলামের পর রাঙামাটির বাঘাইছড়ি উপজেলা সদরের মো,জামালপুরের তৌহিদুল ইসলামের পর রাঙামাটির বাগাইছড়ি উপজেলা সদরের মো।,0.2222,0.0351,ok
kathbath/bengali/wavs/844424930753528-372-m.wav,/Users/monujgogoi/Downloads/kathbath/bengali/wavs/844424930753528-372-m.wav,9.7988125,২০১২ সালে রাজ্যের ক্লাব ও সামাজিক প্রতিষ্ঠানগুলিকে আর্থিক সাহায্য দেওয়ার এই পরিকল্পনা নিয়েছিলেন,২০১২ সালে রাজ্যের ক্লাব ও সামাজিক প্রতিষ্ঠানগুলিকে আর্থিক সাহায্য দেওয়ার এই পরিকল্পনা নিয়েছিলেন।,0.0769,0.0118,ok
kathbath/bengali/wavs/844424930693462-372-m.wav,/Users/monujgogoi/Downloads/kathbath/bengali/wavs/844424930693462-372-m.wav,9.171875,সংবাদ সম্মেলনে অন্যদের মধ্যে উপস্থিত ছিলেন ভাঙা উপজেলা আ,সংবাদ সম্মেলনে অন্যদের মধ্যে উপস্থিত ছিলেন ভাঙ্গা উপজেলা আ।,0.2222,0.0625,ok
kathbath/bengali/wavs/844424930753561-372-m.wav,/Users/monujgogoi/Downloads/kathbath/bengali/wavs/844424930753561-372-m.wav,7.662625,দুই দিনের মধ্যে ৫২ পণ্য বাজার থেকে সরানোর নির্দেশ,দুই দিনের মধ্যে বাহান্ন পণ্য বাজার থেকে সরানোর নির্দেশ।,0.2222,0.1951,ok
kathbath/bengali/wavs/844424930470357-210-m.wav,/Users/monujgogoi/Downloads/kathbath/bengali/wavs/844424930470357-210-m.wav,6.8034375,পুরোহিত ও কর্মীরা করোনা পজিটিভ হলেও তিরুপতি মন্দির বন্ধের পরিকল্পনা নেই,পুরোহিত ও কর্মীরা করোনা পজিটিভ হলেও তিরুপতি মন্দির বন্ধের পরিকল্পনা নেই,0.0,0.0,ok
kathbath/bengali/wavs/844424930940999-417-m.wav,/Users/monujgogoi/Downloads/kathbath/bengali/wavs/844424930940999-417-m.wav,7.3143125,মালয়েশিয়ায় ওই যুবকরের উপর অত্যাচার চালানো হত বলে অভিযোগ,মালয়েশিয়ায় ওই যুবকের উপর অত্যাচার চালানো হতো বলে অভিযোগ।,0.3333,0.06,ok
kathbath/bengali/wavs/844424930693429-372-m.wav,/Users/monujgogoi/Downloads/kathbath/bengali/wavs/844424930693429-372-m.wav,11.2385,ইউগরিটিক গ্রন্থের ধর্ম সম্পর্কে অব্রাহামের প্রভাব কেমন হতে পারে তা দেখুন,ইউগ্রিটিক গ্রন্থের ধর্ম সম্পর্কে অব্রাহামের প্রভাব কেমন হতে পারে তা দেখুন।,0.1818,0.0323,ok
kathbath/bengali/wavs/844424930753512-372-m.wav,/Users/monujgogoi/Downloads/kathbath/bengali/wavs/844424930753512-372-m.wav,10.7044375,বউবাজার এলাকায় মেট্রোর কাজ শুরু করতে হাইকোর্টের কাছে কাজ শুরুর অনুমতি চাইল কেএমআরসিএল,বৌবাজার এলাকায় মেট্রোর কাজ শুরু করতে হাইকোর্টের কাছে কাজ শুরুর অনুমতি চাইল কেএমআরসিএল।,0.1538,0.027,ok
kathbath/bengali/wavs/844424930707919-210-m.wav,/Users/monujgogoi/Downloads/kathbath/bengali/wavs/844424930707919-210-m.wav,7.175,ধৃত ব্যক্তিকে মেদিনীপুর আদালতে তোলা হলে ৪ দিনের পুলিশ হেফাজতের নির্দেশ দেয় আদালত,ধৃত ব্যক্তিকে মেদিনীপুর আদালতে তোলা হলে চার দিনের পুলিশ হেফাজতের নির্দেশ দেয় আদালত।,0.1538,0.058,ok
kathbath/bengali/wavs/844424930554280-502-m.wav,/Users/monujgogoi/Downloads/kathbath/bengali/wavs/844424930554280-502-m.wav,3.3204375,এই ভিডিয়ো দেখে বাড়ির টেবিলে সহজেই চাষ করে ফেলুন,এই ভিডিও দেখে বাড়ির টেবিলে সহজেই চাষ করে ফেলুন।,0.2222,0.0976,ok
kathbath/bengali/wavs/844424930773584-372-m.wav,/Users/monujgogoi/Downloads/kathbath/bengali/wavs/844424930773584-372-m.wav,6.5945,মুন্সিগঞ্জে পেঁয়াজ মজুদের দায়ে ব্যবসায়ীর ৫০ হাজার টাকা জরিমানা,মুন্সিগঞ্জে পেঁয়াজ মজুদের দায়ে ব্যবসায়ীর ৫০ হাজার টাকা জরিমানা।,0.1111,0.0175,ok
kathbath/bengali/wavs/844424930554248-502-m.wav,/Users/monujgogoi/Downloads/kathbath/bengali/wavs/844424930554248-502-m.wav,6.269375,শিক্ষার্থীদের দিনব্যাপী এই আনন্দযজ্ঞে অংশ নেন বিশ্ববিদ্যালয়ের উপাচার্য অধ্যাপক ড,শিক্ষার্থীদের দিনব্যাপী এই আনন্দযজ্ঞে অংশ নেন বিশ্ববিদ্যালয়ের উপাচার্য অধ্যাপক ডঃ।,0.1,0.0278,ok
kathbath/bengali/wavs/844424930500940-1161-m.wav,/Users/monujgogoi/Downloads/kathbath/bengali/wavs/844424930500940-1161-m.wav,5.688875,অনুষ্ঠানে স্বাগত বক্তব্য রাখেন বায়োটেক কনসোর্টিয়াম ইন্ডিয়া লিমিটেডের চিফ জেনারেল ম্যানেজার ড,অনুষ্ঠানে স্বাগত বক্তব্য রাখেন বায়োটেক কনসোর্টিয়াম ইন্ডিয়া লিমিটেডের চীফ জেনারেল ম্যানেজার ডঃ।,0.1667,0.0357,ok
kathbath/bengali/wavs/844424930935273-502-m.wav,/Users/monujgogoi/Downloads/kathbath/bengali/wavs/844424930935273-502-m.wav,4.66725,আগামী ১৭ জুন থেকে রাশিয়ায় শুরু হতে যাওয়া কনফেডারেশনস,আগামী ১৭ই জুন থেকে রাশিয়ায় শুরু হতে যাওয়া কনফেডারেশনস।,0.2222,0.0426,ok
kathbath/bengali/wavs/844424930554213-502-m.wav,/Users/monujgogoi/Downloads/kathbath/bengali/wavs/844424930554213-502-m.wav,7.5465,এ বিষয়ে এনটিভির নিয়মিত আয়োজন স্বাস্থ্য প্রতিদিন অনুষ্ঠানের ২৯৪০ তম পর্বে কথা বলেছেন ডা,এ বিষয়ে এনটিভির নিয়মিত আয়োজন স্বাস্থ্য প্রতিদিন অনুষ্ঠানের ২৯৪০ তম পর্বে কথা বলেছেন ডাক।,0.0714,0.0263,ok
kathbath/bengali/wavs/844424930464171-1161-m.wav,/Users/monujgogoi/Downloads/kathbath/bengali/wavs/844424930464171-1161-m.wav,3.274,উত্তর আমেরিকা ১১ ঘন্টা ৪ মিনিট আগে ১ মন্তব্য,উত্তর আমেরিকায় ১১ ঘণ্টা ৪ মিনিট আগে এক মন্তব্য।,0.4444,0.1667,ok
kathbath/bengali/wavs/844424930940983-417-m.wav,/Users/monujgogoi/Downloads/kathbath/bengali/wavs/844424930940983-417-m.wav,9.2415625,খালেদা জিয়ার রিট শুনানিতে হাইকোর্ট বেঞ্চের প্রতি অনাস্থা আইনজীবীদের,খালেদা জিয়ার রিট শুনানিতে হাইকোর্ট বেঞ্চের প্রতি অনাস্থা আইনজীবীদের।,0.1111,0.0167,ok
kathbath/bengali/wavs/844424930436701-253-m.wav,/Users/monujgogoi/Downloads/kathbath/bengali/wavs/844424930436701-253-m.wav,4.3189375,স্মৃতির সমালোচনার আঁচ সোনিয়া গান্ধীর গায়ে লাগতেই মাকেনকে বকুনি কংগ্রেসের,স্মৃতির সমালোচনার আঁচ সোনিয়া গান্ধীর গায়ে লাগতে মাকেনকে বকুনি কংগ্রেসের।,0.2,0.0308,ok
kathbath/bengali/wavs/844424930627084-210-m.wav,/Users/monujgogoi/Downloads/kathbath/bengali/wavs/844424930627084-210-m.wav,6.757,গ্রেফতারের পর জাতীয় হৃদরোগ ইনস্টিটিউটের কার্ডিয়াক সার্জারি বিভাগের ডা,গ্রেফতারের পর জাতীয় হৃদরোগ ইনস্টিটিউটের কার্ডিয়াক সার্জারি বিভাগের ডা।,0.1111,0.0159,ok
kathbath/bengali/wavs/844424931239836-1035-m.wav,/Users/monujgogoi/Downloads/kathbath/bengali/wavs/844424931239836-1035-m.wav,5.9443125,চ্যাম্পিয়ন্স লিগে লিওনের বিরুদ্ধে হার যেন শুধু সময়ের অপেক্ষা,চ্যাম্পিয়ন্স লিগে লিয়নের বিরুদ্ধে হার যেন শুধু সময়ের অপেক্ষা।,0.2222,0.0556,ok
kathbath/bengali/wavs/844424930500983-1161-m.wav,/Users/monujgogoi/Downloads/kathbath/bengali/wavs/844424930500983-1161-m.wav,4.365375,মুজিব শতবর্ষে অগ্রণী ব্যাংকের বঙ্গবন্ধু কর্নারে বই পড়ার সুযোগ,মুজিব শতবর্ষে অগ্রণী ব্যাংকের বঙ্গবন্ধু কর্নারে বই পড়ার সুযোগ।,0.1111,0.0185,ok
kathbath/bengali/wavs/844424930693471-372-m.wav,/Users/monujgogoi/Downloads/kathbath/bengali/wavs/844424930693471-372-m.wav,8.986125,ফেসবুকে প্রোফাইলে লক চিহ্নটি মানে সেই ইউজার তার প্রোফাইল লক করে রেছেছে,ফেসবুকে প্রোফাইলে লক চিহ্নটি মানে সেই ইউজার তার প্রোফাইল লক করে রেখেছে।,0.0833,0.0339,ok
kathbath/bengali/wavs/844424930627075-210-m.wav,/Users/monujgogoi/Downloads/kathbath/bengali/wavs/844424930627075-210-m.wav,5.897875,এমসের পাঁচতলা থেকে ঝাঁপ দিয়ে আত্মঘাতী কোভিড পজিটিভ সাংবাদিক,এম্সের পাঁচ তলা থেকে ঝাঁপ দিয়ে আত্মঘাতী কোভিড পজিটিভ সাংবাদিক।,0.4444,0.0385,ok
kathbath/bengali/wavs/844424931233413-1035-m.wav,/Users/monujgogoi/Downloads/kathbath/bengali/wavs/844424931233413-1035-m.wav,7.058875,রাজ্যপাল কেশরী নাথ ত্রিপাঠীর সঙ্গে সরাসরি সংঘাতে মুখ্যমন্ত্রী মমতা,রাজ্যপাল কেশরীনাথ ত্রিপাঠীর সঙ্গে সরাসরি সংঘাতে মুখ্যমন্ত্রী মমতা।,0.3333,0.0172,ok
kathbath/bengali/wavs/844424930550841-1161-m.wav,/Users/monujgogoi/Downloads/kathbath/bengali/wavs/844424930550841-1161-m.wav,4.1331875,কুমির আর ৫ সিংহের বিরুদ্ধে একা লড়ে গেলেন ইনি,কুমির আর পাঁচ সিংহের বিরুদ্ধে একা লড়ে গেলেন ইনি।,0.2222,0.1351,ok
kathbath/bengali/wavs/844424931239817-1035-m.wav,/Users/monujgogoi/Downloads/kathbath/bengali/wavs/844424931239817-1035-m.wav,5.2709375,এভাবে নিজের ফোনে জেন্ডার অ্যাপ ডাউনলোড আর ইন্সটল করুন,এভাবে নিজের ফোনে জেন্ডার অ্যাপ ডাউনলোড আর ইনস্টল করুন।,0.2222,0.0667,ok
kathbath/bengali/wavs/844424930935276-502-m.wav,/Users/monujgogoi/Downloads/kathbath/bengali/wavs/844424930935276-502-m.wav,6.083625,কোটা সংস্কার আন্দোলনকারীরা কেন্দ্রীয় শহীদ মিনার চত্বরে জড়ো হতে গেলে ছাত্রলীগের,কোটা সংস্কার আন্দোলনকারীরা কেন্দ্রীয় শহীদ মিনার চত্বরে জড়ো হতে গেলে ছাত্রলীগের।,0.0909,0.0143,ok
kathbath/bengali/wavs/844424930464207-1161-m.wav,/Users/monujgogoi/Downloads/kathbath/bengali/wavs/844424930464207-1161-m.wav,4.0170625,কেন্দ্রের গরিব কল্যাণ যোজনার রূপরেখার ঘোষণায় যা বললেন অর্থমন্ত্রী,কেন্দ্রের গরীব কল্যাণ যোজনার রূপরেখার ঘোষণায় যা বললেন অর্থমন্ত্রী।,0.2222,0.0345,ok
kathbath/bengali/wavs/844424930753579-372-m.wav,/Users/monujgogoi/Downloads/kathbath/bengali/wavs/844424930753579-372-m.wav,13.16575,প্রতিবন্ধীতাকে হার মানিয়ে বহুমুখী প্রতিভার অধিকারি শিল্পী মনিরুল ইসলাম খোকন সঙ্গীতে অবদান রাখায় এবারও,প্রতিবন্ধিতাকে হার মানিয়ে বহুমুখী প্রতিভার অধিকারী শিল্পী মনিরুল ইসলাম খোকন সংগীতে অবদান রাখায় এবারও।,0.2857,0.0556,ok
kathbath/bengali/wavs/844424930550842-1161-m.wav,/Users/monujgogoi/Downloads/kathbath/bengali/wavs/844424930550842-1161-m.wav,4.8761875,লকডাউনে শ্রমিকদের বাড়ি পৌঁছে দেয়া সেই ম্যাজিস্ট্রেট মারা গেছেন,লকডাউনে শ্রমিকদের বাড়ি পৌঁছে দেওয়া সেই ম্যাজিস্ট্রেট মারা গেছেন।,0.2222,0.0357,ok
kathbath/bengali/wavs/844424930693502-372-m.wav,/Users/monujgogoi/Downloads/kathbath/bengali/wavs/844424930693502-372-m.wav,8.7075,ব্যবসায়ীকে অপহরণের করে মুক্তিপণ দাবি করা হয়েছিল কুড়ি লক্ষ টাকা,ব্যবসায়ীকে অপহরণের করে মুক্তিপণ দাবি করা হয়েছিল কুড়ি লক্ষ টাকা।,0.1,0.0179,ok
kathbath/bengali/wavs/844424930550882-1161-m.wav,/Users/monujgogoi/Downloads/kathbath/bengali/wavs/844424930550882-1161-m.wav,7.1981875,অনবরত বর্ষণ মুখর বৃষ্টিধারার সুর এবং মাঝে মাঝে মেঘের ডাকে বর্ষার অনুভূতিতে শ্রোতাদের হৃদয়কে,অনবরত বর্ষণমুখর বৃষ্টিধারা সুর এবং মাঝে মাঝে মেঘের ডাকে বর্ষার অনুভূতিতে শ্রোতাদের হৃদয়কে।,0.2857,0.0253,ok
kathbath/bengali/wavs/844424930753515-372-m.wav,/Users/monujgogoi/Downloads/kathbath/bengali/wavs/844424930753515-372-m.wav,6.478375,পুলিশি বাধায় তাহেরীর মাদক ও কিশোর গ্যাং বিরোধী সভা পণ্ড,পুলিশি বাধায় তাহেরীর মাদক ও কিশোর গ্যাং বিরোধী সভা পণ্ড।,0.1,0.0213,ok
kathbath/bengali/wavs/844424930773559-372-m.wav,/Users/monujgogoi/Downloads/kathbath/bengali/wavs/844424930773559-372-m.wav,8.2895625,জাতীয় প্রেসক্লাবের স্থায়ী সদস্য এবং ফিনান্সিয়াল এক্সপ্রেসের সাবেক কনসালটেন্ট এডিটর মো,জাতীয় প্রেস ক্লাবের স্থায়ী সদস্য এবং ফিনান্সিয়াল এক্সপ্রেসের সাবেক কনসালটেন্ট এডিটর মো।,0.2727,0.0128,ok
kathbath/bengali/wavs/844424930627088-210-m.wav,/Users/monujgogoi/Downloads/kathbath/bengali/wavs/844424930627088-210-m.wav,5.2245,লিপস্টিকের রং নির্বাচনের সময় কিছু বিষয় মাথায় রাখতে হবে,লিপস্টিকের রঙ নির্বাচনের সময় কিছু বিষয় মাথায় রাখতে হবে।,0.2222,0.0408,ok
kathbath/bengali/wavs/844424931233382-1035-m.wav,/Users/monujgogoi/Downloads/kathbath/bengali/wavs/844424931233382-1035-m.wav,6.849875,তবে ভারত সরকারের অনুমতির উপর নির্ভর করছে সিরিজের ভবিষ্যৎ,তবে ভারত সরকারের অনুমতির উপর নির্ভর করছে সিরিজের ভবিষ্যৎ।,0.1111,0.0208,ok
kathbath/bengali/wavs/844424930935322-502-m.wav,/Users/monujgogoi/Downloads/kathbath/bengali/wavs/844424930935322-502-m.wav,7.848375,সম্প্রতি আত্মহত্যার চেষ্টার আগে সুইসাইডাল নোটে এমনটিই লিখেছেন আরাফাত সানির স্ত্রী দাবি করা নাসরিন সুলতানা,সম্প্রতি আত্মহত্যার চেষ্টার আগে সুইসাইডাল নোটে এমনটি লিখেছেন আরাফাত সানির স্ত্রী দাবি করা নাসরিন সুলতানা।,0.1333,0.022,ok
kathbath/bengali/wavs/844424930554266-502-m.wav,/Users/monujgogoi/Downloads/kathbath/bengali/wavs/844424930554266-502-m.wav,5.2245,বাকি শতকরা তিন ভাগ বা ৭৫ শতাংশ শ্রমিক অস্থায়ী ভিত্তিতে বা স্বল্প,বাকি শতকরা 3 ভাগ বা 75 শতাংশ শ্রমিক অস্থায়ী ভিত্তিতে বা স্বল্প।,0.25,0.1111,ok
kathbath/bengali/wavs/844424930554209-502-m.wav,/Users/monujgogoi/Downloads/kathbath/bengali/wavs/844424930554209-502-m.wav,5.1548125,মুখ্যমন্ত্রীর ঘোষণার পরেই হুগলির বৈদ্যবাটিতে জনসংযোগ যাত্রা শুরু তৃণমূলের,মুখ্যমন্ত্রীর ঘোষণার পরেই হুগলির বৈদ্যবাটিতে জনসংযোগ যাত্রা শুরু তৃণমূলের।,0.1111,0.0154,ok
kathbath/bengali/wavs/844424930464234-1161-m.wav,/Users/monujgogoi/Downloads/kathbath/bengali/wavs/844424930464234-1161-m.wav,4.5975625,এ সময়ে উপস্থিত ছিলেন বিএনপি চেয়ারপারসনের উপদেষ্টা মিজানুর রহমান,এ সময়ে উপস্থিত ছিলেন বিএনপি চেয়ারপার্সনের উপদেষ্টা মিজানুর রহমান।,0.2222,0.0351,ok
kathbath/bengali/wavs/844424930470437-210-m.wav,/Users/monujgogoi/Downloads/kathbath/bengali/wavs/844424930470437-210-m.wav,5.4335,যাতে এই ঘটনাটি ঘটতে গিয়ে বর্তমানে কোন অঞ্চলগুলি সমুদ্রে,যাতে এই ঘটনাটি ঘটতে গিয়ে বর্তমানে কোন অঞ্চলগুলি সমুদ্রের।,0.1111,0.0417,ok
kathbath/bengali/wavs/844424930935234-502-m.wav,/Users/monujgogoi/Downloads/kathbath/bengali/wavs/844424930935234-502-m.wav,4.9690625,শেয়ার বাজারের দিকনির্দেশনা এই সপ্তাহে বৈশ্বিক সূচকগুলি স্থির করবে,শেয়ার বাজারের দিকনির্দেশনা এই সপ্তাহে বৈশ্বিক সূচকগুলি স্থির করবে।,0.1111,0.0172,ok
kathbath/bengali/wavs/844424930693518-372-m.wav,/Users/monujgogoi/Downloads/kathbath/bengali/wavs/844424930693518-372-m.wav,10.5650625,এছাড়াও মূল প্রবন্ধ উপস্থাপন করবেন জাতীয় মানসিক স্বাস্থ্য ইনস্টিটিউটের সহকারী অধ্যাপক ডা,এছাড়াও মূল প্রবন্ধ উপস্থাপন করবেন জাতীয় মানসিক স্বাস্থ্য ইনস্টিটিউটের সহকারী অধ্যাপক ডাঃ।,0.0833,0.0256,ok
kathbath/bengali/wavs/844424931239853-1035-m.wav,/Users/monujgogoi/Downloads/kathbath/bengali/wavs/844424931239853-1035-m.wav,4.8761875,এ সময় শহিদুল ইসলামের পক্ষে জামিন আবেদন করে অ্যাড,এ সময় শহীদুল ইসলামের পক্ষে জামিন আবেদন করে অ্যাড।,0.2222,0.0488,ok
kathbath/bengali/wavs/844424930627021-210-m.wav,/Users/monujgogoi/Downloads/kathbath/bengali/wavs/844424930627021-210-m.wav,4.551125,কুকুরের মতো বেল্ট আর চেনে বেঁধে আটকে রাখা হয়েছিল এঁকে,কুকুরের মতো বেল্ট আর চেনে বেঁধে আটকে রাখা হয়েছিল একে।,0.1,0.0444,ok
kathbath/bengali/wavs/844424930470360-210-m.wav,/Users/monujgogoi/Downloads/kathbath/bengali/wavs/844424930470360-210-m.wav,7.5465,এটি একটি কণ্ঠস্বরের সাথে প্রেম এবং শক্তি যা একটি কৌতুক আপনি আঁকা এবং আপনি হুক,এটি একটি কণ্ঠস্বরের সাথে প্রেম এবং শক্তি যা একটি কৌতুক আপনি আঁকা এবং আপনি হুক।,0.0667,0.0159,ok
kathbath/bengali/wavs/844424930550851-1161-m.wav,/Users/monujgogoi/Downloads/kathbath/bengali/wavs/844424930550851-1161-m.wav,6.3390625,চুয়াডাঙ্গার সমাজসেবা কার্যালয় বয়স্করা পেলেও বিধবা ও প্রতিবন্ধীরা ভাতা পাননি,চুয়াডাঙ্গার সমাজসেবা কার্যালয়ে বয়স্করা পেলেও বিধবা ও প্রতিবন্ধীরা ভাতা পাননি।,0.2,0.029,ok
kathbath/bengali/wavs/844424930707828-210-m.wav,/Users/monujgogoi/Downloads/kathbath/bengali/wavs/844424930707828-210-m.wav,8.68425,মামলার ভয় দেখিয়ে ঘুষ গ্রহণের অভিযোগে রাজধানীর দারুস সালাম থানার চার পুলিশ সদস্যকে সাময়িক,মামলার ভয় দেখিয়ে ঘুষ গ্রহণের অভিযোগে রাজধানীর দারুস সালাম থানার চার পুলিশ সদস্যকে সাময়িক।,0.0714,0.0128,ok
kathbath/bengali/wavs/844424930707824-210-m.wav,/Users/monujgogoi/Downloads/kathbath/bengali/wavs/844424930707824-210-m.wav,6.4086875,চলতি বছরে লখনৌয়ে অনুষ্ঠিত প্রতিরক্ষা প্রদর্শনীতে এসেই চমক মোদীর,চলতি বছরে লখনৌয়ে অনুষ্ঠিত প্রতিরক্ষা প্রদর্শনীতে এসেই চমক মোদীর।,0.1111,0.0179,ok
kathbath/bengali/wavs/844424930707918-210-m.wav,/Users/monujgogoi/Downloads/kathbath/bengali/wavs/844424930707918-210-m.wav,5.4566875,চা পান করিতে করিতে ব্যোমকেশ বলরামবাবুকে সওয়াল আরম্ভ করিল,চা পান করিতে করিতে ব্যোমকেশ বলরাম বাবুকে সাওয়াল আরম্ভ করিল।,0.4444,0.0408,ok
kathbath/bengali/wavs/844424930707905-210-m.wav,/Users/monujgogoi/Downloads/kathbath/bengali/wavs/844424930707905-210-m.wav,6.501625,পুলিশের তদন্তে অসন্তুষ্ট হয়ে গত ১৫ নভেম্বর হাইকোর্টে রিট করেন ড,পুলিশের তদন্তে অসন্তুষ্ট হয়ে গত ১৫ই নভেম্বর হাইকোর্টে রিট করেন ডঃ।,0.1818,0.0556,ok
kathbath/bengali/wavs/844424931233458-1035-m.wav,/Users/monujgogoi/Downloads/kathbath/bengali/wavs/844424931233458-1035-m.wav,9.171875,পুরো ঘটনায় মধ্যমণি হয়ে কাজ করেছেন ডাবলমুরিং থানা নির্বাচন অফিসের অফিস সহায়ক মো,পুরো ঘটনায় মধ্যমণি হয়ে কাজ করেছেন ডাবুল মুরিং থানা নির্বাচন অফিসারের অফিস সহায়ক মোঃ।,0.3077,0.0725,ok
kathbath/bengali/wavs/844424931233396-1035-m.wav,/Users/monujgogoi/Downloads/kathbath/bengali/wavs/844424931233396-1035-m.wav,5.2941875,নিজে খান কিন্তু ভুলেও কুকুরকে খাওয়াবেন না যে ১০ খাবার,নিজে খান কিন্তু ভুলেও কুকুরকে খাওয়াবেন না যে দশ খাবার।,0.2,0.0667,ok
kathbath/bengali/wavs/844424930470412-210-m.wav,/Users/monujgogoi/Downloads/kathbath/bengali/wavs/844424930470412-210-m.wav,4.736875,৮ বছর পর জাকির হোসেন রাজুর সিনেমায় শাকিব খান,8 বছর পর জাকির হোসেন রাজুর সিনেমার শাকিব খান।,0.3333,0.1081,ok
kathbath/bengali/wavs/844424930753501-372-m.wav,/Users/monujgogoi/Downloads/kathbath/bengali/wavs/844424930753501-372-m.wav,7.0356875,অনুব্রত ঘনিষ্ঠ কালাম খুনে গ্রেফতার তৃণমূল ও বিজেপি কর্মী,অনুব্রত ঘনিষ্ঠ কালাম খুনে গ্রেপ্তার তৃণমূল ও বিজেপি কর্মী।,0.2222,0.0625,ok
kathbath/bengali/wavs/844424930627059-210-m.wav,/Users/monujgogoi/Downloads/kathbath/bengali/wavs/844424930627059-210-m.wav,6.9891875,আরও পড়ুন ভারতীয় ক্রিকেট কন্ট্রোল বোর্ডকে জব্দ করার পুরস্কার পেলেন শাহরিয়ার খান,আরও পড়ুন ভারতীয় ক্রিকেট কন্ট্রোল বোর্ডকে জপ্ত করার পুরস্কার পেলেন শাহরিয়ার খান।,0.1667,0.0429,ok
kathbath/bengali/wavs/844424931233447-1035-m.wav,/Users/monujgogoi/Downloads/kathbath/bengali/wavs/844424931233447-1035-m.wav,10.1935625,বাজেট অধিবেশনের দ্বিতীয় দফার শুরু থেকেই এ নিয়ে সংসদে সরব হতে চলেছেন তৃণমূল সাংসদরা,বাজেট অধিবেশনের দ্বিতীয় দফার শুরু থেকেই এ নিয়ে সংসদে সরব হতে চলেছেন তৃণমূল সাংসদরা।,0.0714,0.0141,ok
kathbath/bengali/wavs/844424931279056-417-m.wav,/Users/monujgogoi/Downloads/kathbath/bengali/wavs/844424931279056-417-m.wav,10.031,৪৮ ঘণ্টার মধ্যেই দেশের প্রধানমন্ত্রী নরেন্দ্র মোদীর সিদ্ধান্তকে কার্যকর করতে চলেছেন উত্তরপ্রদেশের মুখ্যমন্ত্রী যোগী আদিত্যনাথ,24 ঘণ্টার মধ্যেই দেশের প্রধানমন্ত্রী নরেন্দ্র মোদীর সিদ্ধান্তকে কার্যকর করতে চলেছেন উত্তরপ্রদেশের মুখ্যমন্ত্রী যোগী আদিত্যনাথ।,0.1333,0.027,ok
kathbath/bengali/wavs/844424931278985-417-m.wav,/Users/monujgogoi/Downloads/kathbath/bengali/wavs/844424931278985-417-m.wav,9.26475,করোনাভাইরাসের কারণে রাজধানীর কয়েক হাজার দিনমজুর এবং নিম্ন আয়ের মানুষ বাড়িভাড়া দিতে পারছেন না ব,করোনাভাইরাসের কারণে রাজধানীর কয়েক হাজার দিনমজুর এবং নিম্ন আয়ের মানুষ বাড়ি ভাড়া দিতে পারছেন না।,0.2667,0.0119,ok
kathbath/bengali/wavs/844424930436686-253-m.wav,/Users/monujgogoi/Downloads/kathbath/bengali/wavs/844424930436686-253-m.wav,2.8793125,একটি আধুনিক শৈলী মধ্যে শয়নকক্ষ মধ্যে ড্রয়ার এর দাগ,একটি আধুনিক শৈলীর মধ্যে সয়নকক্ষ মধ্যে ড্রয়ারের দাগ।,0.5556,0.0909,ok
kathbath/bengali/wavs/844424930554208-502-m.wav,/Users/monujgogoi/Downloads/kathbath/bengali/wavs/844424930554208-502-m.wav,4.4118125,একটি ফটো অন্তর্ভুক্ত করুন এবং গ্যালারী বিকল্প ব্যবহার করুন,একটি ফটো অন্তর্ভুক্ত করুন এবং গ্যালারি বিকল্প ব্যবহার করুন।,0.2222,0.04,ok
kathbath/bengali/wavs/844424931239797-1035-m.wav,/Users/monujgogoi/Downloads/kathbath/bengali/wavs/844424931239797-1035-m.wav,6.083625,এড সুলিভান এ প্রদর্শিত অন্য কোন ব্যান্ড তুলনায় প্রায়ই দেখান,এড সুলিভানে প্রদর্শিত অন্য কোনও ব্যান্ড তুলনায় প্রায়ই দেখান।,0.4,0.0577,ok
kathbath/bengali/wavs/844424930773516-372-m.wav,/Users/monujgogoi/Downloads/kathbath/bengali/wavs/844424930773516-372-m.wav,8.800375,কল্যাণীতে বাংলার বোলারদের দাপটে হায়দরাবাদ হারল ইনিংস ও ৩০৩ রানে,কল্যাণীতে বাংলার বোলারদের দাপটে হায়দ্রাবাদ হারল ইনিংস ও ৩০৩ রানে।,0.2,0.0364,ok
kathbath/bengali/wavs/844424930773502-372-m.wav,/Users/monujgogoi/Downloads/kathbath/bengali/wavs/844424930773502-372-m.wav,6.5945,১০ দিনের মধ্যে কেন্দ্রীয় ও ঢাবি কমিটি দেবে ছাত্রদল,10 দিনের মধ্যে কেন্দ্রীয় ও ঢাবি কমিটির দেবে ছাত্রদল।,0.3333,0.093,ok
kathbath/bengali/wavs/844424930500937-1161-m.wav,/Users/monujgogoi/Downloads/kathbath/bengali/wavs/844424930500937-1161-m.wav,4.66725,অ্যাকাউন্ট পাসওয়ার্ডের উপর পৃথক সুরক্ষা স্তর হিসাবে কাজ করে এই পদ,অ্যাকাউন্ট পাসওয়ার্ডের উপর পৃথক সুরক্ষা স্তর হিসেবে কাজ করে এই পদ।,0.1818,0.0357,ok
kathbath/bengali/wavs/844424930940962-417-m.wav,/Users/monujgogoi/Downloads/kathbath/bengali/wavs/844424930940962-417-m.wav,8.428875,আমরা মৌখিক প্রশাসন জন্য সোডা সুপারিশ না যে কেন,আমরা মৌখিক প্রশাসন জন্য সোডা সুপারিশ না যে কেন?,0.1111,0.0263,ok
kathbath/bengali/wavs/844424930500930-1161-m.wav,/Users/monujgogoi/Downloads/kathbath/bengali/wavs/844424930500930-1161-m.wav,3.9938125,দুই পাক মহিলা ক্রিকেটার স্পষ্ট জানালেন বিরাট মুগ্ধতার কথা,দুই পাক মহিলা ক্রিকেটার স্পষ্ট জানালে বিরাট মুগ্ধতার কথা।,0.2222,0.0408,ok
kathbath/bengali/wavs/844424930464248-1161-m.wav,/Users/monujgogoi/Downloads/kathbath/bengali/wavs/844424930464248-1161-m.wav,4.365375,অক্সফোর্ড ও ফাইজারের ভ্যাকসিনে মানুষের শরীরে রোগ প্রতিরোধ ক্ষমতা বাড়ছে,অক্সফোর্ড ও ফাইজারের ভ্যাকসিনে মানুষের শরীরের রোগ প্রতিরোধ ক্ষমতা বাড়ছে।,0.2,0.0323,ok
kathbath/bengali/wavs/844424930935231-502-m.wav,/Users/monujgogoi/Downloads/kathbath/bengali/wavs/844424930935231-502-m.wav,3.8080625,একটি বড় গাছ ছবির সঙ্গে একটি কাগজের শঙ্কু কিভাবে,একটি বড় গাছ ছবির সঙ্গে একটি কাগজের শঙ্কু কীভাবে?,0.1111,0.05,ok
kathbath/bengali/wavs/844424930627061-210-m.wav,/Users/monujgogoi/Downloads/kathbath/bengali/wavs/844424930627061-210-m.wav,5.61925,বিশ্ব বন্যপ্রাণী ফাউন্ডেশনের বিজ্ঞান ও নীতি বিভাগের প্রধান ডা,বিশ্ব বন্যপ্রাণী ফাউন্ডেশনের বিজ্ঞান ও নীতি বিভাগের প্রধান ডাঃ।,0.1111,0.0377,ok
kathbath/bengali/wavs/844424930935272-502-m.wav,/Users/monujgogoi/Downloads/kathbath/bengali/wavs/844424930935272-502-m.wav,4.945875,কুমিল্লার আদর্শ সদর সরে দাঁড়ানোর ঘোষণা মেয়র অনুসারী রউফের,কুমিল্লার আদর্শ সদরসারে দাঁড়ানোর ঘোষণা মেয়র অনুসারী রৌফের।,0.3333,0.0588,ok
kathbath/bengali/wavs/844424930464231-1161-m.wav,/Users/monujgogoi/Downloads/kathbath/bengali/wavs/844424930464231-1161-m.wav,3.784875,আমন্ত্রণ না পেয়েও চৈতি বিয়েতে হাজির কারণ এটি তার সাবেক,আমন্ত্রণ না পেয়েও চৈতি বিয়েতে হাজির কারণটি তা সাবেক।,0.4,0.0638,ok
kathbath/bengali/wavs/844424931239806-1035-m.wav,/Users/monujgogoi/Downloads/kathbath/bengali/wavs/844424931239806-1035-m.wav,6.4319375,দামুড়হুদায় সোলার ডিপ ইরিগ্রেশন পাম্পের মাধ্যমে সেচ কার্যক্রম শুরু,দামর হুদাই সোলার ডিপ ইরিগ্রেশন পাম্পের মাধ্যমে সেচ কার্যক্রম শুরু।,0.3333,0.1017,ok
kathbath/bengali/wavs/844424930773573-372-m.wav,/Users/monujgogoi/Downloads/kathbath/bengali/wavs/844424930773573-372-m.wav,9.7059375,ব্যবসায়ী মেজবাহ উদ্দিন আহমেদ কাওসারের সভাপতিত্বে ইফতার ও দোয়া মাহফিল উপস্থাপনা করেন মো,ব্যবসায়ী মেজবাউদ্দিন আহমেদ কাউসারের সভাপতিত্বে ইফতার ও দোয়া মহফেল উপস্থাপনা করেন মো.,0.3846,0.0658,ok
kathbath/bengali/wavs/844424930935242-502-m.wav,/Users/monujgogoi/Downloads/kathbath/bengali/wavs/844424930935242-502-m.wav,4.0403125,সুরমা পাড়ের শহর সিলেট ঘুরে গেল ক্রিকেট বিশ্বকাপের ট্রফি,সুরমাপাড়ের শহর সিলেট ঘুরে গেল ক্রিকেট বিশ্বকাপের ট্রফি।,0.3333,0.0208,ok
kathbath/bengali/wavs/844424931279016-417-m.wav,/Users/monujgogoi/Downloads/kathbath/bengali/wavs/844424931279016-417-m.wav,10.4025625,ললিত যোগে রাজেকে নিয়ে কেন্দ্রীয় নেতৃত্বের সঙ্গে প্রকাশ্য কোন্দলে রাজস্থান বিজেপি,ললিত যোগে রাজ এক নিয়ে কেন্দ্রীয় নেতৃত্বের সঙ্গে প্রকাশ্য কোন দলে রাজস্থান বিজেপি?,0.4545,0.0556,ok
kathbath/bengali/wavs/844424930550844-1161-m.wav,/Users/monujgogoi/Downloads/kathbath/bengali/wavs/844424930550844-1161-m.wav,7.3375,এই হত্যাকাণ্ডের ব্যাপারে মামলা দায়েরের প্রক্রিয়া চলছে বলে জানান চকরিয়া মডেল থানার ওসি মো,এই হত্যাকাণ্ডের ব্যাপারে মামলা দায়েরের প্রক্রিয়া চলছে বলে জানান চকরিয়া মডেল থানার ওসিমো।,0.1429,0.0128,ok
kathbath/bengali/wavs/844424930773561-372-m.wav,/Users/monujgogoi/Downloads/kathbath/bengali/wavs/844424930773561-372-m.wav,8.7306875,এর আগে গত ১২ নভেম্বর কিশোরগঞ্জের জ্যেষ্ঠ বিচারিক হাকিম আদালতের বিচারক মো,এর আগে গত ১২ নভেম্বর কিশোরগঞ্জের জ্যেষ্ঠ বিচারিক হাকিম আদালতের বিচারক মো।,0.0833,0.0164,ok
kathbath/bengali/wavs/844424931278994-417-m.wav,/Users/monujgogoi/Downloads/kathbath/bengali/wavs/844424931278994-417-m.wav,7.52325,এ ব্যাপারে বগুড়ার শেরপুর থানায় পৃথক মামলার প্রস্তুতি চলছে বলে জানান,এ ব্যাপারে বগুড়ার শেরপুর থানায় পৃথক মামলায় প্রস্তুতি চলছে বলে জানান।,0.1818,0.0508,ok
kathbath/bengali/wavs/844424930707829-210-m.wav,/Users/monujgogoi/Downloads/kathbath/bengali/wavs/844424930707829-210-m.wav,5.9443125,ঘটনাটি ঘটেছে হাওড়া সংলগ্ন লিলুয়ার অন্তর্গত বেলুড় রোড এলাকার,ঘটনাটি ঘটেছে হাওড়া সংলগ্ন লিলুয়ার অন্তর্গত বেলুড় রোড এলাকার।,0.1111,0.0185,ok
kathbath/bengali/wavs/844424930554194-502-m.wav,/Users/monujgogoi/Downloads/kathbath/bengali/wavs/844424930554194-502-m.wav,7.36075,১৯৯৭ সালে দক্ষিণ সুন্দরবনের বাসন্তী ব্লকের স্বেচ্ছাসেবী প্রতিষ্ঠান কুলতলি মিলনতীর্থ সোসাইটির,১৯৯৭ সালে দক্ষিণ সুন্দরবনের বাসন্তী ব্লকের স্বেচ্ছাসেবী প্রতিষ্ঠান কুলতুলি মিলনতীর্থ সোসাইটির।,0.1818,0.0244,ok
kathbath/bengali/wavs/844424930935295-502-m.wav,/Users/monujgogoi/Downloads/kathbath/bengali/wavs/844424930935295-502-m.wav,4.922625,যদিও ধোঁয়া চিহ্নিতকরণ যন্ত্রটি খুঁজে পাওয়া যাচ্ছে না বলে জানিয়েছে দমকল,যদিও ধোঁয়া চিহ্নিতকরণ যন্ত্রটি খুঁজে পাওয়া যাচ্ছে না বলে জানিয়েছে দমকল।,0.0909,0.0159,ok
kathbath/bengali/wavs/844424931233450-1035-m.wav,/Users/monujgogoi/Downloads/kathbath/bengali/wavs/844424931233450-1035-m.wav,8.1501875,আসামিপক্ষে সিনিয়র আইনজীবী সৈয়দ রেজাউর রহমান জামিন আবেদনের শুনানি,আসামি পক্ষে সিনিয়র আইনজীবী সৈয়দ রেজাউর রহমান জামিন আবেদনের শুনানি।,0.3333,0.0172,ok
kathbath/bengali/wavs/844424930627085-210-m.wav,/Users/monujgogoi/Downloads/kathbath/bengali/wavs/844424930627085-210-m.wav,5.9443125,প্রধানমন্ত্রীর পক্ষে অনুদানের চেক গ্রহণ করেন তার মুখ্যসচিব ড,প্রধানমন্ত্রীর পক্ষে অনুদানের চেক গ্রহণ করেন তার মুখ্য সচিব ডঃ।,0.3333,0.0385,ok
kathbath/bengali/wavs/844424930753503-372-m.wav,/Users/monujgogoi/Downloads/kathbath/bengali/wavs/844424930753503-372-m.wav,10.356125,ইউরোপীয় ইউনিয়নের সদস্যদের কাশ্মীরের আসল পরিস্থিতি দেখতে দেওয়া হবে না বলে দাবি তাঁর,ইউরোপীয় ইউনিয়নের সদস্যদের কাশ্মীরের আসল পরিস্থিতি দেখতে দেওয়া হবে না বলে দাবি তার।,0.0769,0.0274,ok
kathbath/bengali/wavs/844424930753520-372-m.wav,/Users/monujgogoi/Downloads/kathbath/bengali/wavs/844424930753520-372-m.wav,6.36225,দক্ষিণ চীন সাগরে যৌথ মহড়া চালাবে বেইজিং ও মস্কো,দক্ষিণ চীন সাগরে যৌথ মহড়া চালাবে বেইজিং ও মস্কো।,0.1111,0.025,ok
kathbath/bengali/wavs/844424930753583-372-m.wav,/Users/monujgogoi/Downloads/kathbath/bengali/wavs/844424930753583-372-m.wav,7.7090625,করোনা ভাইরাস কেড়ে নিল ২৮ বছরের জাপানি সুমো কুস্তিগীরের প্রাণ,করোনাভাইরাস কেড়ে নিল ২৮ বছরের জাপানি সুমো কুস্তিগীরের প্রাণ।,0.3,0.0192,ok
kathbath/bengali/wavs/844424931239845-1035-m.wav,/Users/monujgogoi/Downloads/kathbath/bengali/wavs/844424931239845-1035-m.wav,7.3143125,পরে ফুল দিয়ে শ্রদ্ধা নিবেদন করেন রাজশাহী মহানগর পুলিশ কমিশনার মো,পরে ফুল দিয়ে শ্রদ্ধা নিবেদন করেন রাজশাহী মহানগর পুলিশ কমিশনার মোঃ।,0.0909,0.0364,ok
kathbath/bengali/wavs/844424930464246-1161-m.wav,/Users/monujgogoi/Downloads/kathbath/bengali/wavs/844424930464246-1161-m.wav,4.736875,তারওপর নেস ওয়াদিয়ার সঙ্গে দীর্ঘ সম্পর্কের তিক্ততার কারণে অবসাদেও,তার উপর নেস ওয়াদিয়ার সঙ্গে দীর্ঘ সম্পর্কের তিক্ততার কারণে অবসাদেও।,0.3333,0.0345,ok
kathbath/bengali/wavs/844424930753523-372-m.wav,/Users/monujgogoi/Downloads/kathbath/bengali/wavs/844424930753523-372-m.wav,7.453625,অনুষ্ঠানের বিশেষ অতিথি ছিলেন সফটওয়্যার ইঞ্জিনিয়ারিং বিভাগের বিভাগীয় প্রধান ড,অনুষ্ঠানের বিশেষ অতিথি ছিলেন সফটওয়্যার ইঞ্জিনিয়ারিং বিভাগের বিভাগীয় প্রধান ডঃ।,0.1,0.0286,ok
kathbath/bengali/wavs/844424930707854-210-m.wav,/Users/monujgogoi/Downloads/kathbath/bengali/wavs/844424930707854-210-m.wav,6.106875,এশিয়ান টিভির হবিগঞ্জ জেলা প্রতিনিধি এস এম সুরুজ আলীর বাবা মো,এশিয়ান টিভির হবিগঞ্জ জেলা প্রতিনিধি এস এম সুরজ আলীর বাবা মোঃ।,0.1818,0.0588,ok
kathbath/bengali/wavs/844424930707841-210-m.wav,/Users/monujgogoi/Downloads/kathbath/bengali/wavs/844424930707841-210-m.wav,8.6610625,আরও উপস্থিত ছিলেন বাংলাদেশ ইউনানি ও আয়ুর্বেদিক গ্র্যাজুয়েট চিকিৎসক সমন্বয় পরিষদের আহবায়ক ডা,আরও উপস্থিত ছিলেন বাংলাদেশ ইউনানী ও আয়ুর্বেদিক গ্র্যাজুয়েট চিকিৎসক সমন্বয় পরিষদের আবহাওয়াক ডাঃ।,0.2308,0.0843,ok
kathbath/bengali/wavs/844424930773564-372-m.wav,/Users/monujgogoi/Downloads/kathbath/bengali/wavs/844424930773564-372-m.wav,8.3824375,বাজেটের এহেন প্রস্তাবে ক্ষুদ্ধ প্রতিক্রিয়া জানিয়ে টিআইবির নির্বাহী পরিচালক ড,বাজেটের এহেন প্রস্তাবে ক্ষুব্ধ প্রতিক্রিয়া জানিয়ে টিআইবির নির্বাহী পরিচালক ডঃ,0.2,0.029,ok
kathbath/bengali/wavs/844424931239781-1035-m.wav,/Users/monujgogoi/Downloads/kathbath/bengali/wavs/844424931239781-1035-m.wav,7.7090625,সভায় জন্মশতবার্ষিকী উদযাপন জাতীয় বাস্তবায়ন কমিটির প্রধান সমন্বয়ক ড,সভায় জন্মশতবার্ষিকী উদযাপন জাতীয় বাস্তবায়ন কমিটির প্রধান সমন্বয়ক ডঃ।,0.1111,0.0323,ok
kathbath/bengali/wavs/844424930707911-210-m.wav,/Users/monujgogoi/Downloads/kathbath/bengali/wavs/844424930707911-210-m.wav,6.269375,যেভাবে উচ্ছেদ হলো চাঁদপুর শহরের গুরুত্বপূর্ণ পয়েন্টের অবৈধ স্থাপনা,যেভাবে উচ্ছেদ হলো চাঁদপুর শহরের গুরুত্বপূর্ণ পয়েন্টের অবৈধ স্থাপনা।,0.1111,0.0169,ok
kathbath/bengali/wavs/844424930773574-372-m.wav,/Users/monujgogoi/Downloads/kathbath/bengali/wavs/844424930773574-372-m.wav,5.9443125,এ নিয়ে বাঙালির গর্ব ও আনন্দে ভাসছে দুই বাংলার,এ নিয়ে বাঙালির গর্ব ও আনন্দে ভাসছে দুই বাংলার।,0.1111,0.0263,ok
kathbath/bengali/wavs/844424930935244-502-m.wav,/Users/monujgogoi/Downloads/kathbath/bengali/wavs/844424930935244-502-m.wav,5.0155,সৈয়দ মুহাম্মদ শাহীদ এবং সাধারণ সম্পাদক নির্বাচিত হয়েছেন ডা,সৈয়দ মোহাম্মদ শাহিদ এবং সাধারণ সম্পাদক নির্বাচিত হয়েছেন ডা।,0.3333,0.0577,ok
kathbath/bengali/wavs/844424930707864-210-m.wav,/Users/monujgogoi/Downloads/kathbath/bengali/wavs/844424930707864-210-m.wav,4.551125,উঁচু গাছের ধূসর হাড়ে চাঁদ না কি সে পাখি,উঁচু গাছের ধূসর হাড়ে চাঁদ নাকি সে পাখি।,0.3333,0.0312,ok
kathbath/bengali/wavs/844424930500912-1161-m.wav,/Users/monujgogoi/Downloads/kathbath/bengali/wavs/844424930500912-1161-m.wav,4.922625,অনুষ্ঠানে প্রধান অতিথির বক্তব্যে মানবাধিকার কমিশনের সাবেক চেয়ারম্যান অধ্যাপক ড,অনুষ্ঠানে প্রধান অতিথির বক্তব্যে মানবাধিকার কমিশনের সাবেক চেয়ারম্যান অধ্যাপক ডঃ।,0.1,0.0286,ok
kathbath/bengali/wavs/844424930554289-502-m.wav,/Users/monujgogoi/Downloads/kathbath/bengali/wavs/844424930554289-502-m.wav,3.599125,বিজয় দিবসের সাইকেল রেসে অংশ নেওয়া হলো না ফয়সালের,বিজয় দিবসের সাইকেল রেসে অংশ নেওয়া হলো না ফয়জালের।,0.1111,0.0465,ok
kathbath/bengali/wavs/844424930935310-502-m.wav,/Users/monujgogoi/Downloads/kathbath/bengali/wavs/844424930935310-502-m.wav,7.4768125,প্রদর্শনী ঘুরে দেখেন উদ্বোধক পিএইচপি ফ্যামিলির চেয়ারম্যান সুফি মোহাম্মদ মিজানুর রহমানসহ অতিথিরা,প্রদর্শনী ঘুরে দেখেন উদ্বোধক পিএইচপি ফ্যামিলির চেয়ারম্যান সুফি মোহাম্মদ মিজানুর রহমান সহ অতিথিরা।,0.25,0.0118,ok
kathbath/bengali/wavs/844424930554241-502-m.wav,/Users/monujgogoi/Downloads/kathbath/bengali/wavs/844424930554241-502-m.wav,5.0851875,পর্যটন কেন্দ্র রূপে আত্মপ্রকাশের আগেই বাঁকুড়ার গাঙডুয়া ড্যামের বেহাল দশা,পর্যটন কেন্দ্ররূপে আত্মপ্রকাশের আগেই বাঁকুড়ার গাংডুয়া গ্রামের বেহাল দশা।,0.5,0.0615,ok
kathbath/bengali/wavs/844424931233377-1035-m.wav,/Users/monujgogoi/Downloads/kathbath/bengali/wavs/844424931233377-1035-m.wav,6.1300625,সেঞ্চুরি কিংবা ৭ উইকেট নিলেই গাছ লাগানো হয় যেখানে,সেঞ্চুরি কিং বা সাত উইকেট নিলেই গাছ লাগানো হয় যেখানে।,0.4444,0.0952,ok
kathbath/bengali/wavs/844424931239791-1035-m.wav,/Users/monujgogoi/Downloads/kathbath/bengali/wavs/844424931239791-1035-m.wav,6.3158125,সরকারী নির্দেশকে বুড়ো আঙুল দেখিয়ে এখনও ওড়ানো হয় নীলকণ্ঠ পাখি,সরকারি নির্দেশককে বুড়ো আঙুল দেখিয়ে এখনও ওড়ানো হয় নীলকণ্ঠ পাখি।,0.3,0.0545,ok
kathbath/bengali/wavs/844424931233378-1035-m.wav,/Users/monujgogoi/Downloads/kathbath/bengali/wavs/844424931233378-1035-m.wav,8.8235625,ডেঙ্গুতে আক্রান্ত হয়ে রাজশাহী মেডিকেল কলেজ হাসপাতালে শাপলা নামের এক নারীর মৃত্যু,ডেঙ্গুতে আক্রান্ত হয়ে রাজশাহী মেডিকেল কলেজ হাসপাতালে শাপলা নামের এক নারীর মৃত্যু।,0.0833,0.0143,ok
kathbath/bengali/wavs/844424930935315-502-m.wav,/Users/monujgogoi/Downloads/kathbath/bengali/wavs/844424930935315-502-m.wav,4.3885625,ফেনীর মাদ্রাসাছাত্রী নুসরাত জাহান রাফি হত্যা মামলার আসামি মো,ফেনীর মাদ্রাসা ছাত্রী নুসরাত জাহান রাফি হত্যা মামলার আসামী মো।,0.4444,0.0385,ok
kathbath/bengali/wavs/844424930500968-1161-m.wav,/Users/monujgogoi/Downloads/kathbath/bengali/wavs/844424930500968-1161-m.wav,3.761625,এ কারণে বিরতিহীন ট্রেনটি প্রায় এক ঘণ্টা দেরিতে জংশন ছেড়ে যায়,এ কারণে বিরতিহীন ট্রেনটি প্রায় এক ঘণ্টা দেরিতে জনসন ছেড়ে যায়।,0.1818,0.0566,ok
kathbath/bengali/wavs/844424931239780-1035-m.wav,/Users/monujgogoi/Downloads/kathbath/bengali/wavs/844424931239780-1035-m.wav,6.478375,তবে এসব শিক্ষার্থীদের পরবর্তী ক্লাসে উত্তীর্ণের পদ্ধতি নিয়ে এখনো,তবে এসব শিক্ষার্থীদের পরবর্তী ক্লাসে উত্তীর্ণের পদ্ধতি নিয়ে এখনও।,0.1111,0.0351,ok
kathbath/bengali/wavs/844424930470433-210-m.wav,/Users/monujgogoi/Downloads/kathbath/bengali/wavs/844424930470433-210-m.wav,5.897875,তাই আল্যারিক স্টিলিচোর সাথে একটি চুক্তি করেছেন এবং ইতালি ত্যাগ করেছেন,তাই আলারিক্স টিলিচোর সাথে একটি চুক্তি করেছেন এবং ইতালি ত্যাগ করেছেন।,0.2727,0.0847,ok
kathbath/bengali/wavs/844424930470423-210-m.wav,/Users/monujgogoi/Downloads/kathbath/bengali/wavs/844424930470423-210-m.wav,10.4025625,ওবায়দুল কাদেরের সর্বশেষ শারীরিক অবস্থা নিয়ে প্রেস ব্রিফিং করেন বিএসএমএমইউইয়ের কার্ডিওলজি বিভাগের প্রধান ডা,ওবায়দুল কাদেরের সর্বশেষ শারীরিক অবস্থা নিয়ে প্রেস ব্রিফিং করেন বিএসএমএমইউ এর কার্ডিওলজি বিভাগের প্রধান ডাঃ।,0.2143,0.0625,ok
kathbath/bengali/wavs/844424930753577-372-m.wav,/Users/monujgogoi/Downloads/kathbath/bengali/wavs/844424930753577-372-m.wav,12.00475,পরে স্থানীয়রা তাকে উদ্ধার করে উপজেলা স্বাস্থ্য কমপ্লেক্সে ভর্তি করলে সেখানকার কর্তব্যরত চিকিৎসক ডা,পরে স্থানীয়রা তাকে উদ্ধার করে উপজেলা স্বাস্থ্য কমপ্লেক্সে ভর্তি করালে সেখানকার কর্তবরত চিকিৎসক ডা..,0.2143,0.0581,ok
kathbath/bengali/wavs/844424930627036-210-m.wav,/Users/monujgogoi/Downloads/kathbath/bengali/wavs/844424930627036-210-m.wav,8.52175,সংগঠনটির জরুরি বৈঠকে আগামী তিন বছরের জন্য সাধারণ সম্পাদক হিসেবে আতিকুর রহমান সবুজকে,সংগঠনটির জরুরি বৈঠকে আগামী তিন বছরের জন্য সাধারণ সম্পাদক হিসেবে অতিকুর রহমান সবুজকে।,0.1538,0.0282,ok
kathbath/bengali/wavs/844424930554283-502-m.wav,/Users/monujgogoi/Downloads/kathbath/bengali/wavs/844424930554283-502-m.wav,5.4335,তবে এ নামাজের জন্য ঘর থেকে বের হতে কোনো সমস্যা দেখছেন না ধর্মসচিব মো,তবে এ নামাজের জন্য ঘর থেকে বের হতে কোন সমস্যা দেখছেন না ধর্মসচিব মো।,0.1429,0.0364,ok
kathbath/bengali/wavs/844424930935304-502-m.wav,/Users/monujgogoi/Downloads/kathbath/bengali/wavs/844424930935304-502-m.wav,7.825125,বিষয়টি নিয়ে এনটিভির নিয়মিত আয়োজন স্বাস্থ্য প্রতিদিন অনুষ্ঠানের ২৬১৮ তম পর্বে কথা বলেছেন ডা,বিষয়টি নিয়ে এনটিভির নিয়মিত আয়োজন স্বাস্থ্য প্রতিদিন অনুষ্ঠানের ২৬১৮ তম পর্বে কথা বলেছেন ডা।,0.0714,0.0123,ok
kathbath/bengali/wavs/844424931233461-1035-m.wav,/Users/monujgogoi/Downloads/kathbath/bengali/wavs/844424931233461-1035-m.wav,10.8901875,মার্কিন নভোশ্চরের প্রাক্তন স্ত্রীর অভিযোগ বিনা অনুমতিতে অ্যানে তাঁর ব্যাঙ্ক আকাউন্ট ব্য়বহার করেছেন,মার্কিন নবস্চরের প্রাক্তন স্ত্রীর অভিযোগ বিনা অনুমতিতে অ্যানে তার ব্যাংক অ্যাকাউন্ট ব্যবহার করেছেন।,0.4615,0.1264,ok
kathbath/bengali/wavs/844424930550824-1161-m.wav,/Users/monujgogoi/Downloads/kathbath/bengali/wavs/844424930550824-1161-m.wav,3.9241875,ফেলে যাওয়া হৃৎপিণ্ড নিতে ৩ ঘণ্টা পর ফিরে এল বিমান,ফেলে যাওয়া হৃদপিণ্ড নিতে তিন ঘণ্টা পর ফিরে এল বিমান।,0.3,0.122,ok
kathbath/bengali/wavs/844424930693519-372-m.wav,/Users/monujgogoi/Downloads/kathbath/bengali/wavs/844424930693519-372-m.wav,9.288,এর আগে পবিত্র কোরআন তেলাওয়াতের পর সদ্য প্রয়াত বিএনপির স্থায়ী কমিটির সদস্য,এর আগে পবিত্র কোরআন তেলাওয়াতের পর সদ্য প্রয়াত বিএনপির স্থায়ী কমিটির সদস্য।,0.0833,0.0154,ok
kathbath/bengali/wavs/844424930693509-372-m.wav,/Users/monujgogoi/Downloads/kathbath/bengali/wavs/844424930693509-372-m.wav,8.7539375,লকডাউন ভঙ্গের জন্য পদত্যাগপত্র জমা দিলেও চলমান সংকটের মধ্যে তা,লকডাউন ভঙ্গের জন্য পদত্যাগপত্র জমা দিলেও চলমান সংকটের মধ্যে তা।,0.1,0.0189,ok
kathbath/bengali/wavs/844424930940942-417-m.wav,/Users/monujgogoi/Downloads/kathbath/bengali/wavs/844424930940942-417-m.wav,6.0604375,কলকাতা লিগের ডার্বিতে ধারে ভারে অনেক এগিয়ে ছিল ইস্টবেঙ্গল,কলকাতা লীগের ডার্বিতে ধারে ভারে অনেক এগিয়ে ছিল ইস্টবেঙ্গল।,0.2222,0.04,ok
kathbath/bengali/wavs/844424930550805-1161-m.wav,/Users/monujgogoi/Downloads/kathbath/bengali/wavs/844424930550805-1161-m.wav,6.3158125,বিরোধীদের সঙ্গে ব্যক্তিগত ভাবে তাঁর কোনও বিরোধ নেই বলে সম্প্রতি অভিনেতা অক্ষয়কুমারকে,বিরোধীদের সঙ্গে ব্যক্তিগতভাবে তার কোনো বিরোধ নেই বলে সম্প্রতি অভিনেতা অক্ষয় কুমারকে।,0.5,0.0405,ok
kathbath/bengali/wavs/844424930550798-1161-m.wav,/Users/monujgogoi/Downloads/kathbath/bengali/wavs/844424930550798-1161-m.wav,5.8746875,বিশ্বকাপে পাকিস্তানের বিরুদ্ধে ম্যাচ নিয়ে কোনও সিদ্ধান্ত নিল না সুপ্রিম কোর্টের নির্দেশে গড়া,বিশ্বকাপে পাকিস্তানের বিরুদ্ধে ম্যাচ নিয়ে কোনও সিদ্ধান্ত নিল না সুপ্রিম কোর্টের নির্দেশে করা।,0.0769,0.0488,ok
kathbath/bengali/wavs/844424930935246-502-m.wav,/Users/monujgogoi/Downloads/kathbath/bengali/wavs/844424930935246-502-m.wav,5.5728125,কঙ্গনা বিতর্ক থেকে মুখ ফিরিয়ে আপাতত এই মহিলার সঙ্গে সময় কাটাচ্ছেন হৃতিক,কঙ্গনা বিতর্ক থেকে মুখ ফিরিয়ে আপাতত এই মহিলার সঙ্গে সময় কাটাচ্ছেন ঋত্বিক।,0.0833,0.0806,ok
kathbath/bengali/wavs/844424930935261-502-m.wav,/Users/monujgogoi/Downloads/kathbath/bengali/wavs/844424930935261-502-m.wav,5.20125,দ্রুত করোনা টিকা উদ্ভাবনের বিষয়ে আশাবাদী নন শীর্ষ মার্কিন বিজ্ঞানী,দ্রুত করোনা টিকা উদ্ভাবনের বিষয়ে আশাবাদী নন শীর্ষ মার্কিন বিজ্ঞানী।,0.1,0.0172,ok
kathbath/bengali/wavs/844424930773585-372-m.wav,/Users/monujgogoi/Downloads/kathbath/bengali/wavs/844424930773585-372-m.wav,9.497,ফিলিপাইনে এক লাখ টন চাল রপ্তানির নীতিগত সিদ্ধান্ত নেওয়া হয়েছে বলে জানিয়েছেন কৃষিমন্ত্রী ড,ফিলিপাইনে 1 লাখ টন চাল রপ্তানির নীতিগত সিদ্ধান্ত নেওয়া হয়েছে বলে জানিয়েছে কৃষিমন্ত্রী ডঃ।,0.2143,0.0633,ok
kathbath/bengali/wavs/844424930464194-1161-m.wav,/Users/monujgogoi/Downloads/kathbath/bengali/wavs/844424930464194-1161-m.wav,5.61925,আসলে আজ অনলাইন শপিং পোর্টাল অ্যামাজন নিজেদের গ্রাহকদের জন্য অডিও ডিভাইসে বিশাল ডিস্কাউন্ট দিচ্ছে,আসলে আজ অনলাইন শপিং পোর্টাল অ্যামাজন নিজেদের গ্রাহকদের জন্য অডিও ডিভাইসে বিশাল ডিসকাউন্ট দিচ্ছে।,0.1429,0.0241,ok
kathbath/bengali/wavs/844424930753568-372-m.wav,/Users/monujgogoi/Downloads/kathbath/bengali/wavs/844424930753568-372-m.wav,8.4520625,এশিয়া ও আফ্রিকার বিভিন্ন দেশে মেনস্ট্রুয়াল কাপ উৎসাহিত করা হচ্ছে,এশিয়া ও আফ্রিকার বিভিন্ন দেশে ম্যানস্ট্রুয়াল কাপ উৎসাহিত করা হচ্ছে।,0.2,0.0702,ok
kathbath/bengali/wavs/844424931279003-417-m.wav,/Users/monujgogoi/Downloads/kathbath/bengali/wavs/844424931279003-417-m.wav,6.269375,আরও পড়ুন প্রথম ভারতীয় হিসেবে বিশ্ব চ্যাম্পিয়নশিপের ফাইনালে উঠে নজির অমিতের,আরও পড়ুন প্রথম ভারতীয় হিসেবে বিশ্ব চ্যাম্পিয়নশিপের ফাইনালে উঠে নজির অমিতের।,0.0909,0.0149,ok
kathbath/bengali/wavs/844424930753493-372-m.wav,/Users/monujgogoi/Downloads/kathbath/bengali/wavs/844424930753493-372-m.wav,14.187375,ঐক্য ন্যাপের সভাপতি পঙ্কজ ভট্টাচার্যের সভাপতিত্বে সম্মেলনে বক্তৃতা করেন বাংলাদেশ কমিউনিষ্ট পার্টির সাধারণ সম্পাদক মো,ঐক্যন্যাপের সভাপতি পঙ্কজ ভট্টাচার্যের সভাপতিত্বে সম্মেলনে বক্তৃতা করেন বাংলাদেশ কমিউনিস্ট পার্টির সাধারণ সম্পাদক মো.,0.2667,0.0196,ok
kathbath/bengali/wavs/844424932360028-778-m.wav,/Users/monujgogoi/Downloads/kathbath/bengali/wavs/844424932360028-778-m.wav,5.3638125,আবহাওয়ার সায় নেই তবু বাংলার শস্যের গন্ধে লালা গড়াচ্ছে পঙ্গপালের,আবহাওয়ার শায় নেই তবু বাংলার শস্যের গন্ধে লালা গড়াচ্ছে পঙ্গপালের।,0.2,0.0351,ok
kathbath/bengali/wavs/844424930464229-1161-m.wav,/Users/monujgogoi/Downloads/kathbath/bengali/wavs/844424930464229-1161-m.wav,4.0170625,পরিবর্তিত তারিখ ও সময় অনুযায়ী এই সভা আগামী ২৩ সেপ্টেম্বর,পরিবর্তিত তারিখ ও সময় অনুযায়ী এই সভা আগামী 23শে সেপ্টেম্বর।,0.2,0.102,ok
kathbath/bengali/wavs/844424930627026-210-m.wav,/Users/monujgogoi/Downloads/kathbath/bengali/wavs/844424930627026-210-m.wav,7.8948125,দক্ষিণ চিন সাগর নিয়ে বিরোধে চিনের প্রতিপক্ষ ভিয়েতনামকে প্রতিরক্ষায় সাহায্য করতে এগিয়ে এল,দক্ষিণ চীন সাগর নিয়ে বিরোধে চীনের প্রতিপক্ষ ভিয়েতনামকে প্রতিরক্ষায় সাহায্য করতে এগিয়ে এলো।,0.2308,0.05,ok
kathbath/bengali/wavs/844424931239851-1035-m.wav,/Users/monujgogoi/Downloads/kathbath/bengali/wavs/844424931239851-1035-m.wav,6.3855,ইসলামী ব্যাংকের আমানত ৬৫ কোটি ও বিনিয়োগ ৫৭ কোটি টাকা,ইসলামী ব্যাংকের আমানত পঁয়ষট্টি কোটি ও বিনিয়োগ সাতান্ন কোটি টাকা।,0.3,0.3864,ok
kathbath/bengali/wavs/844424930693465-372-m.wav,/Users/monujgogoi/Downloads/kathbath/bengali/wavs/844424930693465-372-m.wav,9.4505625,শরত্কালে কাঠের কাটার সবসময় আসেন এবং বড় বড় কিছু গাছ কেটে ফেলেন,শরৎকালে কাঠের কাটার সবসময় আসেন এবং বড় বড় কিছু গাছ কেটে ফেলেন।,0.1667,0.0566,ok
kathbath/bengali/wavs/844424930500913-1161-m.wav,/Users/monujgogoi/Downloads/kathbath/bengali/wavs/844424930500913-1161-m.wav,3.9938125,ব্রুকলিন সেতুতে কেবেল নির্মাণ করা ছিল এক্সকিং এবং বিপজ্জনক,ব্রুকলিন সেতুতে কেবল নির্মাণ ছিল এক্সকিং এবং বিপদজনক।,0.3333,0.14,ok
kathbath/bengali/wavs/844424930707889-210-m.wav,/Users/monujgogoi/Downloads/kathbath/bengali/wavs/844424930707889-210-m.wav,7.7090625,মুকুটমণিপুর বাঁধ থেকে জল ছাড়ায় বাঁকুড়ার বিস্তীর্ণ এলাকায় নতুন করে বন্যার আশঙ্কা,মুকুটমণিপুর বাঁধ থেকে জল ছাড়ায় বাঁকুড়ার বিস্তীর্ণ এলাকায় নতুন করে বন্যার আশঙ্কা।,0.0833,0.0139,ok
kathbath/bengali/wavs/844424930464200-1161-m.wav,/Users/monujgogoi/Downloads/kathbath/bengali/wavs/844424930464200-1161-m.wav,3.8313125,করোনা প্রতিরোধে লাখ লাখ ভ্যাকসিন তৈরি করছে ভারতীয় প্রতিষ্ঠান,করোনা প্রতিরোধে লাখ লাখ ভ্যাকসিন তৈরি করছে ভারতীয় প্রতিষ্ঠান।,0.1111,0.0189,ok
kathbath/bengali/wavs/844424930550850-1161-m.wav,/Users/monujgogoi/Downloads/kathbath/bengali/wavs/844424930550850-1161-m.wav,5.1780625,করোনা সংকট মোকাবিলায় অনুদান দিল মৎস্য ও প্রাণিসম্পদ মন্ত্রণালয়,করোনা সংকট মোকাবিলায় অনুতান দিল মৎস্য ও প্রাণী সম্পদ মন্ত্রণালয়।,0.4444,0.0536,ok
kathbath/bengali/wavs/844424930707873-210-m.wav,/Users/monujgogoi/Downloads/kathbath/bengali/wavs/844424930707873-210-m.wav,5.8746875,খামারে প্রতি কেজি মুরগি ৬০ থেকে ৭০ টাকা কেজি দরে বিক্রি হচ্ছে,খামারে প্রতি কেজি মুরগি ষাট থেকে সত্তর টাকা কেজি দরে বিক্রি হচ্ছে।,0.25,0.18,ok
kathbath/bengali/wavs/844424931233456-1035-m.wav,/Users/monujgogoi/Downloads/kathbath/bengali/wavs/844424931233456-1035-m.wav,11.3778125,জেলার আইনশৃংখলা সংক্রান্ত সার্বিক অবস্থা পর্যালোচনা করা এবং আইনশৃংখলা স্বাভাবিক করার লক্ষ্যে প্রয়োজনীয় সিদ্ধান্ত গ্রহণ,জেলার আইন শৃঙ্খলা সংক্রান্ত সার্বিক অবস্থা পর্যালোচনা করা এবং আইন শৃঙ্খলা স্বাভাবিক করার লক্ষ্যে প্রয়োজনীয় সিদ্ধান্ত গ্রহণ।,0.3333,0.0472,ok
kathbath/bengali/wavs/844424930693440-372-m.wav,/Users/monujgogoi/Downloads/kathbath/bengali/wavs/844424930693440-372-m.wav,14.5125,আক্কেলপুর উপজেলা পৌর সদরের বিহারপুর মহল্লা ভিটাজমিকে বাগান দেখিয়ে রাজস্ব ফাঁকির অভিযোগ,আক্কেলপুর উপজেলা পৌরসদরের বিহারপুর মহল্লা ভিটা জমিকে বাগান দেখিয়ে রাজস্ব ফাঁকির অভিযোগ।,0.4167,0.0132,ok
kathbath/bengali/wavs/844424930940966-417-m.wav,/Users/monujgogoi/Downloads/kathbath/bengali/wavs/844424930940966-417-m.wav,9.0325625,সাধারণ ক্ষমা ঘোষণা দেওয়ার পর দূতাবাসে ভিড় জমান প্রবাসী বাংলাদেশিরা,সাধারণ ক্ষমা ঘোষণা দেওয়ার পর দূতাবাসে ভিড় জমান প্রবাসী বাংলাদেশীরা।,0.1,0.0339,ok
kathbath/bengali/wavs/844424931233398-1035-m.wav,/Users/monujgogoi/Downloads/kathbath/bengali/wavs/844424931233398-1035-m.wav,10.1239375,লন্ডন থেকে এস কে সালামঃ মৌলভীবাজার পৌরসভা নির্বাচনে মেয়র প্রার্থী কেন্দ্রীয় যুবলীগের সদস্য মৌলভীবাজার জে,লন্ডন থেকে এস কে সালাম মৌলভীবাজার পৌরসভা নির্বাচনে মেয়র প্রার্থী কেন্দ্রীয় যুবলিগের সদস্য মৌলভীবাজার জে।,0.2,0.0326,ok
kathbath/bengali/wavs/844424930554233-502-m.wav,/Users/monujgogoi/Downloads/kathbath/bengali/wavs/844424930554233-502-m.wav,4.853,ট্রাম্পের কারণে ইরান নীতি পরিবর্তনে বাধ্য হয়েছে বলে হুকের হাস্যকর দাবি,ট্রাম্পের কারণে ইরান নীতি পরিবর্তনে বাধ্য হয়েছে বলে হুকের হাস্যকর দাবি।,0.0909,0.0164,ok
kathbath/bengali/wavs/844424930935271-502-m.wav,/Users/monujgogoi/Downloads/kathbath/bengali/wavs/844424930935271-502-m.wav,7.3375,গ্রেটার কৈলাশ বিধানসভা কেন্দ্রে চিত্তরঞ্জন পার্কের এসডিএমসি প্রাথমিক বিদ্যালয়ে তিনি এদিন ভোট দিলেন,গ্রেটার কৈলাস বিধানসভা কেন্দ্রে চিত্তরঞ্জন পার্কের এসডিএমসি প্রাথমিক বিদ্যালয়ে তিনি এদিন ভোট দিলেন।,0.1538,0.023,ok
kathbath/bengali/wavs/844424930940998-417-m.wav,/Users/monujgogoi/Downloads/kathbath/bengali/wavs/844424930940998-417-m.wav,10.9830625,একুশে আগস্ট গ্রেনেড হামলার মামলায় দণ্ডিত বিএনপি ভঅরপ্রাপ্ত চেয়ারম্যান তারেক রহমানের নেতৃত্ব মেনে নেয়ায় ড,21শে আগস্ট গ্রেনেড হামলার মামলায় দণ্ডিত বিএনপি ভারপ্রাপ্ত চেয়ারম্যান তারেক রহমানের নেতৃত্ব মেনে নেওয়ায় ড।,0.2667,0.0638,ok
kathbath/bengali/wavs/844424930707890-210-m.wav,/Users/monujgogoi/Downloads/kathbath/bengali/wavs/844424930707890-210-m.wav,4.3189375,শিকড় হল গাছের একটি অংশ যা মাটির নিচে থাকে,শিকড় হলো গাছের একটি অংশ যা মাটির নিচে থাকে।,0.2222,0.0588,ok
kathbath/bengali/wavs/844424930773563-372-m.wav,/Users/monujgogoi/Downloads/kathbath/bengali/wavs/844424930773563-372-m.wav,10.7740625,চাকরির বয়স বাড়ানোর ব্যাপারে জানতে চাইলে বাকৃবির জনসংযোগ ও প্রকাশনা দপ্তরের পরিচালক ড,চাকরির বয়স বাড়ানোর ব্যাপারে জানতে চাইলে বাকরিবীর জনসংযোগ ও প্রকাশনা দপ্তরের পরিচালক ড।,0.1538,0.0541,ok
kathbath/bengali/wavs/844424930500898-1161-m.wav,/Users/monujgogoi/Downloads/kathbath/bengali/wavs/844424930500898-1161-m.wav,6.19975,রুহুল কুদ্দুস ও বিচারপতি খন্দকার দিলীরুজ্জামানের হাইকোর্ট বেঞ্চে আবেদনটি উপস্থাপনের পর শুনানির,রুহুল কুদ্দুস ও বিচারপতি খন্দাঘাট দিলুজ্জামানের হাইকোর্ট বেঞ্চে আবেদনটি উপস্থাপনের পর শুনানির।,0.25,0.0723,ok
kathbath/bengali/wavs/844424931279036-417-m.wav,/Users/monujgogoi/Downloads/kathbath/bengali/wavs/844424931279036-417-m.wav,7.73225,প্রায় ৩৮ কোটি রিয়াল আত্মসাতের অভিযোগে ২৯৮ সৌদি কর্মকর্তা আটক,প্রায় 38 কোটি রিয়াল আত্মসাতের অভিযোগে 298 সৌদি কর্মকর্তা আটক।,0.3,0.1132,ok
kathbath/bengali/wavs/844424930470354-210-m.wav,/Users/monujgogoi/Downloads/kathbath/bengali/wavs/844424930470354-210-m.wav,7.36075,নাম শুনে থাকলেও আমরা অনেকেই জানি না বিশ্বের এমনই সব আগ্নেয়গিরির ভয়াবহতা সম্পর্কে,নাম শুনে থাকলেও আমরা অনেকেই জানি না বিশ্বের এমনই সব আগ্নগিরির ভয়াবহতা সম্পর্কে।,0.1538,0.0571,ok
kathbath/bengali/wavs/844424930940975-417-m.wav,/Users/monujgogoi/Downloads/kathbath/bengali/wavs/844424930940975-417-m.wav,8.0805625,বিশ্ববিদ্যালয়ের উপাচার্য ও অ্যালামনাই অ্যাসোসিয়েসনের প্রধান পৃষ্ঠপোষক অধ্যাপক ড,বিশ্ববিদ্যালয়ের উপাচার্য ও অ্যালুমিনি অ্যাসোসিয়েশনের প্রধান পৃষ্ঠপোষক অধ্যাপক ডঃ।,0.3333,0.0959,ok
kathbath/bengali/wavs/844424930626997-210-m.wav,/Users/monujgogoi/Downloads/kathbath/bengali/wavs/844424930626997-210-m.wav,7.5000625,মেডিকেল বোর্ডের এই পাঁচ সদস্য ওবায়দুল কাদেরকে নিবিড় পর্যবেক্ষণ করছেন বলে জানান ডা,মেডিকেল বোর্ডের এই পাঁচ সদস্য ওবায়দুল কাদেরকে নিবিড় পর্যবেক্ষণ করছেন বলে জানান ডা।,0.0769,0.0141,ok
kathbath/bengali/wavs/844424930627022-210-m.wav,/Users/monujgogoi/Downloads/kathbath/bengali/wavs/844424930627022-210-m.wav,6.3855,কাজ ছাড়া করিনা কাপুরের জীবনে অন্য কিছু নেই বলেও মন্তব্য করেন সারা আলি খান,কাজ ছাড়া করিনা কাপুরের জীবনে অন্য কিছু নেই বলেও মন্তব্য করেন সারা আলী খান।,0.1429,0.0328,ok
kathbath/bengali/wavs/844424930550867-1161-m.wav,/Users/monujgogoi/Downloads/kathbath/bengali/wavs/844424930550867-1161-m.wav,6.0371875,মিয়ানমার সেনাবাহিনীর নির্যাতনের মুখে জীবন বাঁচাতে পালিয়ে আসা রোহিঙ্গাদের সমাবেশ,মিয়ানমার সেনাবাহিনীর নির্যাতনের মুখে জীবন বাঁচাতে গিয়ে পালিয়ে আসা রোহিঙ্গাদের সমাবেশ।,0.2,0.0833,ok
kathbath/bengali/wavs/844424930627043-210-m.wav,/Users/monujgogoi/Downloads/kathbath/bengali/wavs/844424930627043-210-m.wav,4.9690625,এডিলেড টেস্টের জন্য ১২ জনের দল ঘোষণা টিম ইন্ডিয়ার,অ্যাডিলেড টেস্টের জন্য ১২ জনের দল ঘোষণা টিম ইন্ডিয়ার।,0.2222,0.119,ok
kathbath/bengali/wavs/844424930753526-372-m.wav,/Users/monujgogoi/Downloads/kathbath/bengali/wavs/844424930753526-372-m.wav,8.3591875,এটি ধারওয়াড় জেলায় অবস্থিত। এটি তপসিলী জাতিদের জন্য সংরক্ষিত আসন,এটি ধারওয়াড় জেলায় অবস্থিত। এটি তফসিলি যাত্রীদের জন্য সংরক্ষিত আসন।,0.3,0.1228,ok
kathbath/bengali/wavs/844424930935312-502-m.wav,/Users/monujgogoi/Downloads/kathbath/bengali/wavs/844424930935312-502-m.wav,4.1331875,গত বছর একটি চিনা সংস্থার কাছে হোটেলটি বিক্রি করে দেওয়া হয়,গত বছর একটি চীনা সংস্থার কাছে হোটেলটি বিক্রি করে দেওয়া হয়।,0.1818,0.0408,ok
kathbath/bengali/wavs/844424930935280-502-m.wav,/Users/monujgogoi/Downloads/kathbath/bengali/wavs/844424930935280-502-m.wav,5.1548125,কিন্তু ভারতীয় শুটিং সংস্থার দ্বারা নির্মীত কোর গ্রুপে নেই বাংলার দুই শুটার,কিন্তু ভারতীয় শুটিং সংস্থার দ্বারা নির্মিত কোর গ্রুপে নেই বাংলার দুই শুটার।,0.1667,0.0312,ok
kathbath/bengali/wavs/844424930554279-502-m.wav,/Users/monujgogoi/Downloads/kathbath/bengali/wavs/844424930554279-502-m.wav,6.2461875,এদিকে ভুল চিকিৎসায় রোগীর মৃত্যুর অভিযোগের প্রেক্ষাপটে সিরাজগঞ্জের সিভিল সার্জন ডা,এদিকে ভুল চিকিৎসায় রোগীর মৃত্যুর অভিযোগের প্রেক্ষাপটে সিরাজগঞ্জের সিভিল সার্জনা,0.1818,0.0139,ok
kathbath/bengali/wavs/844424930550817-1161-m.wav,/Users/monujgogoi/Downloads/kathbath/bengali/wavs/844424930550817-1161-m.wav,4.4118125,বর্তমানে খুব ভাল বন্ধু পার্থিব প্যাটেল ও ম্যাথু হেডেন,বর্তমানে খুব ভালো বন্ধু পার্থিব প্যাটেল ও ম্যাথু হেডেন।,0.2222,0.0444,ok
kathbath/bengali/wavs/844424930940937-417-m.wav,/Users/monujgogoi/Downloads/kathbath/bengali/wavs/844424930940937-417-m.wav,6.501625,আগামি মোবাইল কংগ্রেসে লঞ্চ হবে প্রথম অ্যানড্রয়েড গো স্মার্টফোন,আগামী মোবাইল কংগ্রেসে লঞ্চ হবে প্রথম অ্যান্ড্রয়েড গো স্মার্টফোন।,0.3333,0.0545,ok
kathbath/bengali/wavs/844424930470370-210-m.wav,/Users/monujgogoi/Downloads/kathbath/bengali/wavs/844424930470370-210-m.wav,6.3390625,বহু দক্ষিণী ছবিতে অভিনয়ের সুবাদে বিশাল ভক্ত সংখ্যা হয়েছে,বহু দক্ষিণী ছবিতে অভিনয়ের সুবাদে বিশাল ভক্ত সংখ্যা হয়েছে।,0.1111,0.02,ok
kathbath/bengali/wavs/844424930940951-417-m.wav,/Users/monujgogoi/Downloads/kathbath/bengali/wavs/844424930940951-417-m.wav,7.3143125,হোম কোয়ারেন্টাইন না মানায় প্রবাসীকে ১০ হাজার টাকা জরিমানা,"হোম কোয়ারেন্টাইন না মানায় প্রবাসীকে ১০,০০০ টাকা জরিমানা।",0.3333,0.1176,ok
kathbath/bengali/wavs/844424931278974-417-m.wav,/Users/monujgogoi/Downloads/kathbath/bengali/wavs/844424931278974-417-m.wav,5.61925,বিকেল ৫ টায় শুরু হয়ে বৈঠক শেষ হয় সন্ধ্যা সাড়ে ৭ টার,বিকেল পাঁচটায় শুরু হয়ে বৈঠক শেষ হয় সন্ধ্যে সাড়ে সাতটার।,0.4167,0.2045,ok
kathbath/bengali/wavs/844424930436725-253-m.wav,/Users/monujgogoi/Downloads/kathbath/bengali/wavs/844424930436725-253-m.wav,5.503125,আদালত জানিয়েছে সমাজে সমানাধিকার ও নাগরিক অধিকারের জন্য দলিতদের লড়াই এখনও শেষ হয়নি,আদালত জানিয়েছে সমাজের সমানাধিকার ও নাগরিক অধিকারের জন্য দলিতদের লড়াই এখনও শেষ হয়নি।,0.1538,0.0278,ok
kathbath/bengali/wavs/844424930940961-417-m.wav,/Users/monujgogoi/Downloads/kathbath/bengali/wavs/844424930940961-417-m.wav,10.4025625,বাঁকুড়া শহরের ১২ নম্বর ওয়ার্ডের কালীতলা এলাকায় বাঁকুড়া গার্লস স্কুল সংলগ্ন প্রাচীন একটি বাড়িতে এক,বাঁকুড়া শহরের 12 নম্বর ওয়ার্ডের কালীতলা এলাকায় বাঁকুড়া গার্লস স্কুল সংলগ্ন প্রাচীন একটি বাড়িতে এক।,0.1333,0.0341,ok
kathbath/bengali/wavs/844424930554242-502-m.wav,/Users/monujgogoi/Downloads/kathbath/bengali/wavs/844424930554242-502-m.wav,4.5046875,লিটন হায়দার ও উত্তম সেন গুপ্ত বিডিনিউজ টোয়েন্টিফোর ডটকম,লিটন হায়দার ও উত্তম সেনগুপ্ত বিডি নিউজ টোয়েন্টিফোর ডট কম,0.5556,0.0,ok
kathbath/bengali/wavs/844424931279062-417-m.wav,/Users/monujgogoi/Downloads/kathbath/bengali/wavs/844424931279062-417-m.wav,7.2910625,এটি উত্তর কন্নড় জেলায় অবস্থিত। এটি একটি অসংরক্ষিত আসন,এটি উত্তর কন্নড় জেলায় অবস্থিত। এটি একটি অসংরক্ষিত আসন।,0.1111,0.0213,ok
kathbath/bengali/wavs/844424931233409-1035-m.wav,/Users/monujgogoi/Downloads/kathbath/bengali/wavs/844424931233409-1035-m.wav,10.170375,মরফিন সম্পর্কিত যাবতীয় কুসংস্কার ও ভ্রান্ত ধারণা সম্পর্কে বক্তব্য রাখেন অস্ট্রেলিয়ার চিকিৎসক ডা,মরফিন সম্পর্কিত যাবতীয় কুসংস্কার ও ভ্রান্ত ধারণা সম্পর্কে বক্তব্য রাখেন অস্ট্রেলিয়ার চিকিৎসক ডা।,0.0769,0.0118,ok
kathbath/bengali/wavs/844424930753588-372-m.wav,/Users/monujgogoi/Downloads/kathbath/bengali/wavs/844424930753588-372-m.wav,7.3839375,ইমার্জেন্সি রুমে করোনা রোগীদের নিয়ে লড়াইয়ের বর্ণনা দিলেন চিকিৎসক,ইমার্জেন্সি রুমে করোনা রোগীদের নিয়ে লড়াইয়ের বর্ণনা দিলেন চিকিৎসক।,0.1111,0.0169,ok
kathbath/bengali/wavs/844424930464158-1161-m.wav,/Users/monujgogoi/Downloads/kathbath/bengali/wavs/844424930464158-1161-m.wav,4.5975625,ইভিএমে ভোটার কম ১৮৬ আসনে ৮০ শতাংশের বেশি ভোট,ইভিএমে ভোটার কম 186 আসনে 80 শতাংশের বেশি ভোট।,0.3333,0.1667,ok
kathbath/bengali/wavs/844424930500917-1161-m.wav,/Users/monujgogoi/Downloads/kathbath/bengali/wavs/844424930500917-1161-m.wav,4.760125,ওআইসির মিয়ানমার বিষয়ক কন্টাক্ট গ্রুপে বক্তব্য রাখছেন প্রেসিডেন্ট রুহানি,ওয়াইসির মিয়ানমার বিষয়ক কন্ট্রাক্ট গ্রুপে বক্তব্য রাখছেন প্রেসিডেন্ট রুহানি।,0.3333,0.0923,ok
kathbath/bengali/wavs/844424930773508-372-m.wav,/Users/monujgogoi/Downloads/kathbath/bengali/wavs/844424930773508-372-m.wav,9.6130625,রাজধানীর হোটেল সোনারগাঁওয়ের বলরুমে অনুষ্ঠানে নিয়ন্ত্রণ সংস্থা বাংলাদেশ পরমাণু শক্তি,রাজধানীর হোটেল সোনারগাঁওয়ের বলরুমে অনুষ্ঠানে নিয়ন্ত্রণ সংস্থা বাংলাদেশ পরমাণু শক্তি।,0.1,0.0132,ok
kathbath/bengali/wavs/844424930627019-210-m.wav,/Users/monujgogoi/Downloads/kathbath/bengali/wavs/844424930627019-210-m.wav,7.616125,ডোনাল্ড ট্রাম্পের মেক্সিকো বিরোধী বক্তব্যের প্রভাব ঝেড়ে ফেলেই সহযোগিতার হাত বাড়িয়ে দিয়েছে মেক্সিকো,ডোনাল্ড ট্রাম্পের মেক্সিকো বিরোধী বক্তব্যের প্রভাব ঝেড়ে ফেলেই সহযোগিতার হাত বাড়িয়ে দিয়েছে মেক্সিকো।,0.0769,0.0111,ok
kathbath/bengali/wavs/844424931239792-1035-m.wav,/Users/monujgogoi/Downloads/kathbath/bengali/wavs/844424931239792-1035-m.wav,8.034125,পূর্ণ রাষ্ট্রীয় মর্যাদায় আজ কেওড়াতলা মহাশ্মশানে শেষ শ্রদ্ধা জানানো হল অভিনেতা তাপস পালকে,পূর্ণ রাষ্ট্রীয় মর্যাদায় আজ কেওড়াতলা মহাশশানে শেষ শ্রদ্ধা জানানো হলো অভিনেতা তাপস পালকে।,0.2308,0.0506,ok
kathbath/bengali/wavs/844424930773519-372-m.wav,/Users/monujgogoi/Downloads/kathbath/bengali/wavs/844424930773519-372-m.wav,12.0279375,গোয়ালন্দের সুধীর সরকার ১৯৫৮ সালে উলিপুরে এসে মিষ্টির কারিগর হিসেবে চাকরি নেন কছির মিয়ার রেস্টুরেন্টে,গোয়ালন্দের সুধীর সরকার ১৯৫৮ সালে উকিলপুরে এসে মিষ্টির কারিগর হিসেবে চাকরি নেন কোছির মিয়ার রেস্টুরেন্টে।,0.2,0.0455,ok
kathbath/bengali/wavs/844424930940932-417-m.wav,/Users/monujgogoi/Downloads/kathbath/bengali/wavs/844424930940932-417-m.wav,7.7786875,এস ডলার প্রিমিয়াম বন্ড ৭ দশমিক ৫ শতাংশ ও ইউ,এস ডলার প্রিমিয়াম বন্ড ৭.৫ শতাংশ ও ইউ।,0.4,0.1714,ok
kathbath/bengali/wavs/844424930436663-253-m.wav,/Users/monujgogoi/Downloads/kathbath/bengali/wavs/844424930436663-253-m.wav,3.2275625,ওই ঘটনায় গত বছরের ৬ নভেম্বর আবরারের বাবা মো,ওই ঘটনায় গত বছরের 6 নভেম্বর আবরারের বাবা মো।,0.2222,0.0556,ok
kathbath/bengali/wavs/844424930470375-210-m.wav,/Users/monujgogoi/Downloads/kathbath/bengali/wavs/844424930470375-210-m.wav,6.1765,সব মন্তব্যের জন্য বেপরোয়া বাইকের দাপটে নাজেহাল রাতের কলকাতা,সব মন্তব্যের জন্য বেপরোয়া বাইকের দাপটে নাজেহাল রাতের কলকাতা।,0.1111,0.0192,ok
kathbath/bengali/wavs/844424930436721-253-m.wav,/Users/monujgogoi/Downloads/kathbath/bengali/wavs/844424930436721-253-m.wav,2.9721875,স্বাস্থ্য ফেরাতে রেলকে দিশা ঠিক করতে বলল স্থায়ী কমিটি,স্বাস্থ্য ফেরাতে রেলকে দিশা ঠিক করতে বলল স্থায়ী কমিটি।,0.1111,0.0217,ok
kathbath/bengali/wavs/844424930627040-210-m.wav,/Users/monujgogoi/Downloads/kathbath/bengali/wavs/844424930627040-210-m.wav,6.8963125,মোঃ আবু তাহেরের কাছে এ অভিযোগ দেন ইংরেজি বিভাগের সহযোগী অধ্যাপক ড,মো আবু তাহেরের কাছে এ অভিযোগ দেন ইংরেজি বিভাগের সহযোগী অধ্যাপক ডঃ।,0.1667,0.0556,ok
kathbath/bengali/wavs/844424930753574-372-m.wav,/Users/monujgogoi/Downloads/kathbath/bengali/wavs/844424930753574-372-m.wav,8.6378125,ঘৃতং চ মে মধু চ মে সগ্ধিশ্চ মে সপীতিশ্চ মে,ঘৃতং চমে মধু চমে সগ্ধিশ্চমে সপিতিশ্চমে।,0.8,0.0606,ok
kathbath/bengali/wavs/844424930627048-210-m.wav,/Users/monujgogoi/Downloads/kathbath/bengali/wavs/844424930627048-210-m.wav,8.800375,প্রচুর ডেটিং অ্যাপ এইচটিটিপিএস সিকিউরিটি ভালভাবে ব্যবহার না করায় এই নিরাপত্তা ঝুঁকির সৃষ্টি হয়েছে,প্রচুর ডেটিং অ্যাপ এইচটিটিপিএস সিকিউরিটি ভালোভাবে ব্যবহার না করায় এই নিরাপত্তা ঝুঁকির সৃষ্টি হয়েছে।,0.1429,0.0233,ok
kathbath/bengali/wavs/844424930470421-210-m.wav,/Users/monujgogoi/Downloads/kathbath/bengali/wavs/844424930470421-210-m.wav,7.6858125,শেষ মুহূর্তে মোসাদ্দেক হোসেন সৈকতকে বিশ্বকাপের দলে অন্তর্ভুক্ত করা হয় ব্যাকআপ হিসেবে,শেষ মুহূর্তে মোসাদ্দেক হোসেন সৈকতকে বিশ্বকাপের দলে অন্তর্ভুক্ত করা হয় ব্যাকআপ হিসাবে।,0.0833,0.027,ok
kathbath/bengali/wavs/844424930693472-372-m.wav,/Users/monujgogoi/Downloads/kathbath/bengali/wavs/844424930693472-372-m.wav,12.863875,সুপ্রিম কোর্টের সামনে মোটরসাইকেলে আগুন দিয়ে নাশকতার অভিযোগে করা মামলায় বিএনপি মহাসচিব মির্জা ফখরু,সুপ্রিম কোর্টের সামনে মোটরসাইকেলে আগুন দিয়ে নাশকতার অভিযোগে করা মামলায় বিএনপি মহাসচিব মির্জা ফখরু।,0.0714,0.0116,ok
kathbath/bengali/wavs/844424930773489-372-m.wav,/Users/monujgogoi/Downloads/kathbath/bengali/wavs/844424930773489-372-m.wav,7.52325,যুক্তরাষ্ট্রে রফতানি ৩৫ বছরের সর্বনিম্নে নামাতে পারে সৌদি আরব,যুক্তরাষ্ট্রে রপ্তানি পঁয়ত্রিশ বছরের সর্বনিম্নে নামাতে পারে সৌদি আরব।,0.3333,0.2264,ok
kathbath/bengali/wavs/844424931233421-1035-m.wav,/Users/monujgogoi/Downloads/kathbath/bengali/wavs/844424931233421-1035-m.wav,11.2616875,মাসুদুল আলম ছাড়া গতকাল যাঁদের জিজ্ঞাসাবাদ করা হয়েছে তাঁরা হলেন গণপূর্ত বিভাগের উপবিভাগীয় প্রকৌশলী মো,মাসুদুল আলম ছাড়া গতকাল যাদের জিজ্ঞাসাবাদ করা হয়েছে তারা হলেন গণপূর্ত বিভাগের উপবিভাগীয় প্রকৌশলী মো।,0.2,0.0337,ok
kathbath/bengali/wavs/844424930464197-1161-m.wav,/Users/monujgogoi/Downloads/kathbath/bengali/wavs/844424930464197-1161-m.wav,4.1331875,এক মুহূর্তের জন্য সমস্ত মৃতেরাও জেগে উঠে ধন্যবাদ দিয়ে যাবে,এক মুহূর্তের জন্য সমস্ত মৃতেরাও জেগে উঠে ধন্যবাদ দিয়ে যাবে।,0.1,0.02,ok
kathbath/bengali/wavs/844424930940984-417-m.wav,/Users/monujgogoi/Downloads/kathbath/bengali/wavs/844424930940984-417-m.wav,4.5975625,অনুমতি ছাড়াই বাড়তি কিছু খাতা কেন্দ্রের বাইরে আনা হয়,অনুমতি ছাড়াই বাড়তি কিছু খাতা কেন্দ্রের বাইরে আনা হয়।,0.1111,0.0217,ok
kathbath/bengali/wavs/844424930707888-210-m.wav,/Users/monujgogoi/Downloads/kathbath/bengali/wavs/844424930707888-210-m.wav,7.0356875,সবুজপত্রে প্রকাশিত গল্পগুলির একটিতে এক অসাধারণ প্রাণীর পয়ারে বর্ণনা ছিল,সবুজপত্রে প্রকাশিত গল্পগুলির একটিতে এক অসাধারণ প্রাণীর পয়ারে বর্ণনা ছিল।,0.1,0.0159,ok
kathbath/bengali/wavs/844424930693470-372-m.wav,/Users/monujgogoi/Downloads/kathbath/bengali/wavs/844424930693470-372-m.wav,9.171875,আলোচনা অনুষ্ঠানে বক্তব্য রাখেন রাজশাহী সরকারি কলেজের অধ্যক্ষ মহা,আলোচনা অনুষ্ঠানে বক্তব্য রাখেন রাজশাহী সরকারি কলেজের অধ্যক্ষ মহা।,0.1111,0.0179,ok
kathbath/bengali/wavs/844424931233453-1035-m.wav,/Users/monujgogoi/Downloads/kathbath/bengali/wavs/844424931233453-1035-m.wav,7.6858125,অনেক সময় ভয় দেখিয়েও হেঁচকি থামানো সম্ভব বলে মনে করেন চিকিৎসকরা,অনেক সময় ভয় দেখিয়েও হেঁচকি থামানো সম্ভব বলে মনে করেন চিকিৎসকরা।,0.0909,0.0182,ok
kathbath/bengali/wavs/844424930773526-372-m.wav,/Users/monujgogoi/Downloads/kathbath/bengali/wavs/844424930773526-372-m.wav,8.127,একটি কমেডি সিরিজ মধ্যে একটি পুরুষ অভিনেতা দ্বারা অসাম্য অভিনয়,একটি কমেডি সিরিজ মধ্যে একটি পুরুষ অভিনেতা দ্বারা অসামান্য অভিনয়।,0.2,0.0566,ok
kathbath/bengali/wavs/844424931233441-1035-m.wav,/Users/monujgogoi/Downloads/kathbath/bengali/wavs/844424931233441-1035-m.wav,9.68275,সেমিনারে মূল প্রবন্ধ উপস্থাপন করেন ঢাকা বিশ্ববিদ্যালয়ের বাণিজ্য অনুষদের সাবেক ডিন অধ্যাপক ড,সেমিনারে মূল প্রবন্ধ উপস্থাপন করেন ঢাকা বিশ্ববিদ্যালয়ের বাণিজ্য অনুষদের সাবেক ডিন অধ্যাপক ডঃ।,0.0769,0.025,ok
kathbath/bengali/wavs/844424930436691-253-m.wav,/Users/monujgogoi/Downloads/kathbath/bengali/wavs/844424930436691-253-m.wav,3.6455625,এলাকার তৃণমূল কাউন্সিলরের বিরুদ্ধে অভিযোগের আঙুল তুললেন বিজেপি নেত্রী,এলাকার তৃণমূল কাউন্সিলরের বিরুদ্ধে অভিযোগ করে আঙুল তুললেন বিজেপি নেত্রী।,0.3333,0.0492,ok
kathbath/bengali/wavs/844424930773588-372-m.wav,/Users/monujgogoi/Downloads/kathbath/bengali/wavs/844424930773588-372-m.wav,5.99075,ঢাকার সব গ্যাং নিশ্চিহ্ন করে দেওয়ার ঘোষণা ডিএমপি কমিশনারের,ঢাকার সব গ্যাং নিশ্চিহ্ন করে দেওয়ার ঘোষণা ডিএমপি কমিশনারের।,0.1111,0.0196,ok
kathbath/bengali/wavs/844424930935254-502-m.wav,/Users/monujgogoi/Downloads/kathbath/bengali/wavs/844424930935254-502-m.wav,6.757,দিল্লিঃ ভারতের রাজধানী নয়াদিল্লিতে যুক্তরাষ্ট্রের বিপাবলিকান দলীয় প্রেসিডেন্ট প্রার্থী ডোনান্ড ট্রাম্পের,দিল্লি ভারতের রাজধানী নয়াদিল্লিতে যুক্তরাষ্ট্রের রিপাবলিকান দলীয় প্রেসিডেন্ট প্রার্থী ডোনাল্ড ট্রাম্পের।,0.3636,0.0417,ok
kathbath/bengali/wavs/844424930940976-417-m.wav,/Users/monujgogoi/Downloads/kathbath/bengali/wavs/844424930940976-417-m.wav,7.175,বেগতিক দেখে পরিস্থিতি সামাল দিতে নিজেই টুইট করলেন প্রধানমন্ত্রী,বেগতিক দেখে পরিস্থিতি সামাল দিতে নিজেই টুইট করলেন প্রধানমন্ত্রী।,0.1111,0.0182,ok
kathbath/bengali/wavs/844424930436750-253-m.wav,/Users/monujgogoi/Downloads/kathbath/bengali/wavs/844424930436750-253-m.wav,3.366875,আমি তার হাতে একটি চীনা মেনু সঙ্গে একটি ওয়েস্টবোর্ড দেখেছি,আমি তার হাতে একটি চীনা মেনু সঙ্গে একটি ওয়েস্ট পোর্ট দেখেছি।,0.3,0.0612,ok
kathbath/bengali/wavs/844424930753569-372-m.wav,/Users/monujgogoi/Downloads/kathbath/bengali/wavs/844424930753569-372-m.wav,8.614625,মা তারা এমন এক শক্তি যেখানে তিন টান এক করলেই তাঁর দর্শন পাওয়া যায়,মা তারা এমন এক শক্তি যেখানে তিন টান এক করলেই তার দর্শন পাওয়া যায়।,0.1429,0.037,ok
kathbath/bengali/wavs/844424930773541-372-m.wav,/Users/monujgogoi/Downloads/kathbath/bengali/wavs/844424930773541-372-m.wav,7.453625,রাত বারোটায় জাহাজের সাইরেনে নতুনের আহ্বান এখন শুধুই স্মৃতিপটে,রাত ১২টায় জাহাজের সাইরেনে নতুনের আহ্বান এখন শুধুই স্মৃতিপটে।,0.2222,0.0926,ok
kathbath/bengali/wavs/844424931233435-1035-m.wav,/Users/monujgogoi/Downloads/kathbath/bengali/wavs/844424931233435-1035-m.wav,7.430375,কখন এবং কিভাবে একটি ব্ল্যাঙ্কেট রিয়েল এস্টেট বন্ধক ব্যবহার করুন,কখন এবং কিভাবে একটি ব্ল্যাঙ্কেট রিয়েল এস্টেট বন্ধক ব্যবহার করুন,0.0,0.0,ok
kathbath/bengali/wavs/844424930935319-502-m.wav,/Users/monujgogoi/Downloads/kathbath/bengali/wavs/844424930935319-502-m.wav,3.6223125,পদ্মা সেতু নিয়ে গুজব ছড়ানোয় পাঁচ জেলায় আটক ৭,পদ্মা সেতু নিয়ে গুজব ছড়ানোয় পাঁচ জেলায় আটকসাত।,0.2222,0.1,ok
kathbath/bengali/wavs/844424930554274-502-m.wav,/Users/monujgogoi/Downloads/kathbath/bengali/wavs/844424930554274-502-m.wav,4.0635,আটক ব্যক্তিরা হলো ভুয়াপুর উপজেলার মজনু মিয়ার ছেলে মো,আটক ব্যক্তিরা হলো ভুয়াপুর উপজেলার মজনু মিয়ার ছেলে মো।,0.1111,0.0217,ok
kathbath/bengali/wavs/844424930773517-372-m.wav,/Users/monujgogoi/Downloads/kathbath/bengali/wavs/844424930773517-372-m.wav,7.3375,লোহাগড়ায় অবসর ভাতাভোগী তিন হাজার বৃদ্ধ বয়সে ভাতা নেওয়ার যন্ত্রণা,লোহা গড়ায় অবসর ভাতাভোগী তিন হাজার বৃদ্ধ বয়সে ভাতা নেওয়ার যন্ত্রণা।,0.3,0.0169,ok
kathbath/bengali/wavs/844424930693499-372-m.wav,/Users/monujgogoi/Downloads/kathbath/bengali/wavs/844424930693499-372-m.wav,8.127,সাধারণ মানুষের দেখার ও শেখার জন্য কোচটি প্রদর্শিত হবে,সাধারণ মানুষের দেখার ও শেখার জন্য কোচটি প্রদর্শিত হবে।,0.1111,0.0222,ok
kathbath/bengali/wavs/844424930773527-372-m.wav,/Users/monujgogoi/Downloads/kathbath/bengali/wavs/844424930773527-372-m.wav,8.336,বিয়ানীবাজারে খাসা প্রাইমারি স্কুলে একুশ উদযাপন ও দেয়ালিকা প্রকাশ,বিয়ানীবাজারে খাসা প্রাইমারি স্কুলে একুশ উদযাপন ও দেয়ালিকা প্রকাশ।,0.1111,0.0172,ok
kathbath/bengali/wavs/844424930436748-253-m.wav,/Users/monujgogoi/Downloads/kathbath/bengali/wavs/844424930436748-253-m.wav,2.8560625,এ ধরনের কয়েকটি বিপুল জনপ্রিয় গেম হলো কল অফ,এ ধরনের কয়েকটি বিপুল জনপ্রিয় গেম হলো কল অফ।,0.1111,0.0278,ok
kathbath/bengali/wavs/844424931233381-1035-m.wav,/Users/monujgogoi/Downloads/kathbath/bengali/wavs/844424931233381-1035-m.wav,6.0604375,কারণ হঠাৎ ওজন কমে যাওয়া হতে পারে বড় কোনো রোগের লক্ষণ,কারণ হঠাৎ ওজন কমে যাওয়া হতে পারে বড় কোনো রোগের লক্ষণ।,0.0909,0.0227,ok
kathbath/bengali/wavs/844424931239841-1035-m.wav,/Users/monujgogoi/Downloads/kathbath/bengali/wavs/844424931239841-1035-m.wav,5.03875,দেশের এই শহরে রাস্তা নোংরা করলে যেতে হবে জেলে,দেশের এই শহরে রাস্তা নোংরা করলে যেতে হবে জেলে।,0.1111,0.027,ok
kathbath/bengali/wavs/844424930935264-502-m.wav,/Users/monujgogoi/Downloads/kathbath/bengali/wavs/844424930935264-502-m.wav,5.6424375,ক্লাসিক বোর্ড গেম কানাডিয়ান ক্রিস হ্যানি এবং স্কট অ্যাবট দ্বারা উদ্ভাবিত হয়েছিল,ক্লাসিক বোর্ড গেম কানাডিয়ান ক্রিস হ্যানি এবং স্কট অ্যাবর্ড দ্বারা উদ্ভাবিত হয়েছিল।,0.1667,0.0571,ok
kathbath/bengali/wavs/844424930554292-502-m.wav,/Users/monujgogoi/Downloads/kathbath/bengali/wavs/844424930554292-502-m.wav,4.1331875,২৯ বছর বয়সী মিডফিল্ডার জার্মানির মাঝমাঠে তো আলো ছড়িয়ে,ঊনত্রিশ বছর বয়সী মিডফিল্ডার জার্মানির মাঝমাঠে তো আলো ছড়িয়ে।,0.2222,0.1667,ok
kathbath/bengali/wavs/844424930626994-210-m.wav,/Users/monujgogoi/Downloads/kathbath/bengali/wavs/844424930626994-210-m.wav,9.8685,বিচার বিভাগের স্বাধীনতা ধ্বংস করে বিএনপি চেয়ারপারসনের খালেদা জিয়ার জামিন নিয়ে সরকার নানা ষড়যন্ত্র করছে,বিচার বিভাগের স্বাধীনতা ধ্বংস করে বিএনপি চেয়ারপার্সনের খালেদা জিয়ার জামিন নিয়ে সরকার নানা ষড়যন্ত্র করছে,0.0667,0.0109,ok
kathbath/bengali/wavs/844424930773576-372-m.wav,/Users/monujgogoi/Downloads/kathbath/bengali/wavs/844424930773576-372-m.wav,6.664125,স্বাধীনতার আগে ওই বাড়ির মালিক ছিলেন পাকিস্তানি নাগরিক মো,স্বাধীনতার আগে ওই বাড়ির মালিক ছিলেন পাকিস্তানি নাগরিক মোঃ।,0.1111,0.0408,ok
kathbath/bengali/wavs/844424930554282-502-m.wav,/Users/monujgogoi/Downloads/kathbath/bengali/wavs/844424930554282-502-m.wav,4.5743125,দিন কয়েক আগে ওই পরিমাণ শব্দবাজি অবৈধ বলে আলিপুর এলাকায়,দিন কয়েক আগে ওই পরিমাণ শব্দবাজি অবৈধ বলে আলিপুর এলাকায়।,0.1,0.0213,ok
kathbath/bengali/wavs/844424930693460-372-m.wav,/Users/monujgogoi/Downloads/kathbath/bengali/wavs/844424930693460-372-m.wav,8.68425,ঢামেক হাসপাতালে ভর্তি করা হয়েছে ব্যারিস্টার রফিকুল ইসলাম মিয়াকে,ঢামেক হাসপাতালে ভর্তি করা হয়েছে ব্যারিস্টার রফিকুল ইসলাম মিয়াকে।,0.1111,0.0175,ok
kathbath/bengali/wavs/844424930464244-1161-m.wav,/Users/monujgogoi/Downloads/kathbath/bengali/wavs/844424930464244-1161-m.wav,3.5294375,সেখান থেকে দীর্ঘ কয়েক বছর একে অপরকে ডেট করেন তাঁরা,সেখান থেকে দীর্ঘ কয়েক বছর একে অপরকে ডেট করেন তারা।,0.1,0.0476,ok
kathbath/bengali/wavs/844424930935327-502-m.wav,/Users/monujgogoi/Downloads/kathbath/bengali/wavs/844424930935327-502-m.wav,6.8963125,একটি সমীক্ষার ফলাফল থেকে এ তথ্য বেরিয়ে এসেছে বলে জানিয়েছেন ডিমেনশিয়ার পর্তুগিজ গবেষক ড,একটি সমীক্ষার ফলাফল থেকে এ তথ্য বেরিয়ে এসেছে বলে জানিয়েছেন ডিম্নেশিয়ার পর্তুগিজ গবেষকরা।,0.2143,0.0658,ok
kathbath/bengali/wavs/844424930436700-253-m.wav,/Users/monujgogoi/Downloads/kathbath/bengali/wavs/844424930436700-253-m.wav,3.9938125,অন্যদিকে খাজুরিয়া লক্ষ্মীপুর ছোবহানিয়া উচ্চ বিদ্যালয়ের প্রধান শিক্ষক মো,অন্যদিকে খাজুরিয়া লক্ষ্মীপুর ছোভানিয়া উচ্চবিদ্যালয়ের প্রধান শিক্ষক মো.,0.4444,0.0455,ok
kathbath/bengali/wavs/844424931279043-417-m.wav,/Users/monujgogoi/Downloads/kathbath/bengali/wavs/844424931279043-417-m.wav,7.1053125,বিভিন্ন দেশও আন্তর্জাতিক প্রতিষ্ঠান ও আইনের সাথে তাল মিলিয়ে পরিবেশ রক্ষা,বিভিন্ন দেশেও আন্তর্জাতিক প্রতিষ্ঠান ও আইনের সাথে তাল মিলিয়ে পরিবেশ রক্ষা।,0.1818,0.0317,ok
kathbath/bengali/wavs/844424930436680-253-m.wav,/Users/monujgogoi/Downloads/kathbath/bengali/wavs/844424930436680-253-m.wav,4.24925,আবদুর রহমানের ঘনিষ্ট ব্যক্তি হিসেবে পরিচিত উপজেলা আওয়ামী লীগের সাধারণ সম্পাদক মো,আব্দুর রহমানের ঘনিষ্ঠ ব্যক্তি হিসেবে পরিচিত উপজেলা আহামী লীগের সাধারণ সম্পাদক মো.,0.3333,0.0857,ok
kathbath/bengali/wavs/844424930436743-253-m.wav,/Users/monujgogoi/Downloads/kathbath/bengali/wavs/844424930436743-253-m.wav,6.083625,দিল্লির সহিংসতাকে ফ্যাসিবাদী বনাম ফ্যাসিবাদ বিরোধীদের যুদ্ধ হিসেবে উল্লেখ করেছেন প্রখ্যাত এই লেখক,দিল্লির সহিংসতাকে ফ্যাসিবাদী বনাম ফ্যাসিবাদ বিরোধীদের যুদ্ধ হিসেবে উল্লেখ করেছেন প্রখ্যাত এই লেখক।,0.0769,0.0118,ok
kathbath/bengali/wavs/844424930470364-210-m.wav,/Users/monujgogoi/Downloads/kathbath/bengali/wavs/844424930470364-210-m.wav,5.0851875,আর কোনো একতরফা নির্বাচন নয় ৫ জানুয়ারির চার বছর,আর কোনও একতরফা নির্বাচন নয় 5 জানুয়ারির 4 বছর।,0.4444,0.15,ok
kathbath/bengali/wavs/844424930753516-372-m.wav,/Users/monujgogoi/Downloads/kathbath/bengali/wavs/844424930753516-372-m.wav,5.688875,আপনি কাদের সাথে সবচেয়ে বেশি চ্যাট করেন তা দেখুন,আপনি কাদের সাথে সবচেয়ে বেশি চ্যাট করেন তা দেখুন।,0.1111,0.025,ok
kathbath/bengali/wavs/844424930627078-210-m.wav,/Users/monujgogoi/Downloads/kathbath/bengali/wavs/844424930627078-210-m.wav,5.2941875,কাশ্মীর উপত্যাকা জুড়ে এখন মোতায়েন হাজার হাজার ভারতীয় সেনা,কাশ্মীর উপত্যকা জুড়ে এখন মোতায়েন হাজার হাজার ভারতীয় সেনা।,0.2222,0.0385,ok
kathbath/bengali/wavs/844424930753546-372-m.wav,/Users/monujgogoi/Downloads/kathbath/bengali/wavs/844424930753546-372-m.wav,8.034125,মানব দেহের বিবর্তন কেন্দ্রীয় ও পেরিফেরাল স্নায়বিক সিস্টেমের ভূমিকা,মানব দেহের বিবর্তন কেন্দ্রীয় ও পেরিফেরাল স্নায়বিক সিস্টেমের ভূমিকা।,0.1111,0.0167,ok
kathbath/bengali/wavs/844424931239788-1035-m.wav,/Users/monujgogoi/Downloads/kathbath/bengali/wavs/844424931239788-1035-m.wav,8.405625,তাঁর দাবি নাথুরাম গডসে একজন সাচ্চা দেশপ্রেমিক। বরাবরই তিনি দেশপ্রেমী ছিলেন ও ভবিষত্যেও থাকবেন,তাঁর দাবি নাথুরাম গডসে একজন সচ্চা দেশপ্রেমিক বরাবরই তিনি দেশপ্রেমী ছিলেন ও ভবিষ্যতেও থাকবেন,0.2143,0.05,ok
kathbath/bengali/wavs/844424931279032-417-m.wav,/Users/monujgogoi/Downloads/kathbath/bengali/wavs/844424931279032-417-m.wav,5.340625,এর মধ্যে দুই শিশু টিকা নেওয়ার দুই ঘন্টা পরেই মারা যায়,এর মধ্যে দুই শিশু টিকা নেওয়ার দুই ঘণ্টার পরেই মারা যায়।,0.1818,0.0667,ok
kathbath/bengali/wavs/844424930436739-253-m.wav,/Users/monujgogoi/Downloads/kathbath/bengali/wavs/844424930436739-253-m.wav,5.5495625,সম্মানিত অতিথি হিসেবে উপস্থিত ছিলেন ঢাকা বিশ্ববিদ্যালয়ের জাপানিজ ভাষা বিভাগের পরিচালক অধ্যাপক ড,সম্মানিত অতিথি হিসেবে উপস্থিত ছিলেন ঢাকা বিশ্ববিদ্যালয়ের জাপানিজ ভাষা বিভাগের পরিচালক অধ্যাপক ডঃ।,0.0769,0.0238,ok
kathbath/bengali/wavs/844424930470376-210-m.wav,/Users/monujgogoi/Downloads/kathbath/bengali/wavs/844424930470376-210-m.wav,5.78175,বক্সিং ডে টেস্টে হারের ঘুঁসিতে কুকদের হোয়াইটওয়াশ ঘায়ের আতঙ্ক,বক্সিং ডে টেস্টে হারের ঘুষিতে কুকদের হোয়াইটওয়াশ ঘায়ের আতঙ্ক।,0.2222,0.0545,ok
kathbath/bengali/wavs/844424930773577-372-m.wav,/Users/monujgogoi/Downloads/kathbath/bengali/wavs/844424930773577-372-m.wav,8.2895625,এ তালিকায় ব্লুজদের পছন্দের তালিকায় অন্যতম চিলির কোপা আমেরিকা জয়ী কোচ জর্জ,এ তালিকায় ব্লুজদের পছন্দের তালিকায় অন্যতম চিলির কোপা আমেরিকা জয়ী কোচ জর্জ।,0.0833,0.0154,ok
kathbath/bengali/wavs/844424930464169-1161-m.wav,/Users/monujgogoi/Downloads/kathbath/bengali/wavs/844424930464169-1161-m.wav,3.4598125,হয়তো আপনি যা ভাবছেন আপনার স্বামী সেই ভাবে ভাবছেন না,হয়তো আপনি যা ভাবছেন আপনার স্বামী সেইভাবে ভাবছেন না।,0.3,0.0233,ok
kathbath/bengali/wavs/844424930935248-502-m.wav,/Users/monujgogoi/Downloads/kathbath/bengali/wavs/844424930935248-502-m.wav,5.897875,এ কে আবদুল মোমেনকে চিঠি দিয়ে এ কৃতজ্ঞতা জানান ভারতের পররাষ্ট্রমন্ত্রী ড,এ কে আব্দুল মোমেনকে চিঠি দিয়ে এ কৃতজ্ঞতা জানান ভারতের পররাষ্ট্রমন্ত্রী ডঃ।,0.1667,0.0492,ok
kathbath/bengali/wavs/844424930554199-502-m.wav,/Users/monujgogoi/Downloads/kathbath/bengali/wavs/844424930554199-502-m.wav,3.204375,এ কে খন্দকারের বই বাজার থেকে তুলে নিল প্রথমা,এ কে খন্দকারের বই বাজার থেকে তুলে নিল প্রথমা।,0.1111,0.0278,ok
kathbath/bengali/wavs/844424930707845-210-m.wav,/Users/monujgogoi/Downloads/kathbath/bengali/wavs/844424930707845-210-m.wav,4.9690625,হাঁটুর লিগামেন্ট ছিঁড়ে ৬ মাসের জন্য মাঠের বাইরে নাসির,হাঁটুর লিগামেন্ট ছিঁড়ে ছয় মাসের জন্য মাঠের বাইরে নাসির।,0.2222,0.087,ok
kathbath/bengali/wavs/844424930940955-417-m.wav,/Users/monujgogoi/Downloads/kathbath/bengali/wavs/844424930940955-417-m.wav,6.687375,নার্স শাহিনুরকে ধর্ষণ ও হত্যার কথা স্বীকার করলেন চালক,নার্স সানিনুরকে ধর্ষণ ও হত্যার কথা স্বীকার করলেন চালক।,0.2222,0.0667,ok
kathbath/bengali/wavs/844424930753560-372-m.wav,/Users/monujgogoi/Downloads/kathbath/bengali/wavs/844424930753560-372-m.wav,9.380875,স্থানীয় সড়ক ও জনপথ বিভাগের ময়মনসিংহ জোনের অতিরিক্ত প্রধান প্রকৌশলী মো,স্থানীয় সড়ক ও জনপদ বিভাগের ময়মনসিংহ জোনের অতিরিক্ত প্রধান প্রকৌশলী মো।,0.1818,0.0323,ok
kathbath/bengali/wavs/844424930693517-372-m.wav,/Users/monujgogoi/Downloads/kathbath/bengali/wavs/844424930693517-372-m.wav,9.7059375,ফিলিস্তিন ইস্যুকে চিরতরে মুছে ফেলতে শতাব্দির কথিত সেরা চুক্তি তৈরি করেছেন ট্রাম্প,ফিলিস্তিন ইস্যুকে চিরতরে মুছে ফেলতে শতাব্দীর কথিত সেরা চুক্তি তৈরি করেছেন ট্রাম্প।,0.1667,0.0286,ok
kathbath/bengali/wavs/844424930707863-210-m.wav,/Users/monujgogoi/Downloads/kathbath/bengali/wavs/844424930707863-210-m.wav,7.1285625,তাপস মিত্রের সঞ্চালনায় অনুষ্ঠানে বক্তব্য দেন বিএমএ সভাপতি অধ্যাপক ডা,তাপস মিত্রের সঞ্চালনায় অনুষ্ঠানে বক্তব্য দেন বিএমএ সভাপতি অধ্যাপক ডাঃ।,0.1,0.0333,ok
kathbath/bengali/wavs/844424930693430-372-m.wav,/Users/monujgogoi/Downloads/kathbath/bengali/wavs/844424930693430-372-m.wav,9.961375,বঙ্গবন্ধুর স্বদেশ প্রত্যাবর্তন দিবস ও মুজিববর্ষ পালন উপলক্ষ্যে প্রস্তুতি সভা,বঙ্গবন্ধুর স্বদেশ প্রত্যাবর্তন দিবস ও মুজিব বর্ষ পালন উপলক্ষে প্রস্তুতি সভা।,0.4,0.0448,ok
kathbath/bengali/wavs/844424930707831-210-m.wav,/Users/monujgogoi/Downloads/kathbath/bengali/wavs/844424930707831-210-m.wav,5.9675625,ক্ষীরোদপ্রসাদের নাটক গুলিকে মূলত নিন্ম লিখিত শ্রেণীতে তুলে ধরা যায়ঃ,ক্ষীরদ প্রসাদের নাটকগুলিকে মূলত নিম্নলিখিত শ্রেণীতে তুলে ধরা যায়।,0.6,0.0678,ok
kathbath/bengali/wavs/844424931233460-1035-m.wav,/Users/monujgogoi/Downloads/kathbath/bengali/wavs/844424931233460-1035-m.wav,10.5650625,প্রাথমিক তদন্তে অনুমান সম্পত্তিজনিত বিবাদের জেরে এই খুন। সন্দেহের তালিকায় মৃত পুলিশ কর্মীর স্ত্রী,প্রাথমিক তদন্তে অনুমান সম্পত্তিজনিত বিবাদের জেরে এই খুন সন্দেহের তালিকায় মৃত পুলিশকর্মীর স্ত্রী।,0.2857,0.0235,ok
kathbath/bengali/wavs/844424930935237-502-m.wav,/Users/monujgogoi/Downloads/kathbath/bengali/wavs/844424930935237-502-m.wav,3.4365625,জেনে নিন আপনার এই অভ্যাস কী বিপদ ডেকে আনছে,জেনে নিন আপনার এই অভ্যাস কি বিপদ ডেকে আনছে।,0.2222,0.0588,ok
kathbath/bengali/wavs/844424930940954-417-m.wav,/Users/monujgogoi/Downloads/kathbath/bengali/wavs/844424930940954-417-m.wav,7.7786875,সব ঠিক থাকলে আগামী বছর জানুয়ারি মাসে শবর হাজির হবে তার দর্শকদের সামনে,সব ঠিক থাকলে আগামী বছর জানুয়ারি মাসে শবর হাজির হবে তার দর্শকদের সামনে।,0.0769,0.0172,ok
kathbath/bengali/wavs/844424931278979-417-m.wav,/Users/monujgogoi/Downloads/kathbath/bengali/wavs/844424931278979-417-m.wav,4.4814375,এই ভাবে আপনার ডেবিট বা ক্রেডিট কার্ড থেকে টাকা,এইভাবে আপনার ডেবিট বা ক্রেডিট কার্ড থেকে টাকা।,0.3333,0.0263,ok
kathbath/bengali/wavs/844424930940936-417-m.wav,/Users/monujgogoi/Downloads/kathbath/bengali/wavs/844424930940936-417-m.wav,9.26475,সৌদি আরবের হজ ও ওমরাহ মন্ত্রণালয়ের প্রধান পরিকল্পনা কর্মকর্তা ড,সৌদি আরবের হজ ও ওমরাহা মন্ত্রালয়ের প্রধান পরিকল্পনা কর্মকর্তা ডঃ।,0.3,0.0727,ok
kathbath/bengali/wavs/844424930500978-1161-m.wav,/Users/monujgogoi/Downloads/kathbath/bengali/wavs/844424930500978-1161-m.wav,4.1331875,এরপর টেনিংয়ে গিয়ে ফিরে আসেন ইতালির হয়ে ২০০৬ বিশ্বকাপ জেতা,এরপর ট্রেনিংয়ে গিয়ে ফিরে আসেন ইতালির হয়ে 2006 বিশ্বকাপ জেতা।,0.3,0.1373,ok
kathbath/bengali/wavs/844424930470353-210-m.wav,/Users/monujgogoi/Downloads/kathbath/bengali/wavs/844424930470353-210-m.wav,8.5449375,বিচারপতি ইন্দ্রপ্রসন্ন মুখোপাধ্যায়ের রায়কে চ্যালেঞ্জ করে কলকাতা হাইকোর্টে আপিল মামলা করেছে টাটা মোটরস,বিচারপতি ইন্দ্রপ্রসন্ন মুখোপাধ্যায় রায়কে চ্যালেঞ্জ করে কলকাতা হাইকোর্টে আপিল মামলা করেছে টাটা মোটরস।,0.1538,0.033,ok
kathbath/bengali/wavs/844424930935284-502-m.wav,/Users/monujgogoi/Downloads/kathbath/bengali/wavs/844424930935284-502-m.wav,4.156375,করোনা থেকে সুস্থ ৩৯ লাখ ২৫ হাজারের বেশি মানুষ,"করোনা থেকে সুস্থ ৩৯,২৫,০০০-এর বেশি মানুষ।",0.5556,0.2703,ok
kathbath/bengali/wavs/844424930773500-372-m.wav,/Users/monujgogoi/Downloads/kathbath/bengali/wavs/844424930773500-372-m.wav,7.2214375,বীরভূমে ট্রেন লাইন ধরে বাড়ি ফেরার সময় অল্পের জন্য রক্ষা পরিযায়ী শ্রমিকদের,বীরভূমে ট্রেন লাইন ধরে বাড়ি ফেরার সময় অল্পের জন্য রক্ষা পরিযায়ী শ্রমিকদের।,0.0833,0.0154,ok
kathbath/bengali/wavs/844424930693451-372-m.wav,/Users/monujgogoi/Downloads/kathbath/bengali/wavs/844424930693451-372-m.wav,9.9149375,এ বিষয়ে জানতে চাইলে সাবেক তত্ত্বাবধায়ক সরকারের অর্থ উপদেষ্টা অর্থনীতিবিদ ড,এ বিষয়ে জানতে চাইলে সাবেক তত্ত্বাবধায়ক সরকারের অর্থ উপদেষ্টা অর্থনীতিবিদ ডঃ।,0.0909,0.0303,ok
kathbath/bengali/wavs/844424930941004-417-m.wav,/Users/monujgogoi/Downloads/kathbath/bengali/wavs/844424930941004-417-m.wav,8.7539375,তারপর তিনি অন্যান্য শয্যাতে তার ডিম রাখা শেষ করতে এগিয়ে যেতে পারে,তারপর তিনি অন্যান্য সজ্জাতে তার ডিম রাখা শেষ করতে এগিয়ে যেতে পারে।,0.1667,0.0727,ok
kathbath/bengali/wavs/844424930940956-417-m.wav,/Users/monujgogoi/Downloads/kathbath/bengali/wavs/844424930940956-417-m.wav,7.4768125,প্রতিদিন ১ টি এলাচ দূর করতে পারে ৮ টি স্বাস্থ্য সমস্যা,প্রতিদিন একটি এলাচ দূর করতে পারে চারটি স্বাস্থ্য সমস্যা।,0.4545,0.1364,ok
kathbath/bengali/wavs/844424930464232-1161-m.wav,/Users/monujgogoi/Downloads/kathbath/bengali/wavs/844424930464232-1161-m.wav,6.014,এসএসসি পরীক্ষার ফলাফল প্রকাশ করা নিয়ে আন্তঃশিক্ষা বোর্ডের সভাপতি ও ঢাকা শিক্ষা বোর্ডের চেয়ারম্যান মু,এসএসসি পরীক্ষার ফলাফল প্রকাশ করা নিয়ে আন্তঃশিক্ষা বোর্ডের সভাপতি ও ঢাকা শিক্ষা বোর্ডের চেয়ারম্যান মুখ।,0.0667,0.0227,ok
kathbath/bengali/wavs/844424930693425-372-m.wav,/Users/monujgogoi/Downloads/kathbath/bengali/wavs/844424930693425-372-m.wav,8.7075,কুলাউড়া রেল দুর্ঘটনা ৭ বগি নিয়ে ঢাকার পথে উপবন,"কুলা উড়া রেল দুর্ঘটনা, সাত বগি নিয়ে ঢাকার পথে উপবন।",0.5556,0.125,ok
kathbath/bengali/wavs/844424930500914-1161-m.wav,/Users/monujgogoi/Downloads/kathbath/bengali/wavs/844424930500914-1161-m.wav,6.687375,আমাদের বাড়ির উত্তরের বাড়িটা ছিল ইতিহাসের অধ্যাপক এবং পরবর্তী সময়ে ঢাকা বিশ্ববিদ্যালয়ের ভাইস চ্যান্সেলর ড,আমাদের বাড়ির উত্তরের বাড়িটা ছিল ইতিহাসের অধ্যাপক এবং পরবর্তী সময়ে ঢাকা বিশ্ববিদ্যালয়ের ভাইস চ্যান্সেলর ডঃ।,0.0667,0.0213,ok
kathbath/bengali/wavs/844424931239775-1035-m.wav,/Users/monujgogoi/Downloads/kathbath/bengali/wavs/844424931239775-1035-m.wav,8.31275,বাঙালির বিশ্বাস রয়েছে আদ্যা মা সন্তুষ্ট হলে সেই সংসারের কোনও দিন অন্নের অভাব হয়না,বাঙালির বিশ্বাস রয়েছে আদ্যা মা সন্তুষ্ট হলে সেই সংসারের কোনদিন অন্যের অভাব হয় না।,0.3571,0.0429,ok
kathbath/bengali/wavs/844424930693506-372-m.wav,/Users/monujgogoi/Downloads/kathbath/bengali/wavs/844424930693506-372-m.wav,8.614625,ইসরোরে তৈরি পজিশনিং ব্যবহার করে স্মার্টফোন আনছে শাওমি ও রিয়েলমি,ইসরোরে তৈরি পজিশনিং ব্যবহার করে স্মার্টফোন আনছে শাওমি ও রিয়েলমি।,0.1,0.0182,ok
kathbath/bengali/wavs/844424930935236-502-m.wav,/Users/monujgogoi/Downloads/kathbath/bengali/wavs/844424930935236-502-m.wav,4.4118125,ফুটবল বিশ্বকাপে এক জায়গা থেকে অন্য যায়গায় যাওয়ার সময় আকাশ,ফুটবল বিশ্বকাপে এক জায়গা থেকে অন্য জায়গায় যাওয়ার সময় আকাশ।,0.2,0.0377,ok
kathbath/bengali/wavs/844424930693478-372-m.wav,/Users/monujgogoi/Downloads/kathbath/bengali/wavs/844424930693478-372-m.wav,8.3824375,এটি গানের মধ্যে শ্রমিকদের আন্দোলন এবং শব্দগুলির সংমিশ্রণ করে,এটি গানের মধ্যে শ্রমিকদের আন্দোলন এবং শব্দগুলির সংমিশ্রণ করে।,0.1111,0.0192,ok
kathbath/bengali/wavs/844424930500903-1161-m.wav,/Users/monujgogoi/Downloads/kathbath/bengali/wavs/844424930500903-1161-m.wav,6.083625,মার্কিন কোম্পানিগুলোকে চিকিৎসা উপকরণ বানাতে বাধ্য করতে ট্রাম্পের ওপর কোরীয় যুদ্ধের সময়কার প্রতিরক্ষা,মার্কিন কোম্পানিগুলোকে চিকিৎসা উপকরণ বানাতে বাধ্য করতে ট্রাম্পের উপর কোরিও যুদ্ধের সময়কার প্রতিরক্ষা।,0.2308,0.0556,ok
kathbath/bengali/wavs/844424931278983-417-m.wav,/Users/monujgogoi/Downloads/kathbath/bengali/wavs/844424931278983-417-m.wav,7.825125,এর আগে বোদা উপজেলা ভাইস চেয়ারম্যান ও আওয়ামী লীগ নেতা মো,এর আগে বুদা উপজেলা ভাইস চেয়ারম্যান ও আওয়ামী লীগ নেতা মো।,0.1818,0.0426,ok
kathbath/bengali/wavs/844424932360030-778-m.wav,/Users/monujgogoi/Downloads/kathbath/bengali/wavs/844424932360030-778-m.wav,6.3158125,চাঁদা তোলা নিয়ে দুই পক্ষের দ্বন্দ্বে এসএসসি পরীক্ষার্থীসহ আহত ২১,চাঁদা তোলা নিয়ে দুই পক্ষের দ্বন্দ্বে এসএসসি পরীক্ষার্থী সহ আহত একুশ।,0.3,0.0893,ok
kathbath/bengali/wavs/844424930554255-502-m.wav,/Users/monujgogoi/Downloads/kathbath/bengali/wavs/844424930554255-502-m.wav,3.692,১৩ মার্চ রোমার মাঠে ফিরতি লেগে নামবে ইউক্রেনের ক্লাবটি,১৩ মার্চ রোমার মাঠে ফিরতি লেগে নামবে ইউক্রেনের ক্লাব ডি।,0.2222,0.0435,ok
kathbath/bengali/wavs/844424930470366-210-m.wav,/Users/monujgogoi/Downloads/kathbath/bengali/wavs/844424930470366-210-m.wav,5.5728125,আরও পড়ুন হাতি ধরার অভিযানে অবশেষে সফল বাঁকুড়া বন দফতর,আরও পড়ুন হাতি ধরার অভিযানে অবশেষে সফল বাঁকুড়া বন দপ্তর।,0.1,0.0652,ok
kathbath/bengali/wavs/844424930940943-417-m.wav,/Users/monujgogoi/Downloads/kathbath/bengali/wavs/844424930940943-417-m.wav,7.2214375,চারটি বিদেশি সিনেমা আর কিছু নাটক দেখে এঁরা ভাবেন জ্ঞানের ঝুলি কিন্তু পূর্ণ,4টি বিদেশী সিনেমা আর কিছু নাটক দেখে এরা ভাবেন জ্ঞানের ঝুলি কিন্তু পূর্ণ।,0.3077,0.0968,ok
kathbath/bengali/wavs/844424930773535-372-m.wav,/Users/monujgogoi/Downloads/kathbath/bengali/wavs/844424930773535-372-m.wav,11.42425,আগামী মাসের প্রথম সপ্তাহে অবসর নেবেন প্রখ্যাত প্লাস্টিক সার্জন ও ইনস্টিটিউটের বর্তমান পরিচালক অধ্যাপক ডা,আগামী মাসের প্রথম সপ্তাহে অবসর নেবেন প্রখ্যাত প্লাস্টিক সার্জন ও ইনস্টিটিউটের বর্তমান পরিচালক অধ্যাপক ডাঃ।,0.0667,0.0222,ok
kathbath/bengali/wavs/844424930935296-502-m.wav,/Users/monujgogoi/Downloads/kathbath/bengali/wavs/844424930935296-502-m.wav,6.4319375,কুমারগঞ্জ ব্লকের বরাহর ব্লক প্রাথমিক স্বাস্থ্য কেন্দ্রের দুরবস্থায় পরিষেবা থেকে বঞ্চিত গ্রামবাসীরা,কুমারগঞ্জ ব্লকের বরাহর ব্লক প্রাথমিক স্বাস্থ্য কেন্দ্রের দুরবস্থায় পরিষেবা থেকে বঞ্চিত গ্রামবাসীরা।,0.0833,0.0114,ok
kathbath/bengali/wavs/844424930436707-253-m.wav,/Users/monujgogoi/Downloads/kathbath/bengali/wavs/844424930436707-253-m.wav,5.8746875,ভিক্ষা করে জমানো টাকা করোনা দুর্গতদের মাঝে দান করা শেরপুরের সেই ভিক্ষুকের প্রশংসা করে প্রধানমন্ত্,ভিক্ষা করে জমানো টাকা করোনা দুর্গতদের মাঝে দান করা শেরপুরের সেই ভিক্ষুকের প্রশংসা করে প্রধানমন্ত্রী।,0.0667,0.0361,ok
kathbath/bengali/wavs/844424931239819-1035-m.wav,/Users/monujgogoi/Downloads/kathbath/bengali/wavs/844424931239819-1035-m.wav,4.6904375,তা জানার পরেই বাড়ি ফেরার আর্জি জানাতে শুরু করেছেন,তা জানার পরেই বাড়ি ফেরার আর্জি জানাতে শুরু করেছেন।,0.1111,0.0238,ok
kathbath/bengali/wavs/844424930627062-210-m.wav,/Users/monujgogoi/Downloads/kathbath/bengali/wavs/844424930627062-210-m.wav,4.8994375,তবে অস্থায়ী হলেও এখানে তার বাস কয়েক বছর ধরে,তবে অস্থায়ী হলেও এখানে তার বাস কয়েক বছর ধরে।,0.1111,0.027,ok
kathbath/bengali/wavs/844424930940947-417-m.wav,/Users/monujgogoi/Downloads/kathbath/bengali/wavs/844424930940947-417-m.wav,5.8746875,গঙ্গায় নেমে ভিডিও তৈরি করতে গিয়ে তলিয়ে গেল দুই ছাত্র,গঙ্গায় নেমে ভিডিও তৈরি করতে গিয়ে তুলিয়ে গেল দুই ছাত্র।,0.2,0.0435,ok
kathbath/bengali/wavs/844424930500973-1161-m.wav,/Users/monujgogoi/Downloads/kathbath/bengali/wavs/844424930500973-1161-m.wav,3.8313125,কুমিল্লা নির্বাচনে বিশৃঙ্খলা বিষয় নির্বাহী বৈঠকে তুলে ধরা হবে,কুমিল্লা নির্বাচনে বীরশৃঙ্খলা বিষয় নির্বাহী বৈঠকে তুলে ধরা হবে।,0.2222,0.0556,ok
kathbath/bengali/wavs/844424930554239-502-m.wav,/Users/monujgogoi/Downloads/kathbath/bengali/wavs/844424930554239-502-m.wav,7.267875,মিরসরাই উপজেলার বারইয়ারহাট পৌরসদরে ৪৯৭ বোতল ফেনসিডিল এবং চার কেজি গাঁজাসহ মো,মীরসরাই উপজেলার বারিয়ারহাট পৌরসদরে ৪৯৭ বোতল ফ্যানসিডিল এবং ৪ কেজি গাঁজা সহ মোম।,0.5833,0.1515,ok
kathbath/bengali/wavs/844424930935274-502-m.wav,/Users/monujgogoi/Downloads/kathbath/bengali/wavs/844424930935274-502-m.wav,4.5975625,৭ মিনিটের মধ্যে সেখান থেকে ডিলিট হওয়া মেসেজ ফিরিয়ে আনতে পারবেন,7 মিনিটের মধ্যে সেখান থেকে ডিলিট হওয়া মেসেজ ফিরিয়ে আনতে পারবেন।,0.1818,0.037,ok
kathbath/bengali/wavs/844424930693486-372-m.wav,/Users/monujgogoi/Downloads/kathbath/bengali/wavs/844424930693486-372-m.wav,16.8345,রাজধানীর নয়াপল্টনে বিএনপির কেন্দ্রীয় কার্যালয়ের সামনে দলটির নেতাকর্মীদের সঙ্গে সংঘর্ষ চলাকালে পুলিশের গাড়িতে আগুন দেয়াবিস্তারিত,রাজধানীর নয়াপল্টনে বিএনপির কেন্দ্রীয় কার্যালয়ের সামনে দলটির নেতাকর্মীদের সঙ্গে সংঘর্ষ চলাকালে পুলিশের গাড়িতে আগুন দেওয়া বিস্তারিত।,0.1333,0.0169,ok
kathbath/bengali/wavs/844424930470406-210-m.wav,/Users/monujgogoi/Downloads/kathbath/bengali/wavs/844424930470406-210-m.wav,5.9675625,দুজনের মধ্যে আসল রসায়নটি কী সেটা জানার কৌতুহল ছিল সকলের,দুজনের মধ্যে আসল রসায়নটি কি সেটা জানার কৌতুহল ছিল সকলের।,0.2,0.0426,ok
kathbath/bengali/wavs/844424930935240-502-m.wav,/Users/monujgogoi/Downloads/kathbath/bengali/wavs/844424930935240-502-m.wav,4.5743125,সিলেটে আহত র্যাব কর্মকর্তাকে সিঙ্গাপুর থেকে ফেরত আনা হল,সিলেটে আহত জার্ব কর্মকর্তাকে সিঙ্গাপুর থেকে ফেরত আনা হলো।,0.2222,0.1277,ok
kathbath/bengali/wavs/844424930693467-372-m.wav,/Users/monujgogoi/Downloads/kathbath/bengali/wavs/844424930693467-372-m.wav,8.4520625,জোশুয়া ট্রি ন্যাশনাল পার্ক এর সেরা দিন পর্বতারোহণের একটি গাইড,জোশুয়া ট্রি ন্যাশনাল পার্কের সেরা দিন পর্বতারোহণের একটি গাইড।,0.3,0.0377,ok
kathbath/bengali/wavs/844424931233433-1035-m.wav,/Users/monujgogoi/Downloads/kathbath/bengali/wavs/844424931233433-1035-m.wav,7.3143125,প্রথম ইনিংসে ১৭ রানের লিড নিয়ে দ্বিতীয় ইনিংস শুরু করে বিরাটের টিম ইন্ডিয়া,প্রথম ইনিংসে ১৭ রানের লিড নিয়ে দ্বিতীয় ইনিং শুরু করে বিরাটের টিম ইন্ডিয়া।,0.1538,0.0312,ok
kathbath/bengali/wavs/844424930935260-502-m.wav,/Users/monujgogoi/Downloads/kathbath/bengali/wavs/844424930935260-502-m.wav,7.8715625,সেখানে ১১৭২ ভোটের মধ্যে বেলা ১২ টায় ৬০ শতাংশ ভোট পড়েছে বলে জানান প্রিজাইডিং কর্মকর্তা মো,সেখানে ১১৭২ ভোটের মধ্যে বেলা ১২টায় ৬০ শতাংশ ভোট পড়েছে বলে জানান প্রিজাইডিং অর্মকর্তা মো.,0.25,0.0267,ok
kathbath/bengali/wavs/844424930554281-502-m.wav,/Users/monujgogoi/Downloads/kathbath/bengali/wavs/844424930554281-502-m.wav,4.9690625,করোনাভাইরাস নিয়ন্ত্রণে আসছে না বলে খেলাধুলা শুরুর নির্ধারিত সময়ও নির্ধারণ,করোনাভাইরাস নিয়ন্ত্রণে আসছে না বলে খেলাধুলা শুরুর নির্ধারিত সময়ও নির্ধারণ।,0.1,0.0152,ok
kathbath/bengali/wavs/844424931239813-1035-m.wav,/Users/monujgogoi/Downloads/kathbath/bengali/wavs/844424931239813-1035-m.wav,6.478375,ত্রাণ বিতরণে অনিয়মের খবর প্রকাশ করায় ৩ সাংবাদিক পেটালেন চেয়ারম্যান,ত্রাণ বিতরণে অনিয়মের খবর প্রকাশ করায় তিন সাংবাদিক পেটালেন চেয়ারম্যান।,0.2,0.0667,ok
kathbath/bengali/wavs/844424931233384-1035-m.wav,/Users/monujgogoi/Downloads/kathbath/bengali/wavs/844424931233384-1035-m.wav,7.082125,শীতার্ত মানুষের মধ্যে শীতবস্ত্র বিতরণের জন্য প্রথম আলো ট্রাস্টে এক,শীতার্থ মানুষের মধ্যে শীতবস্ত্র বিতরণের জন্য প্রথম আলো ট্রাস্টে এক।,0.2,0.0351,ok
kathbath/bengali/wavs/844424930773490-372-m.wav,/Users/monujgogoi/Downloads/kathbath/bengali/wavs/844424930773490-372-m.wav,7.244625,লেফটেন্যান্ট কর্নেল মেজর স্তরের অনেক কর্মকর্তা এই কেলেঙ্কারিতে জড়িত,লেফটেনেন্ট কর্নেল মেজর স্তরের অনেক কর্মকর্তা এই কেলেঙ্কারিতে জড়িত।,0.2222,0.0667,ok
kathbath/bengali/wavs/844424930693476-372-m.wav,/Users/monujgogoi/Downloads/kathbath/bengali/wavs/844424930693476-372-m.wav,13.2818125,বাংলাদেশে শিক্ষার্থীদের নিরাপদ সড়কের দাবিতে আন্দোলনের সময় সাংবাদিকদের ওপর ব্যাপক হামলার ঘটনা ঘটেছে। হামলার ধরন,বাংলাদেশে শিক্ষার্থীদের নিরাপদ সড়কের দাবিতে আন্দোলনের সময় সাংবাদিকদের উপর ব্যাপক হামলার ঘটনা ঘটেছে। হামলার ধরণ।,0.1333,0.0306,ok
kathbath/bengali/wavs/844424930940964-417-m.wav,/Users/monujgogoi/Downloads/kathbath/bengali/wavs/844424930940964-417-m.wav,8.8468125,চাইছিলো হাসনুহেনার বাগানে বসে গান গাইতে ওগো মায়াভরা চাঁদ আর,চাইছিল হাসনুহেনার বাগানে বসে গান গাইতে ওগো মায়া ভরা চাঁদ আর।,0.4,0.0392,ok
kathbath/bengali/wavs/844424930753567-372-m.wav,/Users/monujgogoi/Downloads/kathbath/bengali/wavs/844424930753567-372-m.wav,11.3778125,এফআইআরে নাম না থাকা সত্ত্বেও তৃণমূল কর্মী খুনের ঘটনায় ষড়যন্ত্র করার অভিযোগে গ্রেফতার হলেন সিপিএমের,এফআইআরএ নাম না থাকা সত্ত্বেও তৃণমূল কর্মী খুনের ঘটনায় ষড়যন্ত্র করার অভিযোগে গ্রেপ্তার হলেন সিপিএমের।,0.2,0.0465,ok
kathbath/bengali/wavs/844424930753513-372-m.wav,/Users/monujgogoi/Downloads/kathbath/bengali/wavs/844424930753513-372-m.wav,7.7786875,ঢাকার দুই সিটিতে নিয়ম লঙ্ঘন করেও পদে বহাল ৩৩ কাউন্সিলর,ঢাকার দুই সিটিতে নিয়ম লঙ্ঘন করেও পদে বহাল তেত্রিশ কাউন্সিলর।,0.2,0.1739,ok
kathbath/bengali/wavs/844424930707906-210-m.wav,/Users/monujgogoi/Downloads/kathbath/bengali/wavs/844424930707906-210-m.wav,6.687375,আবুল কালাম আজাদ এবং অধিদফতরের হসপিটাল অ্যান্ড ক্লিনিকস বিভাগের পরিচালক ড,আবুল কালাম আজাদ এবং অধিদপ্তরের হসপিটাল অ্যান্ড ক্লিনিক্স বিভাগের পরিচালক ডঃ।,0.2727,0.0806,ok
kathbath/bengali/wavs/844424930627007-210-m.wav,/Users/monujgogoi/Downloads/kathbath/bengali/wavs/844424930627007-210-m.wav,6.5480625,রাশিয়ার পূর্ব প্রান্তের উন্নতিতে ৭ হাজার কোটি টাকার ঋণ দেবে ভারত সরকার,রাশিয়ার পূর্ব প্রান্তের উন্নতিতে ৭০০০ কোটি টাকা ঋণ দেবে ভারত সরকার।,0.3333,0.1167,ok
kathbath/bengali/wavs/844424930773537-372-m.wav,/Users/monujgogoi/Downloads/kathbath/bengali/wavs/844424930773537-372-m.wav,11.702875,ত্রাণের চাল আত্মসাতের ঘটনা অত্যন্ত দুঃখজনক বলে মন্তব্য করেছেন সংসদের বিরোধীদলীয় নেতা বেগম রওশন এরশাদ,ত্রাণের চাল আত্মসাতের ঘটনা অত্যন্ত দুঃখজনক বলে মন্তব্য করেছেন সংসদের বিরোধী দলীয় নেতা বেগম রাওশান এরশাদ।,0.2667,0.0345,ok
kathbath/bengali/wavs/844424930935267-502-m.wav,/Users/monujgogoi/Downloads/kathbath/bengali/wavs/844424930935267-502-m.wav,4.179625,এ ঘটনার সত্যতা স্বীকার করে গজারিয়া থানার এসআই মো,এ ঘটনার সত্যতা স্বীকার করে গজারিয়া থানার এসআই মো।,0.1111,0.0244,ok
kathbath/bengali/wavs/844424930693426-372-m.wav,/Users/monujgogoi/Downloads/kathbath/bengali/wavs/844424930693426-372-m.wav,8.986125,ছয় মাসে ৩৯৯ শিশু ধর্ষণ ও ধর্ষণ চেষ্টার শিকার,6 মাসে 399 শিশু ধর্ষণ ও ধর্ষণ চেষ্টার শিকার।,0.3333,0.1892,ok
kathbath/bengali/wavs/844424930753489-372-m.wav,/Users/monujgogoi/Downloads/kathbath/bengali/wavs/844424930753489-372-m.wav,7.6858125,এ পর্যন্ত হামলায় জড়িত সন্দেহে ৪০ জনকে আটক করা হয়েছে,এ পর্যন্ত হামলায় জড়িত সন্দেহে 40 জনকে আটক করা হয়েছে।,0.2,0.0667,ok
kathbath/bengali/wavs/844424930627055-210-m.wav,/Users/monujgogoi/Downloads/kathbath/bengali/wavs/844424930627055-210-m.wav,6.6409375,ঘটনার পর পরই পঞ্চগড়ে বিজিবির ১৮ ব্যাটালিয়নের অধিনায়ক আল হাকিম মো,ঘটনার পরপরই পঞ্চগড়ে বিজিবির ১৮ ব্যাটালিয়নদের অধিনায়ক আল হাকিম মো।,0.3636,0.0351,ok
kathbath/bengali/wavs/844424930436749-253-m.wav,/Users/monujgogoi/Downloads/kathbath/bengali/wavs/844424930436749-253-m.wav,6.083625,এ বিষয়ে এনটিভির নিয়মিত আয়োজন স্বাস্থ্য প্রতিদিন অনুষ্ঠানের ৩০৯৪ তম পর্বে কথা বলেছেন ডা,"এ বিষয়ে এনটিভির নিয়মিত আয়োজন স্বাস্থ্য প্রতিদিন অনুষ্ঠানের ৩,০৯৪ তম পর্বে কথা বলছেন ডা।",0.2143,0.0395,ok
kathbath/bengali/wavs/844424930693515-372-m.wav,/Users/monujgogoi/Downloads/kathbath/bengali/wavs/844424930693515-372-m.wav,6.19975,এতে ৪৫০ কোটি টাকা ব্যয়ে নির্মিত যমুনার পশ্চিম তীর,এতে ৪৫০ কোটি টাকা ব্যয়ে নির্মিত যমুনার পশ্চিম তীর।,0.1111,0.0238,ok
kathbath/bengali/wavs/844424930626998-210-m.wav,/Users/monujgogoi/Downloads/kathbath/bengali/wavs/844424930626998-210-m.wav,5.596,প্রয়োজনে আরও কড়া নিয়ম আনার কথা ভাবছে বুন্দেশলিগা কর্তৃপক্ষ,প্রয়োজনে আরও কড়া নিয়ম আনার কথা ভাবছে বুন্দেসলিগা কর্তৃপক্ষ।,0.2222,0.0377,ok
kathbath/bengali/wavs/844424930470384-210-m.wav,/Users/monujgogoi/Downloads/kathbath/bengali/wavs/844424930470384-210-m.wav,5.4335,আরো পড়ুন তুরাগ তীরে দ্বিতীয় পর্বের ইজতেমা শুরু কাল,আরও পড়ুন তুরাক তীরে দ্বিতীয় পর্বের ইজতেমা শুরুকাল।,0.4444,0.0682,ok
kathbath/bengali/wavs/844424930753552-372-m.wav,/Users/monujgogoi/Downloads/kathbath/bengali/wavs/844424930753552-372-m.wav,7.848375,চিনে বসবাসকারী বিদেশি নাগরিকদের ভিসাও বাতিল করার সিদ্ধান্ত নেওয়া হয়েছে,চীনে বসবাসকারী বিদেশী নাগরিকদের ভিসাও বাতিল করার সিদ্ধান্ত নেওয়া হয়েছে।,0.3,0.0476,ok
kathbath/bengali/wavs/844424930554263-502-m.wav,/Users/monujgogoi/Downloads/kathbath/bengali/wavs/844424930554263-502-m.wav,6.1300625,তিনি তিন বছর ধরে নাওতলা সিনিয়র আলিম মাদ্রাসা পার্শ্ববর্তী মহাসড়কের দক্ষিণ পাশে মো,তিনি তিন বছর ধরে নাওতলা সিনিয়র আলিম মাদ্রাসা পার্শ্ববর্তী মহাসড়কের দক্ষিণ পাশে মো.,0.0769,0.0141,ok
kathbath/bengali/wavs/844424930436697-253-m.wav,/Users/monujgogoi/Downloads/kathbath/bengali/wavs/844424930436697-253-m.wav,4.342125,সহকর্মী করোনা ভাইরাসে আক্রান্ত হয়েছেন জানতে পেরে তিনি বাড়িতে ফিরে এসেছিলেন,সহকর্মী করোনা ভাইরাস আক্রান্ত হয়েছেন জানতে পেরে তিনি বাড়িতে ফিরে এসেছিলেন।,0.1818,0.0303,ok
kathbath/bengali/wavs/844424930935303-502-m.wav,/Users/monujgogoi/Downloads/kathbath/bengali/wavs/844424930935303-502-m.wav,5.2709375,তেমন কোনো সম্ভাবনা ছাড়াই এক নায়কের সঙ্গে একাধিক সিনেমা করছেন,তেমন কোন সম্ভাবনা ছাড়াই এক নায়কের সঙ্গে একাধিক সিনেমা করছেন।,0.2,0.0377,ok
kathbath/bengali/wavs/844424930935289-502-m.wav,/Users/monujgogoi/Downloads/kathbath/bengali/wavs/844424930935289-502-m.wav,3.483,তাই বারো মাসে তেরো পার্বণ পালিত হয়ে থাকে এই বাংলায়,তাই বারো মাসে তেরো পার্বণ পালিত হয়ে থাকে এই বাংলায়।,0.1,0.0233,ok
kathbath/bengali/wavs/844424930464220-1161-m.wav,/Users/monujgogoi/Downloads/kathbath/bengali/wavs/844424930464220-1161-m.wav,3.947375,অভিযোগ রয়েছে সরকারি দায়িত্ব পালন না করে মেডিকেল অফিসার ডা,অভিযোগ রয়েছে সরকারি দায়িত্ব পালন না করে মেডিকেল অফিসার ডা।,0.1,0.02,ok
kathbath/bengali/wavs/844424930554238-502-m.wav,/Users/monujgogoi/Downloads/kathbath/bengali/wavs/844424930554238-502-m.wav,3.7151875,নিজেকে ফিট রাখার কৌশল শিখতে পারেন এই খুদের থেকেও,নিজেকে ফিট রাখার কৌশল শিখতে পারেন এই ক্ষুদের থেকেও।,0.2222,0.1,ok
kathbath/bengali/wavs/844424930693428-372-m.wav,/Users/monujgogoi/Downloads/kathbath/bengali/wavs/844424930693428-372-m.wav,11.308125,মা ফিরোজা বেগম এবং বাবা বাংলাদেশ কৃষি বিশ্ববিদ্যালয়েরে অবসরপ্রাপ্ত অধ্যাপক মো,মা ফিরোজা বেগম এবং বাবা বাংলাদেশ কৃষি বিশ্ববিদ্যালয়ের অবসরপ্রাপ্ত অধ্যাপক মোঃ।,0.1818,0.0441,ok
kathbath/bengali/wavs/844424930554254-502-m.wav,/Users/monujgogoi/Downloads/kathbath/bengali/wavs/844424930554254-502-m.wav,4.6904375,ভারতে গত মে মাস থেকে পর্যায়ক্রমে বন্ধ বিভিন্ন সংস্থার গাড়ি উৎপাদন,ভারতে গত মে মাস থেকে পর্যায়ক্রমে বন্ধ বিভিন্ন সংস্থার গাড়ি উৎপাদন।,0.0909,0.0175,ok
kathbath/bengali/wavs/844424930464173-1161-m.wav,/Users/monujgogoi/Downloads/kathbath/bengali/wavs/844424930464173-1161-m.wav,4.6904375,দেশে এখন একদলীয় শাসন ব্যবস্থা চলছে বলে এরশাদের বক্তব্য এবং প্রতিক্রিয়া,দেশে এখন একদলীয় শাসন ব্যবস্থা চলছে বলে এরশাদের বক্তব্য এবং প্রতিক্রিয়া।,0.0909,0.0161,ok
kathbath/bengali/wavs/844424931239773-1035-m.wav,/Users/monujgogoi/Downloads/kathbath/bengali/wavs/844424931239773-1035-m.wav,7.5000625,বিশেষ অতিথি ছিলেন কুমিল্লা বিশ্ববিদ্যালয় সাংবাদিক সমিতির সাবেক সভাপতি মো,বিশেষ অতিথি ছিলেন কুমিল্লা বিশ্ববিদ্যালয় সাংবাদিক সমিতির সাবেক সভাপতি মো.,0.1,0.0156,ok
kathbath/bengali/wavs/844424930464177-1161-m.wav,/Users/monujgogoi/Downloads/kathbath/bengali/wavs/844424930464177-1161-m.wav,3.2508125,বান্ধবীর সঙ্গে গল্প করায় বিষ খাইয়ে প্রেমিককে খুনের অভিযোগ,বান্ধবীর সঙ্গে গল্প করায় বিষ খাইয়ে প্রেমিককে খুনের অভিযোগ।,0.1111,0.0196,ok
kathbath/bengali/wavs/844424930436745-253-m.wav,/Users/monujgogoi/Downloads/kathbath/bengali/wavs/844424930436745-253-m.wav,4.156375,ডেঙ্গু মোকাবিলায় ঢাকার দুই সিটি করপোরেশনকে ১৫ কোটি টাকা বরাদ্দ,ডেঙ্গু মোকাবিলায় ঢাকার দুই সিটি কর্পোরেশনকে পনেরো কোটি টাকা বরাদ্দ।,0.3,0.1296,ok
kathbath/bengali/wavs/844424930773492-372-m.wav,/Users/monujgogoi/Downloads/kathbath/bengali/wavs/844424930773492-372-m.wav,8.3591875,একজন মেয়ে হয়ে অন্য আরেকটি মেয়েকে চুমু খাওয়ার দৃশ্য নিমেষে ভাইরাল হয়েছে,একজন মেয়ে হয়ে অন্য আরেকটি মেয়েকে চুমুক খাওয়ার দৃশ্য নিমেষে ভাইরাল হয়েছে।,0.1667,0.0312,ok
kathbath/bengali/wavs/844424931233438-1035-m.wav,/Users/monujgogoi/Downloads/kathbath/bengali/wavs/844424931233438-1035-m.wav,6.966,আর তার জেরেই এক ট্রাক্টর চালককে মারধরের অভিযোগ উঠল,আর তার জেরেই একটি ট্রাক্টর চালককে মারধর অভিযোগ উঠলো।,0.3333,0.1429,ok
kathbath/bengali/wavs/844424931279050-417-m.wav,/Users/monujgogoi/Downloads/kathbath/bengali/wavs/844424931279050-417-m.wav,4.6904375,আমি তো সেই একুশ বছর বয়স থেকেই লকডাউন মানছি সংসারের,আমি তো সেই 21 বছর বয়স থেকেই লকডাউন মানছি সংসারের।,0.2,0.119,ok
kathbath/bengali/wavs/844424931239799-1035-m.wav,/Users/monujgogoi/Downloads/kathbath/bengali/wavs/844424931239799-1035-m.wav,5.9675625,যৌন নিপীড়ন ও ধর্ষণ নিয়ে মুখ খুললেন মার্কিন বিশ্বসুন্দরী,যৌন নিপীড়ন ও ধর্ষণ নিয়ে মুখ খোললেন মার্কিন বিশ্ব সুন্দরী।,0.3333,0.0408,ok
kathbath/bengali/wavs/844424931233419-1035-m.wav,/Users/monujgogoi/Downloads/kathbath/bengali/wavs/844424931233419-1035-m.wav,8.9396875,গণমাধ্যমের স্বাধীনতা রক্ষায় বৈশ্বিক সম্মেলন সাহস দিয়েই চাপ মোকাবিলা করতে হবে,গণমাধ্যমের স্বাধীনতা রক্ষায় বৈশ্বিক সম্মেলন সাহস দিয়েই চাপ মোকাবিলা করতে হবে।,0.0909,0.0147,ok
kathbath/bengali/wavs/844424930554230-502-m.wav,/Users/monujgogoi/Downloads/kathbath/bengali/wavs/844424930554230-502-m.wav,4.66725,এ বিষয়ে জানতে চাইলে ঢাকা কেন্দ্রীয় কারাগারের সিনিয়র জেল সুপার মো,এ বিষয়ে জানতে চাইলে ঢাকা কেন্দ্রীয় কারাগারের সিনিয়র জেল সুপার মো।,0.0909,0.0175,ok
kathbath/bengali/wavs/844424930753557-372-m.wav,/Users/monujgogoi/Downloads/kathbath/bengali/wavs/844424930753557-372-m.wav,7.082125,শুটিং শুরুর আগে বিতর্কের আভাস দিলো আমির খানের ছবি,শুটিং শুরুর আগে বিতর্কের আভাস দিল আমির খানের ছবি।,0.2222,0.0488,ok
kathbath/bengali/wavs/844424930935323-502-m.wav,/Users/monujgogoi/Downloads/kathbath/bengali/wavs/844424930935323-502-m.wav,5.41025,সব মন্তব্যের জন্য সড়কে নৈরাজ্য বাড়াচ্ছে দুর্ঘটনা ও হতাহতের সংখ্যা,সব মন্তব্যের জন্য সড়কে নৈরাজ্য বাড়াচ্ছে দুর্ঘটনা ও হতাহতের সংখ্যা।,0.1,0.0172,ok
kathbath/bengali/wavs/844424931233428-1035-m.wav,/Users/monujgogoi/Downloads/kathbath/bengali/wavs/844424931233428-1035-m.wav,8.010875,মুহাম্মদ সামাদ ও সামাজিক বিজ্ঞান অনুষদের ডিন অধ্যাপক ড,মোহাম্মদ সামাদ ও সামাজিক বিজ্ঞান অনুষদের ডিন অধ্যাপক ডঃ।,0.2222,0.0652,ok
kathbath/bengali/wavs/844424931233465-1035-m.wav,/Users/monujgogoi/Downloads/kathbath/bengali/wavs/844424931233465-1035-m.wav,6.94275,কমপ্লেক্স ভবন থেকে পড়ে রুম্পার মৃত্যু হওয়ার বিষয়টি মোটামুটি নিশ্চিত হওয়া,কমপ্লেক্স ভবন থেকে পড়ে রুম্পার মৃত্যু হওয়ার বিষয়টি মোটামুটি নিশ্চিত হওয়া।,0.0909,0.0152,ok
kathbath/bengali/wavs/844424930773586-372-m.wav,/Users/monujgogoi/Downloads/kathbath/bengali/wavs/844424930773586-372-m.wav,10.4954375,যে সম্পর্কগুলি জন্মগত কারণেই নির্দিষ্ট হয়ে যায় সে সম্পর্কের অনুভূতির স্তর অনেক সময় প্রাত্যহিকতার,যে সম্পর্কগুলি জন্মগত কারণে নির্দিষ্ট হয়ে যায় সে সম্পর্কের অনুভূতির স্তর অনেক সময় প্রাত্যহিকতার।,0.1429,0.0233,ok
kathbath/bengali/wavs/844424931233405-1035-m.wav,/Users/monujgogoi/Downloads/kathbath/bengali/wavs/844424931233405-1035-m.wav,7.918,করোনামুক্ত হলেও এখনো সুস্থ নন গণস্বাস্থ্য কেন্দ্রের প্রতিষ্ঠাতা ও ট্রাস্টি ডা,করোনামুক্ত হলেও এখনও সুস্থ নন গণস্বাস্থ্য কেন্দ্রের প্রতিষ্ঠাতা ও ট্রাস্টি ডা।,0.1818,0.0299,ok
kathbath/bengali/wavs/844424930693464-372-m.wav,/Users/monujgogoi/Downloads/kathbath/bengali/wavs/844424930693464-372-m.wav,12.9103125,সংবাদ সম্মেলনে মহড়ার বিভিন্ন দিক তুলে ধরেন দুর্যোগ ব্যবস্থাপনা ও ত্রাণ মন্ত্রণালয়ের অতিরিক্ত সচিব মো,সংবাদ সম্মেলনে মহড়ার বিভিন্ন দিক তুলে ধরেন দুর্যোগ ব্যবস্থাপনা ও ত্রাণ মন্ত্রণালয়ের অতিরিক্ত সচিব মো।,0.0667,0.0114,ok
kathbath/bengali/wavs/844424930940939-417-m.wav,/Users/monujgogoi/Downloads/kathbath/bengali/wavs/844424930940939-417-m.wav,6.94275,সুপ্রীম কোর্ট আইন অমান্য করার জন্য বিচার বিভাগীয় পর্যালোচনা ক্ষমতা ব্যবহার করতে পারেন,সুপ্রিম কোর্ট আইন অমান্য করার জন্য বিচার বিভাগীয় পর্যালোচনা ক্ষমতা ব্যবহার করতে পারেন।,0.1538,0.027,ok
kathbath/bengali/wavs/844424930753502-372-m.wav,/Users/monujgogoi/Downloads/kathbath/bengali/wavs/844424930753502-372-m.wav,6.8963125,শেষ পর্যন্ত গোয়ায় বিজয় মাল্যের কিংগ্ফিশার ভিলা বিক্রি করতে,শেষ পর্যন্ত গোয়ায় বিজয় মাল্যের কিংফিশার ভিলা বিক্রি করতে।,0.2222,0.0566,ok
kathbath/bengali/wavs/844424931239794-1035-m.wav,/Users/monujgogoi/Downloads/kathbath/bengali/wavs/844424931239794-1035-m.wav,8.6378125,মেথডিস্ট সংগঠনগুলির মধ্যে অনুরূপ যৌন বিবাহের উপর পার্থক্য দেখা যায়,মেথডিস্ট সংগঠনগুলির মধ্যে অনুরূপ যৌন বিবাহের উপর পার্থক্য দেখা যায়।,0.1,0.0172,ok
kathbath/bengali/wavs/844424930554250-502-m.wav,/Users/monujgogoi/Downloads/kathbath/bengali/wavs/844424930554250-502-m.wav,4.0170625,যার জন্য দক্ষিণ আফ্রিকার ওয়ান ডে দলে তাঁর পরিবর্তে খেলানো হত,যার জন্য দক্ষিণ আফ্রিকার ওয়ানডে দলে তার পরিবর্তে খেলানো হতো।,0.3636,0.0588,ok
kathbath/bengali/wavs/844424930935252-502-m.wav,/Users/monujgogoi/Downloads/kathbath/bengali/wavs/844424930935252-502-m.wav,6.9891875,ধর্মতলা যাওয়ার জন্য রবীন্দ্র সদনের সামনে থেকে বিকেল পাঁচটা নাগাদ বাসে উঠেছিলেন বৌবাজারের বিপাশা,ধর্মতলা যাওয়ার জন্য রবীন্দ্র সদনের সামনে থেকে বিকেল পাঁচটা নাগাদ বাসে উঠেছিলেন বৌবাজারের বিপাশা।,0.0714,0.012,ok
kathbath/bengali/wavs/844424930436731-253-m.wav,/Users/monujgogoi/Downloads/kathbath/bengali/wavs/844424930436731-253-m.wav,5.712125,এই উদ্যোগকে ইতিবাচক উল্লেখ করেছেন তালিকায় থাকা টেকনাফের জাদিমুরা রোহিঙ্গা শিবিরের হেড মাঝি মো,এই উদ্যোগকে ইতিবাচক উল্লেখ করেছেন তালিকায় থাকা টেকনাফের জাদিমুরা রোহিঙ্গা শিবিরের হেড মাঝি মোঃ।,0.0714,0.0247,ok
kathbath/bengali/wavs/844424930554259-502-m.wav,/Users/monujgogoi/Downloads/kathbath/bengali/wavs/844424930554259-502-m.wav,6.4319375,বোর্ডের প্রধান করা হয়েছে ঢাকা মেডিক্যাল কলেজের স্ত্রীরোগ ও প্রসূতিবিদ্যা বিভাগের প্রধান অধ্যাপক ডা,বোর্ডের প্রধান করা হয়েছে ঢাকা মেডিকেল কলেজের স্ত্রী রোগ ও প্রসূতিবিদ্যা বিভাগের প্রধান অধ্যাপক ডাঃ।,0.2857,0.0581,ok
kathbath/bengali/wavs/844424931239800-1035-m.wav,/Users/monujgogoi/Downloads/kathbath/bengali/wavs/844424931239800-1035-m.wav,6.0604375,বন্যার জলে অতিকায় প্রাণী ভেসে উঠতেই চমকে গেলেন বাসিন্দারা,বন্যার জলে অতিকায় প্রাণী ভেসে উঠতেই চমকে গেলেন বাসিন্দারা।,0.1111,0.02,ok
kathbath/bengali/wavs/844424931233410-1035-m.wav,/Users/monujgogoi/Downloads/kathbath/bengali/wavs/844424931233410-1035-m.wav,4.342125,কুশল সংবাদ রোজায় কী খাবেন আর কী খাবেন না,কুশল সংবাদ রোজায় কি খাবেন আর কি খাবেন না।,0.3333,0.0909,ok
kathbath/bengali/wavs/844424930935270-502-m.wav,/Users/monujgogoi/Downloads/kathbath/bengali/wavs/844424930935270-502-m.wav,5.4799375,ভালোবাসার প্রতীক হিসেবে বাঁশের কাঠামো দিয়ে নৌকা তৈরি করে লাগিয়েছেন বাইসাইকেলে,ভালোবাসার প্রতীক হিসেবে বাঁশের কাঠামো দিয়ে নৌকা তৈরি করে লাগিয়েছেন বাইসাইকেলে।,0.0909,0.0145,ok
kathbath/bengali/wavs/844424930627016-210-m.wav,/Users/monujgogoi/Downloads/kathbath/bengali/wavs/844424930627016-210-m.wav,5.5495625,এটিএম বুথের ৯২ লাখ টাকা লুটের ঘটনায় গ্রেপ্তার ৪,এটিএম বুথের বিরানব্বই লাখ টাকা লুটের ঘটনায় গ্রেপ্তার চার।,0.2222,0.325,ok
kathbath/bengali/wavs/844424930773572-372-m.wav,/Users/monujgogoi/Downloads/kathbath/bengali/wavs/844424930773572-372-m.wav,10.518625,ময়মনসিংহ টেলিভিশন জার্নালিস্ট এসোসিয়েশনের সাধারন সম্পাদক ও ইন্ডিপেনডেন্ট টেলিভিশনের প্রতিনিধি আবু সালেহ মো,ময়মনসিংহ টেলিভিশন জার্নালিস্ট অ্যাসোসিয়েশনের সাধারণ সম্পাদক ও ইন্ডিপেন্ডেন্ট টেলিভিশনের প্রতিনিধি আবু সালেম।,0.3846,0.0833,ok
kathbath/bengali/wavs/844424930436657-253-m.wav,/Users/monujgogoi/Downloads/kathbath/bengali/wavs/844424930436657-253-m.wav,3.4598125,বাংলানিউজের আয়োজন এই মুহূর্তে বিশ্বের কোটি কোটি পাঠক দেখছে,বাংলা নিউজের আয়োজন এই মুহূর্তে বিশ্বের কোটি কোটি পাঠক দেখছে।,0.3333,0.0196,ok
kathbath/bengali/wavs/844424930500935-1161-m.wav,/Users/monujgogoi/Downloads/kathbath/bengali/wavs/844424930500935-1161-m.wav,5.03875,সংস্থাটির চেয়ারম্যান সরোয়ার বি সালাম অনুষ্ঠানের মঞ্চে উঠেন ভাইস প্রেসিডেন্ট ডা,সংস্থাটির চেয়ারম্যান সরোয়ার বি সালাম অনুষ্ঠানের মঞ্চে ওঠেন ভাইস প্রেসিডেন্ট ডা।,0.1818,0.0286,ok
kathbath/bengali/wavs/844424930693495-372-m.wav,/Users/monujgogoi/Downloads/kathbath/bengali/wavs/844424930693495-372-m.wav,9.26475,করোনাভাইরাসে আক্রান্ত হয়েছেন হাইকোর্ট বিভাগের বিচারপতি শশাঙ্ক শেখর সরকা,করোনা ভাইরাসে আক্রান্ত হয়েছেন হাইকোর্ট বিভাগের বিচারপতি শশাঙ্ক শেখর সরকার।,0.3333,0.0312,ok
kathbath/bengali/wavs/844424930773549-372-m.wav,/Users/monujgogoi/Downloads/kathbath/bengali/wavs/844424930773549-372-m.wav,6.757,চরিত্রহীনের সাফল্যের পরই তিনি এখন অভিনয় করছেন দক্ষিণের সিনেমায়,চরিত্রহীনের সাফল্যের পরই তিনি এখন অভিনয় করছেন দক্ষিণের সিনেমায়।,0.1111,0.0179,ok
kathbath/bengali/wavs/844424930753509-372-m.wav,/Users/monujgogoi/Downloads/kathbath/bengali/wavs/844424930753509-372-m.wav,7.8715625,গান্ধীর জন্মদিনে সাংসদদের দেড়শ কিমি হাঁটার নির্দেশ দিলেন মোদি,গান্ধীর জন্মদিনে সাংসদদের 150 কিমি হাঁটার নির্দেশ দিলেন মোদী।,0.2222,0.1296,ok
kathbath/bengali/wavs/844424931239816-1035-m.wav,/Users/monujgogoi/Downloads/kathbath/bengali/wavs/844424931239816-1035-m.wav,8.3824375,হল শাখা ছাত্রলীগের সাংগঠনিক সম্পাদক ও মাৎস্যবিজ্ঞান অনুষদের শিক্ষার্থী,হল শাখার ছাত্রলীগের সাংগঠনিক সম্পাদক ও মৎস্যবিজ্ঞান অনুষদে শিক্ষার্থী।,0.4444,0.0645,ok
kathbath/bengali/wavs/844424930935269-502-m.wav,/Users/monujgogoi/Downloads/kathbath/bengali/wavs/844424930935269-502-m.wav,6.5945,ইন্ডিয়া গেটের সামনে ছবি পোস্ট করে প্রজাতন্ত্র দিবসের শুভকামনা জানান সাংসদ অভিনেত্রী মিমি,ইন্ডিয়া গেটের সামনে ছবি পোস্ট করে প্রজাতন্ত্র দিবসের শুভকামনা জানান সাংসদ অভিনেত্রী মিমি।,0.0769,0.013,ok
kathbath/bengali/wavs/844424931279009-417-m.wav,/Users/monujgogoi/Downloads/kathbath/bengali/wavs/844424931279009-417-m.wav,5.7353125,কিন্তু বয়স বাড়লেও তিনি যেন বলিউডের তাবড় অভিনেত্রীদের সঙ্গে পাল্লা দিচ্ছেন এখনও,কিন্তু বয়স বাড়লেও তিনি যেন বলিউডের তাবড় অভিনেত্রীদের সঙ্গে পাল্লা দিচ্ছেন এখনো।,0.0833,0.0286,ok
kathbath/bengali/wavs/844424930773547-372-m.wav,/Users/monujgogoi/Downloads/kathbath/bengali/wavs/844424930773547-372-m.wav,5.340625,১৭ মহিলা সহ ২৪ জন বাড়ি ফিরলেন সুস্থ হয়ে,17 মহিলাসহ 24 জন বাড়ি ফিরলেন সুস্থ হয়ে।,0.5556,0.1515,ok
kathbath/bengali/wavs/844424930470389-210-m.wav,/Users/monujgogoi/Downloads/kathbath/bengali/wavs/844424930470389-210-m.wav,6.757,রাজবাড়ীতে বিএনপি ও ইসলামী আন্দোলনের এজেন্ট বের করে দেয়ার অভিযোগ,রাজবাড়িতে বিএনপি ও ইসলামী আন্দোলনের এজেন্ট বের করে দেওয়ার অভিযোগ।,0.3,0.0536,ok
kathbath/bengali/wavs/844424930773543-372-m.wav,/Users/monujgogoi/Downloads/kathbath/bengali/wavs/844424930773543-372-m.wav,5.7353125,অনেক আমেরিকান ছুটির দিন জার্মান উৎসব তাদের শিকড় আছে,অনেক আমেরিকান ছুটির দিন জার্মান উৎসব তাদের শিকর আছে।,0.2222,0.0682,ok
kathbath/bengali/wavs/844424930935258-502-m.wav,/Users/monujgogoi/Downloads/kathbath/bengali/wavs/844424930935258-502-m.wav,5.7585625,নিউজিল্যান্ডের অন্যান্য শহরেও পুলিশকে কড়া নিরাপত্তা বেষ্টনী তৈরি করতে দেখা গিয়েছে,নিউজিল্যান্ডের অন্যান্য শহরেও পুলিশকে কড়া নিরাপত্তা বেষ্টনী তৈরি করতে দেখা গিয়েছে।,0.0909,0.0137,ok
kathbath/bengali/wavs/844424930436727-253-m.wav,/Users/monujgogoi/Downloads/kathbath/bengali/wavs/844424930436727-253-m.wav,3.9938125,বঁটিতে কেটে যাওয়া শিশুর গলায় জটিল অস্ত্রোপচারে সফল এসএসকেএম,বঁটিতে কেটে যাওয়া শিশুর গলায় জটিল অস্ত্রোপচারে সফল এসএস কেম।,0.2222,0.0377,ok
kathbath/bengali/wavs/844424930935235-502-m.wav,/Users/monujgogoi/Downloads/kathbath/bengali/wavs/844424930935235-502-m.wav,5.8746875,জনসমাবেশে দাঁড়িয়ে বিতর্কিত মন্তব্য করে প্রশ্নের মুখে জম্মু ও কাশ্মীরের রাজ্যপাল,জনসমাবেশে দাঁড়িয়ে বিতর্কিত মন্তব্য করে প্রশ্নের মুখে জম্মু ও কাশ্মীরের রাজ্যপাল।,0.0909,0.0141,ok
kathbath/bengali/wavs/844424931239859-1035-m.wav,/Users/monujgogoi/Downloads/kathbath/bengali/wavs/844424931239859-1035-m.wav,5.897875,গুজব ঠেকাতে মোবাইল নেটওয়ার্ক বন্ধ করতে পারে নির্বাচন কমিশন,গুজব ঠেকাতে মোবাইল নেটওয়ার্ক বন্ধ করতে পারে নির্বাচন কমিশন।,0.1111,0.0196,ok
kathbath/bengali/wavs/844424930500987-1161-m.wav,/Users/monujgogoi/Downloads/kathbath/bengali/wavs/844424930500987-1161-m.wav,5.6656875,তবে যেখানে নির্বাচনের দায়িত্বে থাকা আধিকারিকদের পোশাক পরিচ্ছদের দিকে বিশেষ নজর দিতে হয়,তবে যেখানে নির্বাচনের দায়িত্বে থাকা আধিকারিকদের পোশাক পরিচ্ছদের দিকে বিশেষ নজর দিতে হয়।,0.0769,0.0132,ok
kathbath/bengali/wavs/844424930500958-1161-m.wav,/Users/monujgogoi/Downloads/kathbath/bengali/wavs/844424930500958-1161-m.wav,4.3885625,কিন্তু সেই সেটে শুটিং শুরু হওয়ার আগেই লকডাউনের জন্য পরিস্থিতি জটিল,কিন্তু সেই সেটের শুটিং শুরু হওয়ার আগেই লকডাউনের জন্য পরিস্থিতি জটিল।,0.1818,0.0351,ok
kathbath/bengali/wavs/844424931233432-1035-m.wav,/Users/monujgogoi/Downloads/kathbath/bengali/wavs/844424931233432-1035-m.wav,5.61925,মাত্র ১ দিন পেঁপে পাতার রস খেলেই ভালো হয়ে যাবে ডেঙ্গু,মাত্র একদিন পেঁপে পাতার রস খেলেই ভালো হয়ে যাবে ডেঙ্গু।,0.2727,0.0682,ok
kathbath/bengali/wavs/844424930940988-417-m.wav,/Users/monujgogoi/Downloads/kathbath/bengali/wavs/844424930940988-417-m.wav,8.1501875,কামাখ্যা সহ রাজ্যের ৭ টি পর্যটন স্থলে ২৪ ঘণ্টা বিদ্যুৎ সরবরাহের জন্য ৩০ কোটি মঞ্জুর,কামাখ্যাসহ রাজ্যের সাতটি পর্যটনস্থলে চব্বিশ ঘণ্টা বিদ্যুৎ সরবরাহের জন্যে তিরিশ কোটি মঞ্জুর।,0.6667,0.2319,ok
kathbath/bengali/wavs/844424930753541-372-m.wav,/Users/monujgogoi/Downloads/kathbath/bengali/wavs/844424930753541-372-m.wav,7.52325,পড়ুন বলিউডের একশো কোটির ক্লাবে কোন কোন সিনেমা রয়েছে,পড়ুন বলিউডের 100 কোটির ক্লাবে কোন কোন সিনেমা রয়েছে।,0.2222,0.1111,ok
kathbath/bengali/wavs/844424930753545-372-m.wav,/Users/monujgogoi/Downloads/kathbath/bengali/wavs/844424930753545-372-m.wav,6.4551875,১৯ বল বাকি থাকতেই জয়ের লক্ষ্যে পৌছে যায় মুম্বই,উনিশ বল বাকি থাকতেই জয়ের লক্ষ্যে পৌঁছে যায় মুম্বাই।,0.3333,0.175,ok
kathbath/bengali/wavs/844424931233385-1035-m.wav,/Users/monujgogoi/Downloads/kathbath/bengali/wavs/844424931233385-1035-m.wav,6.8034375,সম্প্রতি হাসপাতাল থেকেই একটি স্ট্যাটাস শেয়ার করেছিলেন জুনিয়র বচ্চন,সম্প্রতি হাসপাতাল থেকেই একটি স্ট্যাটাস শেয়ার করেছিলেন জুনিয়র বচ্চন।,0.1111,0.0167,ok
kathbath/bengali/wavs/844424930470363-210-m.wav,/Users/monujgogoi/Downloads/kathbath/bengali/wavs/844424930470363-210-m.wav,9.357625,পশ্চিমবঙ্গের ক্ষমতাসীন দল তৃণমূল কংগ্রেসের পশ্চিম মেদিনীপুরের একটি কার্যালয়ে বিস্ফোরণে কমপক্ষে একজন নিহত হয়েছে,পশ্চিমবঙ্গের ক্ষমতাসীন দল তৃণমূল কংগ্রেসের পশ্চিম মেদিনীপুরের একটি কার্যালয়ে বিস্ফোরণে কমপক্ষে একজন নিয়ত হয়েছে।,0.1429,0.0303,ok
kathbath/bengali/wavs/844424930627044-210-m.wav,/Users/monujgogoi/Downloads/kathbath/bengali/wavs/844424930627044-210-m.wav,6.083625,হতদরিদ্র ও হোম কোয়ারেন্টিনে থাকা মানুষের বাড়ি বাড়ি ত্রাণ বিতরণ,হত দরিদ্র ও হোম কোয়ারেন্টিনে থাকা মানুষের বাড়ি বাড়ি ত্রাণ বিতরণ।,0.3,0.0179,ok
kathbath/bengali/wavs/844424930753517-372-m.wav,/Users/monujgogoi/Downloads/kathbath/bengali/wavs/844424930753517-372-m.wav,7.15175,করণের কফির আড্ডায় একসঙ্গে জাহ্নবী কাপুর ও অর্জুন কাপুর,করণের কফির আড্ডায় একসঙ্গে জাহ্নভী কাপুর ও অর্জুন কাপুর।,0.2222,0.0426,ok
kathbath/bengali/wavs/844424930773560-372-m.wav,/Users/monujgogoi/Downloads/kathbath/bengali/wavs/844424930773560-372-m.wav,9.4505625,যুক্তরাষ্ট্রের ইউনিভার্সিটি অব ক্যালিফোর্নিয়া সানফ্রান্সিসকোতে করোনা রোগীদের চিকিৎসা সেবা দিচ্ছেন ডা,যুক্তরাষ্ট্রের ইউনিভার্সিটি অফ ক্যালিফোর্নিয়া সান ফ্রান্সিস্কোতে করোনা রোগীদের চিকিৎসা সেবা দিচ্ছে ডাক।,0.4545,0.0549,ok
kathbath/bengali/wavs/844424930941008-417-m.wav,/Users/monujgogoi/Downloads/kathbath/bengali/wavs/844424930941008-417-m.wav,10.8901875,পাইওনিয়র কোম্পানির দুই কর্মচারীকে মারপিট করায় রেঞ্জ কর্মকর্তাকে আদালতে ব্যাখ্যা প্রদানের নির্দেশ,পায়োনিয়র কোম্পানির দুই কর্মচারীকে মারপিট করায় রেঞ্জ কর্মকর্তাকে আদালতে ব্যাখ্যা প্রদানের নির্দেশ।,0.1667,0.046,ok
kathbath/bengali/wavs/844424930773513-372-m.wav,/Users/monujgogoi/Downloads/kathbath/bengali/wavs/844424930773513-372-m.wav,8.0573125,জনসংখ্যার ঘনত্ব অনুযায়ী সার্বভৌম রাষ্ট্র ও নির্ভরশীল অঞ্চলসমূহের তালিকা,জনসংখ্যার ঘনত্ব অনুযায়ী সার্বভৌম রাষ্ট্র ও নির্ভরশীল অঞ্চলসমূহের তালিকা।,0.1111,0.0156,ok
kathbath/bengali/wavs/844424930554270-502-m.wav,/Users/monujgogoi/Downloads/kathbath/bengali/wavs/844424930554270-502-m.wav,4.6904375,মাহিন্দ্রা গ্রুপ ভারতে গ্রামীণ স্বাস্থ্যসেবা উন্নয়নের উদ্যোগ গ্রহণ করেছে,মাহিন্দ্রা গ্রুপ ভারতে গ্রামীণ স্বাস্থ্যসেবা উন্নয়নের উদ্যোগ গ্রহণ করেছেন।,0.1111,0.0308,ok
kathbath/bengali/wavs/844424930470441-210-m.wav,/Users/monujgogoi/Downloads/kathbath/bengali/wavs/844424930470441-210-m.wav,6.083625,টাওয়ারের ছাদ ভেঙে যাওয়ার ফলে বিমান টেক অফ করার পর তিনি টাওয়ার থেকে ঝাঁপ,টাওয়ারের ছাদ ভেঙে যাওয়ার ফলে বিমান টেক অফ করার পর তিনি টাওয়ার থেকে ঝাঁপ।,0.0714,0.0164,ok
kathbath/bengali/wavs/844424930773512-372-m.wav,/Users/monujgogoi/Downloads/kathbath/bengali/wavs/844424930773512-372-m.wav,9.938125,নিজেদের প্রায় এক বিলিয়ন ব্যবহারকারীর সুরক্ষার স্বার্থে বিশ্বের জনপ্রিয় ফ্রি ও সুরক্ষিত যোগাযোগ মা,নিজেদের প্রায় 1 বিলিয়ন ব্যবহারকারীর সুরক্ষার স্বার্থে বিশ্বের জনপ্রিয় ফ্রি ও সুরক্ষিত যোগাযোগ মা।,0.1429,0.0345,ok
kathbath/bengali/wavs/844424930554232-502-m.wav,/Users/monujgogoi/Downloads/kathbath/bengali/wavs/844424930554232-502-m.wav,3.2275625,বাস্তবে তার অস্তিত্ব আছে কি নেই তা নিয়ে বিতর্ক,বাস্তবে তার অস্তিত্ব আছে কি নেই তা নিয়ে বিতর্ক।,0.1111,0.0256,ok
kathbath/bengali/wavs/844424930500970-1161-m.wav,/Users/monujgogoi/Downloads/kathbath/bengali/wavs/844424930500970-1161-m.wav,7.7090625,ব্রাহ্মণবাড়িয়া সদর উপজেলার সুলতানপুর গ্রামে আব্দুল হাকিম মিয়া স্মৃতি গোল্ডকাপ ফুটবল টুর্নামেন্টের ফাইনাল খেলা গতকালবিস্তারিত,ব্রাহ্মণবাড়িয়া সদর উপজেলার সুলতানপুর গ্রামে আব্দুল হাকিম মিয়া স্মৃতি গোল্ড কাপ ফুটবল টুর্নামেন্টের ফাইনাল খেলা গতকাল বিস্তারিত।,0.2667,0.0088,ok
kathbath/bengali/wavs/844424930436712-253-m.wav,/Users/monujgogoi/Downloads/kathbath/bengali/wavs/844424930436712-253-m.wav,4.760125,তামিলনাড়ুর কুয়ো থেকে তিন বছরের শিশুকে উদ্ধারে খোঁড়া হচ্ছে ১১০ ফুট গর্ত,তামিলনাড়ুর কুয়ো থেকে তিন বছরের শিশুকে উদ্ধারে খোঁড়া হচ্ছে একশো দশ ফুট গর্ত।,0.25,0.1129,ok
kathbath/bengali/wavs/844424930753581-372-m.wav,/Users/monujgogoi/Downloads/kathbath/bengali/wavs/844424930753581-372-m.wav,8.68425,আর্থিক সংকটের কারণে ওয়েস্ট ইন্ডিজ সফরে গিয়ে বিপাকে ভারতের মহিলা ক্রিকেট দল,আর্থিক সংকটের কারণে ওয়েস্ট ইন্ডিজ সফরে গিয়ে বিপাকে ভারতের মহিলা ক্রিকেট দল।,0.0833,0.0154,ok
kathbath/bengali/wavs/844424931279013-417-m.wav,/Users/monujgogoi/Downloads/kathbath/bengali/wavs/844424931279013-417-m.wav,5.20125,অনেক খুঁজেও এর পিছনে কোনও বিজ্ঞান খুঁজে পাচ্ছেন না বামেরা,অনেক খুঁজেও এর পিছনে কোনো বিজ্ঞান খুঁজে পাচ্ছে না বামেরা।,0.3,0.0625,ok
kathbath/bengali/wavs/844424930554203-502-m.wav,/Users/monujgogoi/Downloads/kathbath/bengali/wavs/844424930554203-502-m.wav,6.94275,ইন্টারন্যাশনাল ডেস্কঃ ইসলামিক স্টেটের সাথে যুদ্ধের প্রস্তুতিতে ইরাকি সৈন্যদের প্রশিক্ষণ দিতে ইরাকের উত্তর,ইন্টারন্যাশনাল ডেস্ক ইসলামিক স্টেটের সাথে যুদ্ধের প্রস্তুতিতে ইরাকী সৈন্যদের প্রশিক্ষণ দিতে ইরাকের উত্তর।,0.2308,0.0323,ok
kathbath/bengali/wavs/844424930935228-502-m.wav,/Users/monujgogoi/Downloads/kathbath/bengali/wavs/844424930935228-502-m.wav,5.2245,ছবি বিক্রি করে পাওয়া ৫৪ হাজার টাকা করোনা মোকাবিলায় দান করল এই খুদে,ছবি বিক্রি করে পাওয়া ৫৪ হাজার টাকা করোনা মোকাবিলায় দান করল এই ক্ষুদে।,0.0769,0.0714,ok
kathbath/bengali/wavs/844424930500909-1161-m.wav,/Users/monujgogoi/Downloads/kathbath/bengali/wavs/844424930500909-1161-m.wav,6.4319375,পূর্ববর্তী নিবন্ধস্টেট ব্যাঙ্ক অব ইন্ডিয়া ৪০৭ জন স্পেশালিস্ট ক্যাডার অফিসার চুক্তির ভিত্তিতে নিয়োগ করছে,পূর্ববর্তী নিবন্ধ স্টেট ব্যাংক অফ ইন্ডিয়া 407 জন স্পেশালিস্ট ক্যাডার অফিসার যুক্তির ভিত্তিতে নিয়োগ করছে।,0.5,0.087,ok
kathbath/bengali/wavs/844424931239860-1035-m.wav,/Users/monujgogoi/Downloads/kathbath/bengali/wavs/844424931239860-1035-m.wav,8.4520625,কিছুক্ষণের মধ্যেই রাজ্যের একাধিক জেলায় প্রবল ঝড় বৃষ্টির পূর্বাভাস দিল হাওয়া অফিস,কিছুক্ষণের মধ্যেই রাজ্যের একাধিক জেলায় প্রবল ঝড় বৃষ্টির পূর্বাভাস দিল হাওয়া অফিস।,0.0833,0.0139,ok
kathbath/bengali/wavs/844424930550849-1161-m.wav,/Users/monujgogoi/Downloads/kathbath/bengali/wavs/844424930550849-1161-m.wav,4.5975625,সর্বোচ্চ নেতার সঙ্গে সাক্ষাৎ করতে আসা তরুণ বিজ্ঞানীদের একাংশ,সর্বোচ্চ নেতার সঙ্গে সাক্ষাৎ করতে আসা তরুণ বিজ্ঞানীদের একাংশ।,0.1111,0.0192,ok
kathbath/bengali/wavs/844424930693455-372-m.wav,/Users/monujgogoi/Downloads/kathbath/bengali/wavs/844424930693455-372-m.wav,10.750875,প্রথম ইনিংসে আগের দিনের ২১৪ রানের সঙ্গে ৬৮ রান যোগ হতেই ভারতের সাত উইকেট,প্রথম ইনিংসে আগের দিনের 214 রানের সঙ্গে 68 রান যোগ হতেই ভারতের 7 উইকেট।,0.2857,0.1525,ok
kathbath/bengali/wavs/844424930470449-210-m.wav,/Users/monujgogoi/Downloads/kathbath/bengali/wavs/844424930470449-210-m.wav,5.78175,তৃণমূল নেতার বাড়িতেই ঘাঁটি গেড়েছিল গ্রেফতার হওয়া ২ জেএমবি জঙ্গি,তৃণমূল নেতার বাড়িতেই খাঁটি গেড়েছিল গ্রেফতার হওয়া দুই জেএমবি জঙ্গি।,0.3,0.0877,ok
kathbath/bengali/wavs/844424930773506-372-m.wav,/Users/monujgogoi/Downloads/kathbath/bengali/wavs/844424930773506-372-m.wav,6.2461875,একটি ক্রয় মূল্য হ্রাস কোম্পানি ব্যবসা জয় করতে পারবেন,একটি ক্রয়মূল্য হ্রাস কোম্পানি ব্যবসা জয় করতে পারবেন।,0.3333,0.0217,ok
kathbath/bengali/wavs/844424930627045-210-m.wav,/Users/monujgogoi/Downloads/kathbath/bengali/wavs/844424930627045-210-m.wav,5.78175,মিষ্টি নিয়ে বড়বোনের এসএসসি পাস উদযাপন করা হলো না ইমরানের,মিষ্টি নিয়ে বড় বোনের এসএসসি পাস উদযাপন করা হলো না ইমরানের।,0.3,0.0204,ok
kathbath/bengali/wavs/844424930627037-210-m.wav,/Users/monujgogoi/Downloads/kathbath/bengali/wavs/844424930627037-210-m.wav,8.7539375,স্বাধীনতা শিক্ষক পরিষদ সমর্থিত প্যানেলে সভাপতি ও সাধারণ সম্পাদক পদে নির্বাচন করবেন প্রফেসর ড,স্বাধীনতা শিক্ষক পরিষদ সমর্থিত প্যানেলে সভাপতি ও সাধারণ সম্পাদক পদে নির্বাচন করবেন প্রফেসর ডঃ।,0.0714,0.0253,ok
kathbath/bengali/wavs/844424930707840-210-m.wav,/Users/monujgogoi/Downloads/kathbath/bengali/wavs/844424930707840-210-m.wav,8.591375,মৌলভীবাজার পৌরসভায় নৌকা প্রতীকে আওয়ামী লীগ মনোনীত প্রার্থী জেলা যুবলীগ সভাপতি মো,মৌলভীবাজার পৌরসভায় নৌকা প্রতীকে আওয়ামী লীগ মনোনীত প্রার্থী জেলা যুবলীগ সভাপতি মো।,0.0833,0.0141,ok
kathbath/bengali/wavs/844424930773507-372-m.wav,/Users/monujgogoi/Downloads/kathbath/bengali/wavs/844424930773507-372-m.wav,6.57125,নিষেধাজ্ঞার কারণে বেড়ে গেছে দাম ও কমেছে স্থানীয় মুদ্রার দাম,নিষেধাজ্ঞার কারণে বেড়ে গেছে দাম ও কমেছে স্থানীয় মুদ্রার দাম।,0.1,0.0192,ok
kathbath/bengali/wavs/844424930753586-372-m.wav,/Users/monujgogoi/Downloads/kathbath/bengali/wavs/844424930753586-372-m.wav,15.0233125,কর্মশালার উদ্বোধনী অনুষ্ঠানে অন্যান্যের মধ্যে বক্তব্য রাখেন রাজশাহী প্রকৌশল ও প্রযুক্তি বিশ্ববিদ্যালয়ের উপাচার্য অধ্যাপক ড,কর্মশালার উদ্বোধনী অনুষ্ঠানে অন্যান্যের মধ্যে বক্তব্য রাখেন রাজশাহী প্রকৌশল ও প্রযুক্তি বিশ্ববিদ্যালয়ের উপাচার্য অধ্যাপক ডঃ।,0.0667,0.0183,ok
kathbath/bengali/wavs/844424930554201-502-m.wav,/Users/monujgogoi/Downloads/kathbath/bengali/wavs/844424930554201-502-m.wav,5.4566875,দিনহাটায় পরিযায়ী শ্রমিকরা আসার পর থেকেই করোনা পজিটিভের সংখ্যা বেড়েই চলেছে,দিনহাটায় পরিযায়ী শ্রমিকরা আসার পর থেকেই করোনা পজিটিভের সংখ্যা বেড়েই চলেছে।,0.0909,0.0152,ok
kathbath/bengali/wavs/844424930707871-210-m.wav,/Users/monujgogoi/Downloads/kathbath/bengali/wavs/844424930707871-210-m.wav,4.6208125,খোদার প্রিয় বন্ধু সে জন যে জন করে উপার্জন,খোদার প্রিয় বন্ধু সে জন যে জন করে উপার্জন।,0.1111,0.0294,ok
kathbath/bengali/wavs/844424930470447-210-m.wav,/Users/monujgogoi/Downloads/kathbath/bengali/wavs/844424930470447-210-m.wav,6.501625,মহকুমাশাসকের কার্যালয়েও সেই নম্বর লেখা কাগজ দেওয়ালে সাঁটিয়ে দেওয়া হয়েছে,মহকুমা শাসকের কার্যালয়েও সেই নম্বর লেখা কাগজ দেওয়ালে সাটিয়ে দেওয়া হয়েছে।,0.4,0.0299,ok
kathbath/bengali/wavs/844424930464226-1161-m.wav,/Users/monujgogoi/Downloads/kathbath/bengali/wavs/844424930464226-1161-m.wav,3.7151875,বৃষ্টি ও ঝড়ো হাওয়ার মধ্যেই ধান কেটে দিলো ছাত্রলীগ,বৃষ্টি ও ঝড় হওয়ার মধ্যেই ধান কেটে দিল ছাত্রলীগ।,0.4444,0.093,ok
kathbath/bengali/wavs/844424930550857-1161-m.wav,/Users/monujgogoi/Downloads/kathbath/bengali/wavs/844424930550857-1161-m.wav,4.736875,এ প্ল্যাটফর্ম থেকে দেশ ও দেশের বাইরের যে সব গান সম্প্রচার,এ প্ল্যাটফর্ম থেকে দেশ ও দেশের বাইরের যেসব গান সম্প্রচার।,0.2727,0.0213,ok
kathbath/bengali/wavs/844424930554262-502-m.wav,/Users/monujgogoi/Downloads/kathbath/bengali/wavs/844424930554262-502-m.wav,4.7833125,বনগাঁ থেকে মেঘালয় গাছ লাগানোর বার্তা নিয়ে সাইকেল যাত্রা ভেঙ্কটেশের,বনগাঁ থেকে মেঘালয়ে গাছ লাগানোর বার্তা নিয়ে সাইকেল যাত্রা ভেঙ্কটেশের।,0.2,0.0339,ok
kathbath/bengali/wavs/844424931233422-1035-m.wav,/Users/monujgogoi/Downloads/kathbath/bengali/wavs/844424931233422-1035-m.wav,7.2214375,গৃহকর্মী মারুফাকে ধর্ষণ ও হত্যার অভিযোগে চেয়ারম্যানকে অবাঞ্ছিত ঘোষণা,গৃহকর্মী মারুফাকে ধর্ষণ ও হত্যার অভিযোগে চেয়ারম্যানকে অবাঞ্ছিত ঘোষণা।,0.1111,0.0164,ok
kathbath/bengali/wavs/844424930554219-502-m.wav,/Users/monujgogoi/Downloads/kathbath/bengali/wavs/844424930554219-502-m.wav,4.7833125,মৎস্য ও প্রাণিসম্পদ খাতের ক্ষতি পোষাতে সব ব্যবস্থা নেয়া হবে,মৎস্য ও প্রাণিসম্পদ খাতের ক্ষতি পোষাতে সব ব্যবস্থা নেওয়া হবে।,0.2,0.0392,ok
kathbath/bengali/wavs/844424930753556-372-m.wav,/Users/monujgogoi/Downloads/kathbath/bengali/wavs/844424930753556-372-m.wav,11.8654375,রেলপথ পুনঃস্থাপন কাজের উদ্বোধনী অনুষ্ঠানে সভাপতিত্ব করেন রেলপথ মন্ত্রণালয়ের ভারপ্রাপ্ত সচিব মো,রেলপথ পুনঃস্থাপন কাজের উদ্বোধনী অনুষ্ঠানে সভাপতিত্ব করেন রেলপথ মন্ত্রণালয়ের ভারপ্রাপ্ত সচিব মো।,0.0833,0.0119,ok
kathbath/bengali/wavs/844424930554237-502-m.wav,/Users/monujgogoi/Downloads/kathbath/bengali/wavs/844424930554237-502-m.wav,4.156375,এই তিন পেসারের পারফরম্যান্সেই ম্যাচ জয়ের স্বপ্ন দেখছেন মনোজ,এই তিন পেসারের পারফরম্যান্সেই ম্যাচ জয়ের স্বপ্ন দেখছেন মনোজ।,0.1111,0.0192,ok
kathbath/bengali/wavs/844424930464188-1161-m.wav,/Users/monujgogoi/Downloads/kathbath/bengali/wavs/844424930464188-1161-m.wav,3.9938125,যদি কখনো ছুয়ে দিতে ইচ্ছে হয় সাগর হয়ে আজ জড়াব তোমায়,যদি কখনো ছুঁয়ে দিতে ইচ্ছে হয় সাগর হয়ে আজ জড়াবো তোমায়।,0.2727,0.0667,ok
kathbath/bengali/wavs/844424931233431-1035-m.wav,/Users/monujgogoi/Downloads/kathbath/bengali/wavs/844424931233431-1035-m.wav,10.727625,পরবর্তী সংবাদ মহামান্য হাইকোর্টের আদেশে বুড়িগঞ্জ উচ্চ বিদ্যালয়ের নির্বাচিত ম্যানেজিং কমিটির কার্যক্রম স্থগিত,পরবর্তী সংবাদ মহামান্য হাইকোর্টের আদেশে বুড়িগঞ্জ উচ্চ বিদ্যালয়ের নির্বাচিত ম্যানেজিং কমিটির কার্যক্রম স্থগিত।,0.0769,0.0102,ok
kathbath/bengali/wavs/844424930935277-502-m.wav,/Users/monujgogoi/Downloads/kathbath/bengali/wavs/844424930935277-502-m.wav,4.156375,কেরিয়ারের শুরু থেকেই ধোনির ট্রেড মার্ক ছিল হেলিকপ্টার শট,ক্যারিয়ারের শুরু থেকেই ধনীর ট্রেডমার্ক ছিল হেলিকপ্টার শট।,0.5556,0.1224,ok
kathbath/bengali/wavs/844424931239838-1035-m.wav,/Users/monujgogoi/Downloads/kathbath/bengali/wavs/844424931239838-1035-m.wav,9.195125,অনুষ্ঠিত আ জেএসইউ পার্টির বিধানসভা স্তরের কর্মী সম্মেলনে সুদেশ কুমার মাহাতো,অনুষ্ঠিত আ জেএসইউ পার্টির বিধানসভা স্তরের কর্মী সম্মেলনে সুদেশ কুমার মাহাতো।,0.0909,0.0154,ok
kathbath/bengali/wavs/844424930470417-210-m.wav,/Users/monujgogoi/Downloads/kathbath/bengali/wavs/844424930470417-210-m.wav,6.8034375,আগামিকাল থেকে বৃষ্টির পরিমাণ বাড়বে । উত্তরবঙ্গে ভারী থেকে অতি ভারী বৃষ্টি হতে পারে,"আগামীকাল থেকে বৃষ্টির পরিমাণ বাড়বে, উত্তরবঙ্গে ভারী থেকে অতি ভারী বৃষ্টি হতে পারে।",0.2857,0.0429,ok
kathbath/bengali/wavs/844424931278999-417-m.wav,/Users/monujgogoi/Downloads/kathbath/bengali/wavs/844424931278999-417-m.wav,5.712125,লাশটি পটুয়াখালী সদর উপজেলার ধরান্দি এলাকার মৃত আবুল হোসেনের ছেলে মো,লাশটি পটুয়াখালী সদর উপজেলার ধরানদি এলাকার মৃত অবুল হোসেনের ছেলে মো।,0.2727,0.0517,ok
kathbath/bengali/wavs/844424930627015-210-m.wav,/Users/monujgogoi/Downloads/kathbath/bengali/wavs/844424930627015-210-m.wav,5.503125,কর্মসংস্থান না হলে সমুদ্রপথে ঝুঁকি নিয়ে মানুষ বিদেশ যাবেই,কর্মসংস্থান না হলে সমুদ্রপথে ঝুঁকি নিয়ে মানুষ বিদেশ যাবেই।,0.1111,0.02,ok
kathbath/bengali/wavs/844424930940952-417-m.wav,/Users/monujgogoi/Downloads/kathbath/bengali/wavs/844424930940952-417-m.wav,8.9165,আটক দিল্লির উপমুখ্যমন্ত্রী মণীশ সিসোদিয়াসহ আম আদমি পার্টির ৫২ বিধায়ক,আটক দিল্লির উপমুখ্যমন্ত্রী মনীষ সিসোদিয়া সহ আম আদমি পার্টির বাহান্ন বিধায়ক।,0.5,0.1639,ok
kathbath/bengali/wavs/844424931279047-417-m.wav,/Users/monujgogoi/Downloads/kathbath/bengali/wavs/844424931279047-417-m.wav,5.0155,বিশেষ অতিথি ছিলেন বাকৃবি রিসার্চ সিস্টেমের পরিচালক অধ্যাপক ড,বিশেষ অতিথি ছিলেন বাকরি রিচার্জ সিস্টেমের পরিচালক অধ্যাপক ডঃ।,0.3333,0.1154,ok
kathbath/bengali/wavs/844424930693474-372-m.wav,/Users/monujgogoi/Downloads/kathbath/bengali/wavs/844424930693474-372-m.wav,9.380875,কিট হস্তান্তর অনুষ্ঠানে বক্তব্য রাখছেন গণস্বাস্থ্য কেন্দ্রের প্রতিষ্ঠাতা ও ট্রাস্টি ডা,কীট হস্তান্তর অনুষ্ঠানে বক্তব্য রাখছেন গণস্বাস্থ্য কেন্দ্রের প্রতিষ্ঠাতা ও ট্রাস্টি ডাঃ।,0.1818,0.0395,ok
kathbath/bengali/wavs/844424930773493-372-m.wav,/Users/monujgogoi/Downloads/kathbath/bengali/wavs/844424930773493-372-m.wav,6.5945,শহর থেকে নিজেদের উড়ান তুলে নিয়েছে চায়না ইস্টার্ন এয়ারলাইন্স,শহর থেকে নিজেদের উড়ান তুলে নিয়েছে চায়না ইস্টার্ন এয়ারলাইন্স।,0.1111,0.0182,ok
kathbath/bengali/wavs/844424930627049-210-m.wav,/Users/monujgogoi/Downloads/kathbath/bengali/wavs/844424930627049-210-m.wav,6.5945,বাংলাদেশ ব্যাংকের সর্বশেষ প্রতিবেদন কৃষকের হিসাবে ২৮২ কোটি টাকা,বাংলাদেশ ব্যাংকের সর্বশেষ প্রতিবেদন কৃষকের হিসাবে ২৮২ কোটি টাকা।,0.1111,0.0182,ok
kathbath/bengali/wavs/844424931233439-1035-m.wav,/Users/monujgogoi/Downloads/kathbath/bengali/wavs/844424931233439-1035-m.wav,6.6409375,দেড় মাস ধরে লাদাখে ভারতীয় অঞ্চলে অনধিকার প্রবেশ করেছে চিন,দেড় মাস ধরে লাদাখে ভারতীয় অঞ্চলে অনধিকার প্রবেশ করেছে চীন।,0.1,0.04,ok
kathbath/bengali/wavs/844424932360032-778-m.wav,/Users/monujgogoi/Downloads/kathbath/bengali/wavs/844424932360032-778-m.wav,5.317375,মেঘালয়ে উদ্ধারকার্যে নামানো হল ওড়িশার দমকল বাহিনীর বিশেষ দল,মেঘালয়ে উদ্ধারকার্যে নামানো হলো উড়িষ্যার দমকল বাহিনীর বিশেষ দল।,0.3333,0.1132,ok
kathbath/bengali/wavs/844424930935278-502-m.wav,/Users/monujgogoi/Downloads/kathbath/bengali/wavs/844424930935278-502-m.wav,3.483,এর ফলে প্রায় ১২ লাখ টাকার টাকার ক্ষতি হয়েছে,এর ফলে প্রায় ১২ লাখ টাকার ক্ষতি হয়েছে।,0.2222,0.1622,ok
kathbath/bengali/wavs/844424930464224-1161-m.wav,/Users/monujgogoi/Downloads/kathbath/bengali/wavs/844424930464224-1161-m.wav,5.0851875,এ বিষয়ে কথা বলতে পশ্চিমাঞ্চলীয় রেলওয়ের পাকশী বিভাগীয় কমার্শিয়াল অফিসার মো,এ বিষয়ে কথা বলতে পশ্চিমাঞ্চলীয় রেলওয়ের পাক্সি বিভাগীয় কমার্শিয়াল অফিসার মোঃ।,0.1818,0.0735,ok
kathbath/bengali/wavs/844424931239844-1035-m.wav,/Users/monujgogoi/Downloads/kathbath/bengali/wavs/844424931239844-1035-m.wav,7.430375,পদ্মা পাড় দখল মুক্তসহ ৭ দফা দাবিতে রাজশাহী মেয়রকে স্মারকলিপি,পদ্মা পাড় দখল মুক্তসহ সাত দফা দাবিতে রাজশাহী মেয়রকে স্মারকলিপি।,0.2,0.0755,ok
kathbath/bengali/wavs/844424930436694-253-m.wav,/Users/monujgogoi/Downloads/kathbath/bengali/wavs/844424930436694-253-m.wav,4.08675,এই অধিবেশন যদি ঠিকঠাক ভাবে এগোয় সেক্ষেত্রে এই অধিবেশনে ১৮ টি নত,এই অধিবেশন যদি ঠিকঠাকভাবে এগোয় সেক্ষেত্রে এই অধিবেশনে 18টি নত।,0.4167,0.0566,ok
kathbath/bengali/wavs/844424930554236-502-m.wav,/Users/monujgogoi/Downloads/kathbath/bengali/wavs/844424930554236-502-m.wav,4.365375,পশ্চিমী ঝঞ্ঝার ফাঁক গলে শহরে শীত আসতে ডিসেম্বরের প্রথম সপ্তাহ,পশ্চিমী ঝঞ্ঝার ফাঁক গলে শহরে শীত আসতে ডিসেম্বরের প্রথম সপ্তাহ।,0.1,0.0192,ok
kathbath/bengali/wavs/844424930554288-502-m.wav,/Users/monujgogoi/Downloads/kathbath/bengali/wavs/844424930554288-502-m.wav,4.3189375,জল্পনায় ইতি টেনে ৯০ দিনে রিপোর্ট জমা দেওয়ার নির্দেশ বাইডেনের,জল্পনায় ইতি টেনে ৯০ দিনে রিপোর্ট জমা দেওয়ার নির্দেশ বাইডেনের।,0.1,0.0189,ok
kathbath/bengali/wavs/844424930500979-1161-m.wav,/Users/monujgogoi/Downloads/kathbath/bengali/wavs/844424930500979-1161-m.wav,4.4814375,গবাদি পশুর জন্য রাজ্যে শীঘ্ৰই চালু হচ্ছে অ্যাম্বুলেন্স সেবাঃ অতুল বরা,গবাদি পশুর জন্য রাজ্যে শীঘ্রই চালু হচ্ছে অ্যাম্বুলেন্স সেবা অতুল বড়া।,0.2727,0.0847,ok
kathbath/bengali/wavs/844424930464249-1161-m.wav,/Users/monujgogoi/Downloads/kathbath/bengali/wavs/844424930464249-1161-m.wav,3.483,পিপিই পরে গয়নার দোকান থেকে সোনা নিয়ে চম্পট চোরের,পিপিই পরে গহনার দোকান থেকে সোনা নিয়ে চম্পট চোরের।,0.2222,0.0714,ok
kathbath/bengali/wavs/844424930940991-417-m.wav,/Users/monujgogoi/Downloads/kathbath/bengali/wavs/844424930940991-417-m.wav,8.777125,বিশ্বকাপের মরশুমে ফুটবলপ্রেমীদের জন্য সুখবর নিয়ে এলো আইডিয়া সেলুলার,বিশ্বকাপের মরশুমে ফুটবল প্রেমীদের জন্য সুখবর নিয়ে এলো আইডিয়া সেলুলার।,0.3333,0.0164,ok
kathbath/bengali/wavs/844424930464159-1161-m.wav,/Users/monujgogoi/Downloads/kathbath/bengali/wavs/844424930464159-1161-m.wav,3.66875,গাছের ডাল কাটাকে কেন্দ্র করে সংঘর্ষে স্কুল ছাত্রের মৃত্যু,গাছের ডাল কাটাকে কেন্দ্র করে সংঘর্ষে স্কুল ছাত্রের মৃত্যু।,0.1111,0.0204,ok
kathbath/bengali/wavs/844424930707872-210-m.wav,/Users/monujgogoi/Downloads/kathbath/bengali/wavs/844424930707872-210-m.wav,5.7585625,অনেক নিমেষ অই পৃথিবীর কাঁটা গোলাপ শিশিরকণা মৃতের কথা ভেবে,অনেক নিমেষই পৃথিবীর কাটা গোলাপ শিশির কণা মৃতের কথা ভেবে।,0.6,0.0625,ok
kathbath/bengali/wavs/844424932360035-778-m.wav,/Users/monujgogoi/Downloads/kathbath/bengali/wavs/844424932360035-778-m.wav,5.6656875,শ্রীলঙ্কায় মুসলিমদের ওপর বৌদ্ধদের সহিংসতা ঠেকাতে হিমশিম অবস্থায় কর্তৃপক্ষ,শ্রীলঙ্কায় মুসলিমদের উপর বৌদ্ধদের সহিংসতা ঠেকাতে হিমশিম অবস্থায় কর্তৃপক্ষ।,0.2222,0.0299,ok
kathbath/bengali/wavs/844424931239857-1035-m.wav,/Users/monujgogoi/Downloads/kathbath/bengali/wavs/844424931239857-1035-m.wav,6.687375,এ সময় অন্যান্যর মধ্যে উপস্থিত ছিলেন প্রধানমন্ত্রীর মুখ্য সচিব ড,এ সময় অন্যান্যর মধ্যে উপস্থিত ছিলেন প্রধানমন্ত্রীর মুখ্য সচিব ডঃ।,0.1,0.0364,ok
kathbath/bengali/wavs/844424930940953-417-m.wav,/Users/monujgogoi/Downloads/kathbath/bengali/wavs/844424930940953-417-m.wav,8.219875,নেপাল বাংলাদেশের সঙ্গে একটি ব্যাপক সংযোগ ব্যবস্থা গড়ে তুলতে চায় উল্লেখ করে ড,নেপাল বাংলাদেশের সঙ্গে একটি ব্যাপক সংযোগ ব্যবস্থা গড়ে তুলতে চায় উল্লেখ করে ড।,0.0769,0.0152,ok
kathbath/bengali/wavs/844424930500905-1161-m.wav,/Users/monujgogoi/Downloads/kathbath/bengali/wavs/844424930500905-1161-m.wav,3.5294375,সিবিআই কাণ্ডে কী প্রতিক্রিয়া পুলিশ কমিশনার রাজীব কুমারের মায়ের,সিবিআই কাণ্ডে কি প্রতিক্রিয়া পুলিশ কমিশনার রাজীব কুমারের মায়ের?,0.2222,0.0357,ok
kathbath/bengali/wavs/844424931279067-417-m.wav,/Users/monujgogoi/Downloads/kathbath/bengali/wavs/844424931279067-417-m.wav,8.8468125,জকিগঞ্জে বিচারের নামে নির্যাতনকারি ইউপি সদস্য ৩ সহযোগীসহ গ্রেফতার,জোকিগঞ্জে বিচারের নামে নির্যাতনকারী ইউপি সদস্য তিন সহযোগীসহ গ্রেফতার।,0.4444,0.1053,ok
kathbath/bengali/wavs/844424930436734-253-m.wav,/Users/monujgogoi/Downloads/kathbath/bengali/wavs/844424930436734-253-m.wav,5.7585625,কলা খুবই এনার্জিটিক ফল। একইসঙ্গে এই ফলটি একেবারেই দামীও নয়। যেকেউই এই ফলটি কিনতে পারে,কলা খুবই এনার্জেটিক ফল একই সঙ্গে এই ফলটি একেবারেই দামীও নয় যে কেউই এই ফলটি কিনতে পারে,0.4667,0.0417,ok
kathbath/bengali/wavs/844424930753496-372-m.wav,/Users/monujgogoi/Downloads/kathbath/bengali/wavs/844424930753496-372-m.wav,9.775625,সেই ১৯৮৬ সালে শ্রীলঙ্কায় এশিয়া কাপ ক্রিকেটের মধ্য দিয়ে একদিনের আন্তর্জাতিক ম্যাচে অভিষেক,সেই ১৯৮৬ সালে শ্রীলঙ্কায় এশিয়া কাপ ক্রিকেটের মধ্য দিয়ে একদিনের আন্তর্জাতিক ম্যাচে অভিষেক।,0.0769,0.0127,ok
kathbath/bengali/wavs/844424930773524-372-m.wav,/Users/monujgogoi/Downloads/kathbath/bengali/wavs/844424930773524-372-m.wav,8.010875,তবে এই পিচকেও কিন্তু ভয় পাচ্ছেন অত্যন্ত চাপে থাকা ইংল্যান্ড অধিনায়ক অলিস্ট,তবে এই পিচকেও কিন্তু ভয় পাচ্ছেন অত্যন্ত চাপে থাকা ইংল্যান্ড অধিনায়ক অলিস্ট।,0.0833,0.0154,ok
kathbath/bengali/wavs/844424930935245-502-m.wav,/Users/monujgogoi/Downloads/kathbath/bengali/wavs/844424930935245-502-m.wav,4.7833125,২ বছর আগেই এই ট্যাঙ্ক তৈরি করেছিল জনস্বাস্থ্য কারিগরি দফতর,দু বছর আগেই এই ট্যাঙ্ক তৈরি করেছিল জনস্বাস্থ্য কারিগরি দপ্তর।,0.2,0.102,ok
kathbath/bengali/wavs/844424930554258-502-m.wav,/Users/monujgogoi/Downloads/kathbath/bengali/wavs/844424930554258-502-m.wav,4.1099375,দ্বিতীয় প্রান্তিকে গ্রামীণফোনের আয় ৩ হাজার ২৪০ কোটি টাকা,"দ্বিতীয় প্রান্তিকে গ্রামীণ ফোনের আয় ৩,২৪০ কোটি টাকা।",0.6667,0.12,ok
kathbath/bengali/wavs/844424930554268-502-m.wav,/Users/monujgogoi/Downloads/kathbath/bengali/wavs/844424930554268-502-m.wav,5.2941875,যার মধ্যে পঞ্জাব এবং সানরাইজার্সের বিরুদ্ধে খেলতে হবে তাদের ঘরের মাঠে,যার মধ্যে পঞ্জাব এবং সানরাইজার্সের বিরুদ্ধে খেলতে হবে তাদের ঘরের মাঠে।,0.0909,0.0169,ok
kathbath/bengali/wavs/844424930436740-253-m.wav,/Users/monujgogoi/Downloads/kathbath/bengali/wavs/844424930436740-253-m.wav,3.9241875,ঘটনার তীব্র নিন্দা করেন অন্ধ্রপ্রদেশের প্রাক্তন মুখ্যমন্ত্রী চন্দ্রবাবু নাইডু,ঘটনার তীব্র নিন্দা করেন অন্ধ্রপ্রদেশের প্রাক্তন মুখ্যমন্ত্রী চন্দ্রবাবু নাইডু।,0.1111,0.0145,ok
kathbath/bengali/wavs/844424930470381-210-m.wav,/Users/monujgogoi/Downloads/kathbath/bengali/wavs/844424930470381-210-m.wav,10.24,প্রযোজনা সংস্থা হিলর ভালেদি এবং হিলর প্রডাকশন্সের বর্ষপূর্তি উপলক্ষে টেলিফিল্মটির মোড়ক উন্মোচন করা হয়,প্রযোজনা সংস্থা হিলর ভালেদি এবং হিলর প্রোডাকশনসের বর্ষপূর্তি উপলক্ষে টেলি ফিল্মটির মোড়ক উন্মোচনা করা হয়।,0.3571,0.0444,ok
kathbath/bengali/wavs/844424931233445-1035-m.wav,/Users/monujgogoi/Downloads/kathbath/bengali/wavs/844424931233445-1035-m.wav,7.52325,খোলামেলা পোশাকে নিজের পোষ্যের সাথে ছবি পোস্ট করে ভাইরাল অ্যামি জ্যাকসন,খোলামেলা পোশাকে নিজের পোষের সাথে ছবি পোস্ট করে ভাইরাল অ্যামি জ্যাকসন।,0.1818,0.05,ok
kathbath/bengali/wavs/844424930554285-502-m.wav,/Users/monujgogoi/Downloads/kathbath/bengali/wavs/844424930554285-502-m.wav,6.083625,মুখ্যমন্ত্রী হিসেবে দ্বিতীয় ইনিংস শুরুর পরে রাজ্য জুড়ে তোলাবাজি বন্ধে কঠোর হওয়ার বার্তা দিয়েছেন,মুখ্যমন্ত্রী হিসেবে দ্বিতীয় ইনিংস শুরুর পরে রাজ্যজুড়ে তোলাবাজি বন্ধে কঠোর হওয়ার বার্তা দিয়েছেন।,0.2143,0.0116,ok
kathbath/bengali/wavs/844424930464154-1161-m.wav,/Users/monujgogoi/Downloads/kathbath/bengali/wavs/844424930464154-1161-m.wav,6.664125,আজ একমাত্র বঙ্গ বিজেপির সভাপতি তথা রাজ্যের সাংসদ দিলীপ ঘোষকে পশ্চিমবঙ্গের পরিস্থিতি নিয়ে বক্তব্য,আজ একমাত্র বঙ্গ বিজেপির সভাপতি তথা রাজ্যের সাংসদ দিলীপ ঘোষকে পশ্চিমবঙ্গের পরিস্থিতি নিয়ে বক্তব্য।,0.0714,0.0119,ok
kathbath/bengali/wavs/844424930753549-372-m.wav,/Users/monujgogoi/Downloads/kathbath/bengali/wavs/844424930753549-372-m.wav,9.84525,এতে প্রধান অতিথি ছিলেন সংরক্ষিত মহিলা আসনের সংসদ সদস্য ও উপজেলা আ,এতে প্রধান অতিথি ছিলেন সংরক্ষিত মহিলা আসনের সংসদ সদস্য ও উপজেলা আ।,0.0833,0.0185,ok
kathbath/bengali/wavs/844424930464201-1161-m.wav,/Users/monujgogoi/Downloads/kathbath/bengali/wavs/844424930464201-1161-m.wav,3.9938125,আল্লাহর রহমত আর আপনাদের দোয়ার বরকত নিয়েই এগুতে চাই,আল্লাহর রহমত আর আপনাদের দোয়ার বরকত নিয়ে এগুতে চাই।,0.2222,0.0455,ok
kathbath/bengali/wavs/844424930935247-502-m.wav,/Users/monujgogoi/Downloads/kathbath/bengali/wavs/844424930935247-502-m.wav,4.5743125,রাবের ৪ এর জ্যেষ্ঠ সহকারী পরিচালক ফাইট লেফটেন্যান্ট মো,রাবের চারের জ্যেষ্ঠ সহকারী পরিচালক ফ্রাইট লেফটেনেন্ট মো।,0.5556,0.2174,ok
kathbath/bengali/wavs/844424930554277-502-m.wav,/Users/monujgogoi/Downloads/kathbath/bengali/wavs/844424930554277-502-m.wav,4.945875,পুলিশের বিশেষ অভিযানের নামে কিশোরগঞ্জের ভৈরবে শহর ফাঁড়ির ইনচার্জ মো,পুলিশের বিশেষ অভিযানের নামে কিশোরগঞ্জের ভৈরবে শহরফাঁড়ির ইনচার্জ মো।,0.3,0.0169,ok
kathbath/bengali/wavs/844424930935251-502-m.wav,/Users/monujgogoi/Downloads/kathbath/bengali/wavs/844424930935251-502-m.wav,7.8948125,সাতক্ষীরা জেলা ছাত্রলীগের সদ্যবিলুপ্ত কমিটির বহিষ্কৃত সাধারণ সম্পাদক সৈয়দ সাদিকুর রহমান সাদিকের স,সাতক্ষীরা জেলা ছাত্রলীগের সদ্য বিলুপ্ত কমিটির বহিষ্কৃত সাধারণ সম্পাদক সৈয়দ সাদিকুর রহমান সাদিকের শ,0.2308,0.0116,ok
kathbath/bengali/wavs/844424931239856-1035-m.wav,/Users/monujgogoi/Downloads/kathbath/bengali/wavs/844424931239856-1035-m.wav,9.8220625,অন্যদিকে এই লাশ দাফনের ১৫ দিন পর বরগুনার সদর উপজেলার বদরখালী ইউনিয়নের কাটাখালী গ্রামের আ,অন্যদিকে এই লাশ দাফনের পনেরো দিন পর বরগুনার সদর উপজেলার বদরখালি ইউনিয়নের খাটাখালি গ্রামে আ,0.2667,0.12,ok
kathbath/bengali/wavs/844424930550796-1161-m.wav,/Users/monujgogoi/Downloads/kathbath/bengali/wavs/844424930550796-1161-m.wav,7.1285625,জাতীয় কবিতা পরিষদের সাধারণ সম্পাদক কবি তারিক সুজাতের বক্তব্যের পর কবিতা পরিষদের সভাপতি কবি ড,জাতীয় কবিতা পরিষদের সাধারণ সম্পাদক কবি তারিক সুজাতের বক্তব্যের পর কবিতা পরিষদের সভাপতি কবি ডঃ,0.0667,0.0127,ok
kathbath/bengali/wavs/844424930464166-1161-m.wav,/Users/monujgogoi/Downloads/kathbath/bengali/wavs/844424930464166-1161-m.wav,6.3158125,সুপ্রিম কোর্টে প্রধান বিচারপতির নেতৃত্বাধীন সাংবিধানিক বেঞ্চে অযোধ্যার বিতর্কিত জমি মামলার,সুপ্রিম কোর্টে প্রধান বিচারপতির নেতৃত্বাধীন সাংবিধানিক ব্রেঞ্চে অযোধ্যার বিতর্কিত জমি মামলার।,0.1818,0.0375,ok
kathbath/bengali/wavs/844424930707895-210-m.wav,/Users/monujgogoi/Downloads/kathbath/bengali/wavs/844424930707895-210-m.wav,5.108375,সব রাজ্য এই বৈঠকে উপস্থিত হলেও ছিল না পশ্চিমবঙ্গ,সব রাজ্য এই বৈঠকে উপস্থিত হলেও ছিল না পশ্চিমবঙ্গ।,0.1111,0.025,ok
kathbath/bengali/wavs/844424930436669-253-m.wav,/Users/monujgogoi/Downloads/kathbath/bengali/wavs/844424930436669-253-m.wav,4.1099375,গত ২৮ জুনের এই ছবিটিই অসুস্থ অবস্থায় এরশাদের প্রকাশিত শেষ ছবি,গত ২৮ জুনের এই ছবিটি অসুস্থ অবস্থায় এরশাদের প্রকাশিত শেষ ছবি।,0.1818,0.0385,ok
kathbath/bengali/wavs/844424930464225-1161-m.wav,/Users/monujgogoi/Downloads/kathbath/bengali/wavs/844424930464225-1161-m.wav,4.2260625,আমফান পরবর্তী রাজ্যের পরিস্থিতি নিয়ে সরাসরি রাজ্যকেই খোঁচা রাজ্যপালের,আমফান পরবর্তী রাজ্যের পরিস্থিতি নিয়ে সরাসরি রাজ্যকেই খোঁচা রাজ্যপালের।,0.1111,0.0161,ok
kathbath/bengali/wavs/844424930436709-253-m.wav,/Users/monujgogoi/Downloads/kathbath/bengali/wavs/844424930436709-253-m.wav,3.4365625,এর সঙ্গে এই ফোনে একটি ফিঙ্গারপ্রিন্ট স্ক্যানার বিদ্যমান রয়েছে,এর সঙ্গে এই ফোনে একটি ফিঙ্গারপ্রিন্ট স্ক্যানার বিদ্যমান রয়েছে।,0.1111,0.0185,ok
kathbath/bengali/wavs/844424930550830-1161-m.wav,/Users/monujgogoi/Downloads/kathbath/bengali/wavs/844424930550830-1161-m.wav,4.156375,যে আর্তনাদ ঠোঁটে এলো না সে বুকে দাগ কেটে বসে,যে আর্তনাদ ঠোঁটে এলো না সে বুকে দাগ কেটে বসে।,0.1,0.0286,ok
kathbath/bengali/wavs/844424931233418-1035-m.wav,/Users/monujgogoi/Downloads/kathbath/bengali/wavs/844424931233418-1035-m.wav,9.009375,আগামী ২৭ তারিখের পরবর্তী শুনানির আগেই শ্রীনিবাসনকে ইস্তফা দিতে বলেছে শীর্ষ আদালত,আগামী 27 তারিখের পরবর্তী শুনানির আগেই শ্রীনিবাসনকে ইস্তফা দিতে বলেছে শীর্ষ আদালত।,0.1667,0.0435,ok
kathbath/bengali/wavs/844424930773538-372-m.wav,/Users/monujgogoi/Downloads/kathbath/bengali/wavs/844424930773538-372-m.wav,5.8746875,চার শতাধিক ব্রিটিশ নাগরিক প্রথম ২ ফ্লাইটে দেশে ফিরে গেছেন,4 শতাধিক ব্রিটিশ নাগরিক প্রথম ফ্লাইটে দেশে ফিরে গেছেন।,0.3,0.1042,ok
kathbath/bengali/wavs/844424930436702-253-m.wav,/Users/monujgogoi/Downloads/kathbath/bengali/wavs/844424930436702-253-m.wav,3.3436875,বিজেপি জুজু উড়িয়ে আরও ভাল কাজের অঙ্গীকার মানিক সরকারের,বিজেপি জুজু উড়িয়ে আরও ভালো কাজের অঙ্গীকার মানিক সরকারের।,0.2222,0.0417,ok
kathbath/bengali/wavs/844424931239847-1035-m.wav,/Users/monujgogoi/Downloads/kathbath/bengali/wavs/844424931239847-1035-m.wav,9.9845625,কর্মশালার সমাপনী অনুষ্ঠানে প্রধান অতিথি হিসেবে উপস্থিত থাকবেন বাংলাদেশ সুপ্রিম কোর্টের আপিল বিভাগের বিচারপতি মো,কর্মশালার সমাপনী অনুষ্ঠানে প্রধান অতিথি হিসেবে উপস্থিত থাকবেন বাংলাদেশ সুপ্রিম কোর্টের আপিল বিভাগের বিচারপতি।,0.1333,0.0206,ok
kathbath/bengali/wavs/844424930773491-372-m.wav,/Users/monujgogoi/Downloads/kathbath/bengali/wavs/844424930773491-372-m.wav,6.5945,নিজের সঙ্গে সঙ্গে অন্যদেরও মৃত্যুর মুখে ফেলে দিলেন তিনি,নিজের সঙ্গে সঙ্গে অন্যদেরও মৃত্যুর মুখে ফেলে দিলেন তিনি।,0.1111,0.0213,ok
kathbath/bengali/wavs/844424930436682-253-m.wav,/Users/monujgogoi/Downloads/kathbath/bengali/wavs/844424930436682-253-m.wav,3.599125,ধর্ষণে অভিযুক্ত মন্ত্রীর গ্রেফতারি আটকানোর আর্জি খারিজ সুপ্রিম কোর্টে,ধর্ষণে অভিযুক্ত মন্ত্রীর গ্রেফতারি আটকানোর আরজি খারিজ সুপ্রিম কোর্টে।,0.2222,0.0328,ok
kathbath/bengali/wavs/844424930935292-502-m.wav,/Users/monujgogoi/Downloads/kathbath/bengali/wavs/844424930935292-502-m.wav,4.0170625,প্রবীণদের পক্ষ্যে দূরে ব্যাঙ্কে গিয়ে পেনশন তোলা সম্ভব নয়,প্রবীণদের পক্ষে দূরে ব্যাংকে গিয়ে পেনশন তোলা সম্ভব নয়।,0.3333,0.1,ok
kathbath/bengali/wavs/844424930500964-1161-m.wav,/Users/monujgogoi/Downloads/kathbath/bengali/wavs/844424930500964-1161-m.wav,4.0635,সরেজমিনে ঘুরে ওয়ার্ডটির সার্বিক পরিস্থিতি নিয়ে লিখেছেন রাজু আহমেদ,সরে জমিনে ঘুরে ওয়ার্ডটির সার্বিক পরিস্থিতি নিয়ে লিখেছেন রাজু আহমেদ।,0.3333,0.0169,ok
kathbath/bengali/wavs/844424930626996-210-m.wav,/Users/monujgogoi/Downloads/kathbath/bengali/wavs/844424930626996-210-m.wav,6.106875,সার্কিট বেঞ্চের অস্থায়ী পরিকাঠামো দেখে ক্ষোভ প্রকাশ পর্যটন মন্ত্রীর,সার্কিট বেঞ্চের অস্থায়ী পরিকাঠামো দেখে ক্ষোভ প্রকাশ পর্যটন মন্ত্রীর।,0.1111,0.0167,ok
kathbath/bengali/wavs/844424930773520-372-m.wav,/Users/monujgogoi/Downloads/kathbath/bengali/wavs/844424930773520-372-m.wav,7.7786875,এ সময় তার বাবা ছবুর ঘর থেকে বের হলে মিজানুর রহমান হাতে থাকা হাতল,এ সময় তার বাবা ছবুর ঘর থেকে বের হলে মিজানুর রহমান হাতে থাকা হাতল।,0.0714,0.0192,ok
kathbath/bengali/wavs/844424930470377-210-m.wav,/Users/monujgogoi/Downloads/kathbath/bengali/wavs/844424930470377-210-m.wav,7.2910625,জন আব্রাহামের পরমাণু ছবিতে দিলবর গানে আগুন ধরিয়েছিলেন নোরা ফতেহি,জন আব্রাহামের পরমাণু ছবিতে দিলবর গানে আগুন ধরিয়েছিলেন নুরা ফতেহী।,0.2,0.0536,ok
kathbath/bengali/wavs/844424930500921-1161-m.wav,/Users/monujgogoi/Downloads/kathbath/bengali/wavs/844424930500921-1161-m.wav,4.156375,ইরানের সামরিক বাহিনীর চীফ অব স্টাফ মেজর জেনারেল মোহাম্মাদ বাকেরি,ইরানের সামরিক বাহিনীর চিফ অফ স্টাফ মেজর জেনারেল মোহাম্মদ বাকেরি।,0.4,0.0727,ok
kathbath/bengali/wavs/844424930627035-210-m.wav,/Users/monujgogoi/Downloads/kathbath/bengali/wavs/844424930627035-210-m.wav,6.0604375,আবুল কাসেম স্বাক্ষরিত চিঠিটি দলগুলোর সাধারণ সম্পাদক বা মহাসচিব,আবুল কাসেম স্বাক্ষরিত চিঠিটি দলগুলোর সাধারণ সম্পাতক বা মহাসচিব।,0.2222,0.037,ok
kathbath/bengali/wavs/844424931278972-417-m.wav,/Users/monujgogoi/Downloads/kathbath/bengali/wavs/844424931278972-417-m.wav,8.034125,দুপুর ১ টার দিকে বেগুনবাড়ী ইউনিয়ন পরিষদের চেয়ারম্যান ও ইউনিয়ন আওয়ামী লীগের সভাপতি মো,দুপুর একটার দিকে বেগুনবাড়ি ইউনিয়ন পরিষদের চেয়ারম্যান ও ইউনিয়ন আওয়ামী লীগের সভাপতি মোঃ।,0.2857,0.0658,ok
kathbath/bengali/wavs/844424930941011-417-m.wav,/Users/monujgogoi/Downloads/kathbath/bengali/wavs/844424930941011-417-m.wav,10.936625,খোলা ময়দানে অনুষ্ঠানে কিছু বিধিনিষেধ থাকলেও আর কোনো ব্যাপারে সিএমপির নিষেধ থাকবে,খোলা ময়দানে অনুষ্ঠানে কিছু বিধিনিষেধ থাকলেও আর কোনও ব্যাপারে সিএমপির নিষেধ থাকবে।,0.1667,0.0286,ok
kathbath/bengali/wavs/844424932360024-778-m.wav,/Users/monujgogoi/Downloads/kathbath/bengali/wavs/844424932360024-778-m.wav,6.292625,মাধ্যমিকের দ্বিতীয় দিনেও এতো কড়াকড়ির মাঝে ফাঁস হল ইংরেজির প্রশ্নপত্র,মাধ্যমিকের দ্বিতীয় দিনেও এত কড়াকড়ির মাঝে ফাঁস হলো ইংরেজির প্রশ্নপত্র।,0.3,0.0484,ok
kathbath/bengali/wavs/844424930554284-502-m.wav,/Users/monujgogoi/Downloads/kathbath/bengali/wavs/844424930554284-502-m.wav,5.20125,বাইচুংয়ের বীপরিতে বাপ্পি লাহিড়িকে দাঁড় করানোর প্রস্তুতি বিজেপির অন্দর মহলে,বাইচুংয়ের বিপরীতে বাপ্পি লাহিড়ীকে দাঁড় করানোর প্রস্তুতি বিজেপির অন্দরমহলে।,0.4,0.0588,ok
kathbath/bengali/wavs/844424930940986-417-m.wav,/Users/monujgogoi/Downloads/kathbath/bengali/wavs/844424930940986-417-m.wav,8.428875,সন্দেহভাজন ৩৫ বছর বয়সি যুবক উইলি কোরি গডবোল্টকে গুলি করে আহত অবস্থায় আটক করা হয়,সন্দেহভাজন পঁয়ত্রিশ বছর বয়সী যুবক উইলি করি গডবোল্টকে গুলি করে আহত অবস্থায় আটক করা হয়।,0.2667,0.1765,ok
kathbath/bengali/wavs/844424930773510-372-m.wav,/Users/monujgogoi/Downloads/kathbath/bengali/wavs/844424930773510-372-m.wav,8.7539375,মনোয়ার হোসেন ওরফে সজীব ও সহায়তাকারী মাশনু আরা বেগম ওরফে শিল্পী,মানোয়ার হোসেন ওরফে সজীব ও সহায়তাকারী মাসনুয়ারা বেগম ওরফে শিল্পী।,0.3636,0.1111,ok
kathbath/bengali/wavs/844424930940974-417-m.wav,/Users/monujgogoi/Downloads/kathbath/bengali/wavs/844424930940974-417-m.wav,6.3855,সৌদি আরব থেকে ফিরে আসা অনেকে যৌন হয়রানির অভিযোগ করছেন,সৌদি আরব থেকে ফিরে আসা অনেকে যৌন হয়রানির অভিযোগ করছেন,0.0,0.0,ok
kathbath/bengali/wavs/844424930773518-372-m.wav,/Users/monujgogoi/Downloads/kathbath/bengali/wavs/844424930773518-372-m.wav,5.6656875,তিনি বলেন যে তারা নিখুঁত সুখ খুঁজে পেতে চাই,তিনি বলেন যে তারা নিখুঁত সুখ খুঁজে পেতে চায়।,0.1111,0.0857,ok
kathbath/bengali/wavs/844424930550871-1161-m.wav,/Users/monujgogoi/Downloads/kathbath/bengali/wavs/844424930550871-1161-m.wav,4.5743125,চলন্ত ট্রেন থেকে যুবককে ঠেলে ফেলে দেওয়ায় উত্তেজনা খড়দহে,চলন্ত ট্রেন থেকে যুবককে ঠেলে ফেলে দেওয়ায় উত্তেজনা খড়দহে।,0.1111,0.02,ok
kathbath/bengali/wavs/844424930554264-502-m.wav,/Users/monujgogoi/Downloads/kathbath/bengali/wavs/844424930554264-502-m.wav,6.269375,দীর্ঘদিন থেকে নার্সারি ব্যবসায় জড়িত আগারগাঁওয়ের গ্রিন অর্কিড অ্যান্ড ক্যাকটাস নার্সারি মালিক মো,দীর্ঘদিন থেকে নার্সারি ব্যবসায় জড়িত আগারগাঁওয়ের গ্রীন অর্কিড অ্যান্ড ক্যাকটাস নার্সারি মালিক মো।,0.1538,0.0233,ok
kathbath/bengali/wavs/844424930693479-372-m.wav,/Users/monujgogoi/Downloads/kathbath/bengali/wavs/844424930693479-372-m.wav,8.9165,ধর্ষণ হচ্ছে একইসাথে ধর্ষণের শিকার নারীর পরিবারেও চলছে ভোগান্তি,ধর্ষণ হচ্ছে একই সাথে ধর্ষণের শিকার নারীর পরিবারেও চলছে ভোগান্তি,0.2222,0.0,ok
kathbath/bengali/wavs/844424930500954-1161-m.wav,/Users/monujgogoi/Downloads/kathbath/bengali/wavs/844424930500954-1161-m.wav,5.78175,অল ইন্ডিয়া ইনস্টিটিউট অব মেডিক্যাল সায়েন্সেস হস্টেলে ঝড়ের দাপটে ছাদ উড়ে যাওয়ার এই ছবিই এখন,অল ইন্ডিয়া ইনস্টিটিউট অফ মেডিকেল সায়েন্সের হোস্টেলে ঝড়ের দাপটে ছাদ উড়ে যাওয়ার এই ছবি এখন।,0.4,0.0988,ok
kathbath/bengali/wavs/844424930940930-417-m.wav,/Users/monujgogoi/Downloads/kathbath/bengali/wavs/844424930940930-417-m.wav,7.0124375,চর সন্দেহে ছয় বছর পাক জেলে কাটিয়ে দেশে ফিরলেন ভারতীয় ইঞ্জিনিয়ার,চড় সন্দেহে ছয় বছর পাক জেলে কাটিয়ে দেশে ফিরলেন ভারতীয় ইঞ্জিনিয়ার।,0.1818,0.0526,ok
kathbath/bengali/wavs/844424930464199-1161-m.wav,/Users/monujgogoi/Downloads/kathbath/bengali/wavs/844424930464199-1161-m.wav,3.0418125,খাওয়া এবং পান করার সময় ডান হাত ব্যবহার করা,খাওয়া এবং পান করার সময় ডান হাত ব্যবহার করা।,0.1111,0.0278,ok
kathbath/bengali/wavs/844424930550831-1161-m.wav,/Users/monujgogoi/Downloads/kathbath/bengali/wavs/844424930550831-1161-m.wav,4.8761875,পাকিস্তানি সেনাবাহিনীকে রাজনীতি থেকে দূরে থাকতে সুপ্রিম কোর্টের নির্দেশ,পাকিস্তানি সেনাবাহিনীকে রাজনীতি থেকে দূরে থাকতে সুপ্রিম কোর্টের নির্দেশ।,0.1111,0.0159,ok
kathbath/bengali/wavs/844424930773533-372-m.wav,/Users/monujgogoi/Downloads/kathbath/bengali/wavs/844424930773533-372-m.wav,8.5681875,এ ঘটনায় ৩০ জুলাই জেলা আওয়ামী লীগের কৃষিবিষয়ক সম্পাদক চৌধুরী মো,এ ঘটনায় ৩০শে জুলাই জেলা আওয়ামী লীগের কৃষি বিষয়ক সম্পাদক চৌধুরী মোঃ।,0.3636,0.0727,ok
kathbath/bengali/wavs/844424931233449-1035-m.wav,/Users/monujgogoi/Downloads/kathbath/bengali/wavs/844424931233449-1035-m.wav,10.449,অনুষ্ঠানে প্রধান অতিথি ছিলেন জামালপুর আঞ্চলিক কৃষি গবেষণা কেন্দ্রের মুখ্য বৈজ্ঞানিক কর্মকর্তা ড,অনুষ্ঠানে প্রধান অতিথি ছিলেন জামালপুর আঞ্চলিক কৃষি গবেষণা কেন্দ্রের মুখ্য বৈজ্ঞানিক কর্মকর্তা ডঃ।,0.0769,0.0241,ok
kathbath/bengali/wavs/844424931279005-417-m.wav,/Users/monujgogoi/Downloads/kathbath/bengali/wavs/844424931279005-417-m.wav,6.9195625,মার্কিন নিষেধাজ্ঞার কারণে ইরানের তেল বিক্রির টাকা দেশে আনা সম্ভব হচ্ছে না,মার্কিন নিষেধাজ্ঞার কারণে ইরানের তেল বিক্রির টাকা দেশে আনা সম্ভব হচ্ছে না।,0.0833,0.0161,ok
kathbath/bengali/wavs/844424930693508-372-m.wav,/Users/monujgogoi/Downloads/kathbath/bengali/wavs/844424930693508-372-m.wav,14.5125,অ্যাসোসিয়েশন দে ভালিয়েন্তে বাংলার সাধারণ সম্পাদক রমিজ উদ্দিনের সঞ্চালনায় অ্যাসোসিয়েশন দে ভালিয়েন্তে বাংলার সভাপতি মো,অ্যাসোসিয়েশন দে ভালিয়ান্তে বাংলার সাধারণ সম্পাদক রমিজউদ্দিনের সঞ্চালনায় অ্যাসোসিয়েশন দে ভালিয়ান্তে বাংলার সভাপতি মোঃ।,0.3333,0.0374,ok
kathbath/bengali/wavs/844424930753506-372-m.wav,/Users/monujgogoi/Downloads/kathbath/bengali/wavs/844424930753506-372-m.wav,9.079,এদিকে নিহত রুমির পরিবারকে শান্তনা দিতে হাসপাতালে ছুটে যান সংসদ সদস্য মো,এদিকে নিহত রুমির পরিবারকে সান্ত্বনা দিতে হাসপাতালে ছুটে যান সংসদ সদস্য মো।,0.1667,0.0667,ok
kathbath/bengali/wavs/844424931233393-1035-m.wav,/Users/monujgogoi/Downloads/kathbath/bengali/wavs/844424931233393-1035-m.wav,7.1981875,এরফলে দমদমের বিধায়ক ব্রাত্য বসুর মন্তব্যের সমালোচনা শুরু হয়েছে নানা মহলে,এর ফলে দমদমের বিধায়ক ব্রাত্য বসুর মন্তব্যের সমালোচনা শুরু হয়েছে নানা মহলে।,0.2727,0.0156,ok
kathbath/bengali/wavs/844424930554197-502-m.wav,/Users/monujgogoi/Downloads/kathbath/bengali/wavs/844424930554197-502-m.wav,4.551125,এরপর তাৎক্ষণিক প্রতিক্রিয়ায় জাগো নিউজের সঙ্গে কথা বলেন ডা,এরপর তাৎক্ষণিক প্রতিক্রিয়ায় জাগো নিউজের সঙ্গে কথা বলেন ডা।,0.1111,0.0196,ok
kathbath/bengali/wavs/844424930707823-210-m.wav,/Users/monujgogoi/Downloads/kathbath/bengali/wavs/844424930707823-210-m.wav,8.8468125,অনিলবাবুর মৃত্যুসংবাদ পেয়ে হাসপাতালে তাঁকে শেষ শ্রদ্ধা জানাতে গিয়েছিলেন সিপিএম নেতা শ্যামল,অনিল বাবুর মৃত্যু সংবাদ পেয়ে হাসপাতালে তাকে শেষ শ্রদ্ধা জানাতে গিয়েছিলেন সিপিএম নেতা শ্যামল।,0.5,0.0247,ok
kathbath/bengali/wavs/844424930554211-502-m.wav,/Users/monujgogoi/Downloads/kathbath/bengali/wavs/844424930554211-502-m.wav,6.19975,এ সময় অভ্যন্তরীণ সম্পদ বিভাগের সিনিয়র সচিব ও জাতীয় রাজস্ব বোর্ডের চেয়ারম্যান মো,এ সময় অভ্যন্তরীণ সম্পদ বিভাগের সিনিয়র সচিব ও জাতীয় রাজস্ব বোর্ডের চেয়ারম্যান মো।,0.0769,0.0141,ok
kathbath/bengali/wavs/844424931233372-1035-m.wav,/Users/monujgogoi/Downloads/kathbath/bengali/wavs/844424931233372-1035-m.wav,8.034125,নানা ঘটনার মধ্য দিয়ে প্রায় সময়ই আলোচনায় থাকেন তিনি,নানা ঘটনার মধ্য দিয়ে প্রায় সময়ই আলোচনায় থাকেন তিনি।,0.1111,0.0217,ok
kathbath/bengali/wavs/844424930707916-210-m.wav,/Users/monujgogoi/Downloads/kathbath/bengali/wavs/844424930707916-210-m.wav,6.501625,মহাবিশ্বের নক্ষত্রগুলোর বিস্ময়কর বৈচিত্র্যের মধ্যে যে পরিবর্তনগুলি দেখা যায়,মহাবিশ্বের নক্ষত্রগুলোর বিস্ময়কর বৈচিত্র্যের মধ্যে যে পরিবর্তনগুলি দেখা যায়।,0.1111,0.0145,ok
kathbath/bengali/wavs/844424930940945-417-m.wav,/Users/monujgogoi/Downloads/kathbath/bengali/wavs/844424930940945-417-m.wav,7.175,বিশ্বের সবথেকে দামি এবং অত্যাধুনিক যুদ্ধ বিমান কিনছে ইজরায়েল,বিশ্বের সবথেকে দামী এবং অত্যাধুনিক যুদ্ধবিমান কিনছে ইসরায়েল।,0.4444,0.0566,ok
kathbath/bengali/wavs/844424931233395-1035-m.wav,/Users/monujgogoi/Downloads/kathbath/bengali/wavs/844424931233395-1035-m.wav,6.8034375,আম্ফানের সময় কর্মরত ৫০ জন এনডিআরএফ কর্মী করোনা সংক্রমিত,আমফানের সময় কর্মরত ৫০ জন এনডিআরএফ কর্মী করোনা সংক্রমিত।,0.2222,0.0417,ok
kathbath/bengali/wavs/844424931278976-417-m.wav,/Users/monujgogoi/Downloads/kathbath/bengali/wavs/844424931278976-417-m.wav,6.4551875,বিয়ে নথিভুক্ত করার জন্য ১৫ দিন সময় পাবেন এনআরআই স্বামী,বিয়ে নথিভুক্ত করার জন্য পনেরো দিন সময় পাবেন এনার আই স্বামী।,0.4,0.1489,ok
kathbath/bengali/wavs/844424930554287-502-m.wav,/Users/monujgogoi/Downloads/kathbath/bengali/wavs/844424930554287-502-m.wav,4.551125,দুদক চেয়ারম্যান বললেন তদন্ত বিশ্বমানের হলে সাজা শতভাগ হতো,দুদক চেয়ারম্যান বললেন তদন্ত বিশ্বমানের হলে সাজা শতভাগ হতো।,0.1111,0.02,ok
kathbath/bengali/wavs/844424931233416-1035-m.wav,/Users/monujgogoi/Downloads/kathbath/bengali/wavs/844424931233416-1035-m.wav,5.4335,অভিযোগের আট দিন পরেও চিহ্নিত করা গেল না দোষীদের,অভিযোগের 8 দিন পরেও চিহ্নিত করা গেল না দোষীদের।,0.2222,0.0769,ok
kathbath/bengali/wavs/844424930470362-210-m.wav,/Users/monujgogoi/Downloads/kathbath/bengali/wavs/844424930470362-210-m.wav,5.2245,আপনি এটি বিক্রি করার চেষ্টা করার আগে আপনার পেইন্টিং মান জানেন,আপনি এটি বিক্রি করার চেষ্টা করার আগে আপনার পেইন্টিং মান জানেন।,0.0909,0.0196,ok
kathbath/bengali/wavs/844424931279071-417-m.wav,/Users/monujgogoi/Downloads/kathbath/bengali/wavs/844424931279071-417-m.wav,7.058875,আরও পড়ুন মহারাষ্ট্রে গত ৭২ ঘন্টার মধ্যে ২২৭ পুলিশকর্মী করোনা পসিটিভ,আরও পড়ুন মহারাষ্ট্রে গত বাহাত্তর ঘণ্টার মধ্যে ২২৭ পুলিশকর্মী করোনা পজিটিভ।,0.2727,0.1897,ok
kathbath/bengali/wavs/844424930436660-253-m.wav,/Users/monujgogoi/Downloads/kathbath/bengali/wavs/844424930436660-253-m.wav,5.108375,রোহিত শর্মা ভারত ২৬৪ শ্রীলঙ্কা কলকাতা ১৩ নভেম্বর ২০১৪,রোহিত শর্মা ভারত ২৬৪ শ্রীলঙ্কা কলকাতা ১৩ নভেম্বর ২০১৪,0.0,0.0,ok
kathbath/bengali/wavs/844424930941010-417-m.wav,/Users/monujgogoi/Downloads/kathbath/bengali/wavs/844424930941010-417-m.wav,7.639375,জেনে রেখো প্রত্যহ ভোরবেলা যে আলো লুটিয়ে পড়ে পৃথিবীতে,জেনে রেখো প্রত্যহ ভোরবেলা যে আলো লুটিয়ে পড়ে পৃথিবীতে।,0.1111,0.0217,ok
kathbath/bengali/wavs/844424930940944-417-m.wav,/Users/monujgogoi/Downloads/kathbath/bengali/wavs/844424930940944-417-m.wav,9.4273125,তবে ট্রাই এর নির্দেশের পরে কোম্পানি তাদের সামার সারপ্রাইজ অফারটি উঠিয়ে নিয়েছে,তবে ট্রাইয়ের নির্দেশের পরে কোম্পানি তাদের সামার সারপ্রাইজ অফারটি উঠিয়ে নিয়েছে।,0.25,0.0588,ok
kathbath/bengali/wavs/844424930941026-417-m.wav,/Users/monujgogoi/Downloads/kathbath/bengali/wavs/844424930941026-417-m.wav,6.19975,তবে আসুন জেনে নেওয়া যাক লেটেস্ট প্রাইস কট এর সাথে এই ফোনগুলি সম্পর্কে,তবে আসুন জেনে নেওয়া যাক লেটেস্ট প্রাইস কটের সাথে এই ফোনগুলির সম্পর্ক।,0.3077,0.0517,ok
kathbath/bengali/wavs/844424930941012-417-m.wav,/Users/monujgogoi/Downloads/kathbath/bengali/wavs/844424930941012-417-m.wav,6.5248125,আ ফ ম রুহুল হক ও ধর্মমন্ত্রী অ্যাডভোকেট মো,আফমরুল হক ও ধর্মমন্ত্রী অ্যাডভোকেট মো।,0.5556,0.0882,ok
kathbath/bengali/wavs/844424930940940-417-m.wav,/Users/monujgogoi/Downloads/kathbath/bengali/wavs/844424930940940-417-m.wav,7.244625,এটি প্রত্নতত্ব অধিদপ্তরের হস্তান্তরের প্রক্রিয়া চলছে বলে জানান তিনি,এটি প্রত্যন্তত্ব অধিদপ্তরের হস্তান্তরের প্রক্রিয়া চলছে বলে জানান তিনি।,0.2222,0.05,ok
kathbath/bengali/wavs/844424930464223-1161-m.wav,/Users/monujgogoi/Downloads/kathbath/bengali/wavs/844424930464223-1161-m.wav,4.6208125,আহত দুজন হলেন ইসলামপুর ফুলতলা গ্রামের এনাত আলী প্রধানের ছেলে মো,আহত দুজন হলেন ইসলামপুর ফুলতোলা গ্রামের এনাত আলী প্রধানের ছেলে মোঃ।,0.1818,0.0566,ok
kathbath/bengali/wavs/844424930693422-372-m.wav,/Users/monujgogoi/Downloads/kathbath/bengali/wavs/844424930693422-372-m.wav,9.380875,আরও পড়ুনঃ মহালয়ায় মুক্তি পেল পাভেল পরিচালিত অসুর ছবির টিজার,আরও পড়ুন মহালয়ায় মুক্তি পেল পাভেল পরিচালিত অসুর ছবির টিজার,0.1,0.0189,ok
kathbath/bengali/wavs/844424930470429-210-m.wav,/Users/monujgogoi/Downloads/kathbath/bengali/wavs/844424930470429-210-m.wav,4.760125,গত বিশ্বকাপে গোল লক্ষ্য করে নেয়া শটের সংখ্যা ছিল কম,গত বিশ্বকাপে গোল লক্ষ্য করে নেয়া শটের সংখ্যা ছিল কম।,0.1,0.0233,ok
kathbath/bengali/wavs/844424930753510-372-m.wav,/Users/monujgogoi/Downloads/kathbath/bengali/wavs/844424930753510-372-m.wav,7.7555,তাঁকে দারুণভাবে সহায়তা করছেন এ লিগে একসঙ্গে খেলা ফিজির তারকা,তাকে দারুণভাবে সহায়তা করেছেন এ লিগে একসঙ্গে খেলা ফিজির তারকা।,0.3,0.0577,ok
kathbath/bengali/wavs/844424930500918-1161-m.wav,/Users/monujgogoi/Downloads/kathbath/bengali/wavs/844424930500918-1161-m.wav,4.365375,নাইজেরিয়ায় মসজিদের একজন ইমাম যেভাবে কয়েকশো খৃস্টানের জীবন বাঁচালেন,নাইজেরিয়ায় মসজিদের একজন ইমাম যেভাবে কয়েকশো খ্রিস্টানদের জীবন বাঁচালেন।,0.2222,0.082,ok
kathbath/bengali/wavs/844424931233397-1035-m.wav,/Users/monujgogoi/Downloads/kathbath/bengali/wavs/844424931233397-1035-m.wav,7.5000625,সংগঠনের সাধারণ সম্পাদক ও আওয়ামী লীগের উপদেষ্টা পরিষদের সদস্য ডা,সংগঠনের সাধারণ সম্পাদক ও আওয়ামী লীগের উপদেষ্টা পরিষদের সদস্য ডা।,0.1,0.0182,ok
kathbath/bengali/wavs/844424930935281-502-m.wav,/Users/monujgogoi/Downloads/kathbath/bengali/wavs/844424930935281-502-m.wav,3.8080625,বিকাশের অ্যাকাউন্ট থাকলেই মিলবে ১০ হাজার টাকা ব্যাংক ঋণ,"বিকাশের অ্যাকাউন্ট থাকলেই মিলবে ১০,০০০ টাকা ব্যাংক ঋণ।",0.3333,0.1277,ok
kathbath/bengali/wavs/844424930550879-1161-m.wav,/Users/monujgogoi/Downloads/kathbath/bengali/wavs/844424930550879-1161-m.wav,5.340625,ঘটনার অভিযোগ দায়ের হয়েছে স্থানীয় থানায়। পুলিশ ৩০ জনকে গ্রেফতার করেছে,ঘটনার অভিযোগ দায়ের হয়েছে স্থানীয় থানায় পুলিশ 30 জনকে গ্রেফতার করেছে।,0.2727,0.0645,ok
kathbath/bengali/wavs/844424931239834-1035-m.wav,/Users/monujgogoi/Downloads/kathbath/bengali/wavs/844424931239834-1035-m.wav,7.1053125,থানায় ডায়েরি করেছেন প্রশ্ন ফাঁসকারী নিলয়ের ফেসবুকের ছবির যুবক,থানায় ডায়েরি করেছেন প্রশ্নফাঁসকারী নিলয়ের ফেসবুকের ছবির যুবক।,0.3333,0.0179,ok
kathbath/bengali/wavs/844424930935263-502-m.wav,/Users/monujgogoi/Downloads/kathbath/bengali/wavs/844424930935263-502-m.wav,6.9891875,প্রাথমিক ভাবে জানা গিয়েছে নরেন্দ্রপুর থানা এলাকার তেউড়িয়ার বাসিন্দা প্রদীপ বিশ্বাস এবং তাঁর,প্রাথমিকভাবে জানা গিয়েছে নরেন্দ্রপুর থানা এলাকার তেওড়িয়ার বাসিন্দা প্রদীপ বিশ্বাস এবং তাঁর।,0.3077,0.0244,ok
kathbath/bengali/wavs/844424930436705-253-m.wav,/Users/monujgogoi/Downloads/kathbath/bengali/wavs/844424930436705-253-m.wav,4.156375,তা আপনার স্মার্ট ফোনের স্ক্রিনে চলে আসবে বলে সংস্থার তরফে জানানো হয়েছে,তা আপনার স্মার্টফোনের স্ক্রিনে চলে আসবে বলে সংস্থার তরফে জানানো হয়েছে।,0.25,0.0167,ok
kathbath/bengali/wavs/844424930436695-253-m.wav,/Users/monujgogoi/Downloads/kathbath/bengali/wavs/844424930436695-253-m.wav,3.6455625,সর্বাধুনিক প্রযুক্তি নিয়ে ২৪ ঘন্টা সম্প্রচারে আসছে চ্যানেল নাইন,সর্বাধুনিক প্রযুক্তি নিয়ে চব্বিশ ঘণ্টা সম্প্রচারে আসছে চ্যানেল লাইন।,0.3333,0.1607,ok
kathbath/bengali/wavs/844424930935311-502-m.wav,/Users/monujgogoi/Downloads/kathbath/bengali/wavs/844424930935311-502-m.wav,5.131625,আক্রান্তদের সকলেই ফায়ার সার্ভিস অ্যান্ড সিভিল ডিফেন্স সদর দপ্তরে কর্মরত,আক্রান্তদের সকলেই ফায়ার সার্ভিস অ্যান্ড সিভিল ডিফেন্স সদর দপ্তরে কর্মরত।,0.1,0.0159,ok
kathbath/bengali/wavs/844424930554205-502-m.wav,/Users/monujgogoi/Downloads/kathbath/bengali/wavs/844424930554205-502-m.wav,6.36225,পরিবারের লোকেরা বছর বত্রিশের ওই যুবককে সুস্থ করার জন্য বাড়ির কাছেই জেঠিয়ায় একটি বেসরকারি,পরিবারের লোকেরা বছর বত্রিশের ওই যুবককে সুস্থ করার জন্য বাড়ির কাছেই জেঠিয়ায় একটি বেসরকারি।,0.0714,0.0128,ok
kathbath/bengali/wavs/844424930753525-372-m.wav,/Users/monujgogoi/Downloads/kathbath/bengali/wavs/844424930753525-372-m.wav,7.7090625,হাসান জহির ও ঠিকাদার ঢাকা ইন্টারন্যাশানাল ট্রেডার্সের মালিক মো,হাসান জহির ও ঠিকাদার ঢাকা ইন্টারন্যাশনাল ট্রেডার্সের মালিক মোঃ।,0.2222,0.0556,ok
kathbath/bengali/wavs/844424930693469-372-m.wav,/Users/monujgogoi/Downloads/kathbath/bengali/wavs/844424930693469-372-m.wav,8.614625,দেশজুড়ে সাম্প্রদায়িক হিংসার ক্যালেন্ডার প্রকাশ করল এক হিন্দু সংগঠন,দেশ জুড়ে সাম্প্রদায়িক হিংসার ক্যালেন্ডার প্রকাশ করল এক হিন্দু সংগঠন।,0.3333,0.0167,ok
kathbath/bengali/wavs/844424930773554-372-m.wav,/Users/monujgogoi/Downloads/kathbath/bengali/wavs/844424930773554-372-m.wav,8.336,কিংবদন্তি সঙ্গীত শিল্পী এন্ড্রু কিশোরের মৃত্যুতে গভীর শোক ও দুঃখ প্রকাশ ক,কিংবদন্তী সংগীত শিল্পী এন্ড্রু কিশোরের মৃত্যুতে গভীর শোক ও দুঃখ প্রকাশ ক।,0.25,0.0645,ok
kathbath/bengali/wavs/844424930500938-1161-m.wav,/Users/monujgogoi/Downloads/kathbath/bengali/wavs/844424930500938-1161-m.wav,4.08675,এর আগেও একাধিক ছবি পোস্ট করে ভাইরাল হয়েছেন অমিতাভ,এর আগেও একাধিক ছবি পোস্ট করে ভাইরাল হয়েছেন অমিতাভ।,0.1111,0.0238,ok
kathbath/bengali/wavs/844424930554217-502-m.wav,/Users/monujgogoi/Downloads/kathbath/bengali/wavs/844424930554217-502-m.wav,5.0619375,নতুন বছরে পরমাণু কর্মসূচির আরো আধুনিকায়নের ঘোষণা কিম জং উনের,3 বছরে পরমাণু কর্মসূচির আরও আধুনিকায়নের ঘোষণা কিম জং উনের।,0.3,0.1154,ok
kathbath/bengali/wavs/844424931233420-1035-m.wav,/Users/monujgogoi/Downloads/kathbath/bengali/wavs/844424931233420-1035-m.wav,7.616125,লোক দেখানোর জন্য এবং টিআরপির জন্যই বিগ বসের হাউজে,লোক দেখানোর জন্য এবং টিআরপির জন্যই বিগ বসের হাউজে।,0.1111,0.0244,ok
kathbath/bengali/wavs/844424930693481-372-m.wav,/Users/monujgogoi/Downloads/kathbath/bengali/wavs/844424930693481-372-m.wav,7.1285625,১৩ কিলোমিটার দৌড়ে আমির খানকে খেতে হল ব্যাথ্যানাশক ওষুধ,13 কিলোমিটার দৌড়ে আমির খানকে খেতে হলো ব্যথানাশক ঔষধ।,0.4444,0.1915,ok
kathbath/bengali/wavs/844424930707846-210-m.wav,/Users/monujgogoi/Downloads/kathbath/bengali/wavs/844424930707846-210-m.wav,7.058875,৪৩২৭ ডিগ্রি সেলসিয়াসের উষ্ণতম গ্রহ আবিষ্কার করলেন নাসার বিজ্ঞানীরা,4327 ডিগ্রি সেলসিয়াসের উষ্ণতম গ্রহ আবিষ্কার করলেন নাসার বিজ্ঞানীরা।,0.2222,0.0847,ok
kathbath/bengali/wavs/844424930940968-417-m.wav,/Users/monujgogoi/Downloads/kathbath/bengali/wavs/844424930940968-417-m.wav,10.9598125,আতিকুর রহমান ভুইঞার সভাপতিত্বে প্রধান অতিথি হিসেবে উপস্থিত ছিলেন উপাচার্য প্রফেসর ড,আতিকুর রহমান ভুঁইয়াঞ্জার সভাপতিত্বে প্রধান অতিথি হিসেবে উপস্থিত ছিলেন উপাচার্য প্রফেসর ডঃ।,0.1667,0.1111,ok
kathbath/bengali/wavs/844424932360021-778-m.wav,/Users/monujgogoi/Downloads/kathbath/bengali/wavs/844424932360021-778-m.wav,4.435,পরিচিত একজনের সাথে অনেক কথা বলা যায় না কিন্তু যাকে চিনি না,পরিচিত একজনের সাথে অনেক কথা বলা যায় না কিন্তু যাকে চিনি না।,0.0833,0.0208,ok
kathbath/bengali/wavs/844424930753534-372-m.wav,/Users/monujgogoi/Downloads/kathbath/bengali/wavs/844424930753534-372-m.wav,8.8468125,তাকে এই চলচ্চিত্র নির্মাণের জন্য বাংলাদেশের প্রতিনিধিদল পূর্ণ সহযোগিতার আশ্বাস দিয়েছে,তাকে এই চলচ্চিত্র নির্মাণের জন্য বাংলাদেশের প্রতিনিধি দল পুনঃসহযোগিতার আশ্বাস দিয়েছে।,0.3636,0.0658,ok
kathbath/bengali/wavs/844424930627034-210-m.wav,/Users/monujgogoi/Downloads/kathbath/bengali/wavs/844424930627034-210-m.wav,7.2910625,নালিতাবাড়ী উপজেলা যুবলীগ তিন বছর মেয়াদি কমিটির বয়স পেরিয়ে গেছে ১৩,নালিতাবাড়ি উপজেলা যুবলীগ তিন বছর মেয়াদী কমিটির বয়স পেরিয়ে গেছে তেরো।,0.2727,0.1186,ok
kathbath/bengali/wavs/844424930464196-1161-m.wav,/Users/monujgogoi/Downloads/kathbath/bengali/wavs/844424930464196-1161-m.wav,3.87775,আমার ছোট্ট জ্ঞানের পরিধি থেকে আমার মনে হয় অনেক গুরুত্বপূর্ণ,আমার ছোট্ট জ্ঞানের পরিধি থেকে আমার মনে হয় অনেক গুরুত্বপূর্ণ।,0.1,0.0196,ok
kathbath/bengali/wavs/844424931279048-417-m.wav,/Users/monujgogoi/Downloads/kathbath/bengali/wavs/844424931279048-417-m.wav,4.760125,ক্যাশবাক্স ভেঙে নগদ ৪৫ হাজার টাকা লুট করল দুষ্কৃতীরা,ক্যাশ বক্স ভেঙে নগদ ৪৫ হাজার টাকা লুট করল দুষ্কৃতীরা।,0.3333,0.0455,ok
kathbath/bengali/wavs/844424930753524-372-m.wav,/Users/monujgogoi/Downloads/kathbath/bengali/wavs/844424930753524-372-m.wav,8.3591875,কেন্দ্রীয় বাজেটের জন্য সাধারণ মানুষের থেকে পরামর্শ চাইলেন নমো,কেন্দ্রীয় বাজেটের জন্য সাধারণ মানুষের থেকে পরামর্শ চাইলেন নমো।,0.1111,0.0185,ok
kathbath/bengali/wavs/844424930554224-502-m.wav,/Users/monujgogoi/Downloads/kathbath/bengali/wavs/844424930554224-502-m.wav,5.503125,বিতর্কিত মন্তব্য করে শিরোনামে উঠে এসেছেন বলিউডের বিশিষ্ট পরিচালক রামগোপাল ভার্মা,বিতর্কিত মন্তব্য করে শিরোনামে উঠে এসেছেন বলিউডের বিশিষ্ট পরিচালক রামগোপাল ভার্মা।,0.0909,0.0143,ok
kathbath/bengali/wavs/844424930773501-372-m.wav,/Users/monujgogoi/Downloads/kathbath/bengali/wavs/844424930773501-372-m.wav,9.9845625,প্রধানমন্ত্রী নরেন্দ্র মোদী এবং বিজেপি সভাপতি অমিত শাহের নির্দেশে কমিশন বাংলায় এই সিদ্ধান্ত বলবৎ,প্রধানমন্ত্রী নরেন্দ্র মোদী এবং বিজেপি সভাপতি অমিত শাহের নির্দেশে কমিশন বাংলায় এই সিদ্ধান্ত বলবৎ।,0.0714,0.0119,ok
kathbath/bengali/wavs/844424930464161-1161-m.wav,/Users/monujgogoi/Downloads/kathbath/bengali/wavs/844424930464161-1161-m.wav,4.9690625,আগামী বছর লোকসভা নির্বাচনের পরই বিয়ের পিঁড়িতে বসবেন লালু পুত্র তেজস্বী,আগামী বছর লোকসভা নির্বাচনের পরই বিয়ের পিড়িতে বসবেন লালুপুত্র তেজস্বী।,0.3636,0.0323,ok
kathbath/bengali/wavs/844424930464190-1161-m.wav,/Users/monujgogoi/Downloads/kathbath/bengali/wavs/844424930464190-1161-m.wav,4.945875,বৈঠকে ২৫০ টাকার টেস্ট কোথাও কোথাও ৪৫০০ টাকা নেওয়া হচ্ছে বলেও দাবি করেন তিনি,বিঠকে আড়াইশো টাকার টেস্ট কোথাও কোথাও সাড়ে চার হাজার টাকার নেওয়া হচ্ছে বলেও দাবি করেন তিনি।,0.5,0.3651,ok
kathbath/bengali/wavs/844424930935307-502-m.wav,/Users/monujgogoi/Downloads/kathbath/bengali/wavs/844424930935307-502-m.wav,5.340625,সাদা প্যানেল থেকে বিজনেস স্ট্রাডিজ অনুষদের ডিন পদে বিজয়ী হয়েছেন প্রফেসর ড,সাদা প্যানেল থেকে বিজনেস স্ট্রাডিজ অনুষদের ডিন পদে বিজয়ী হয়েছেন প্রফেসর ডঃ।,0.0833,0.0312,ok
kathbath/bengali/wavs/844424930464179-1161-m.wav,/Users/monujgogoi/Downloads/kathbath/bengali/wavs/844424930464179-1161-m.wav,5.0155,কলকাতা পুলিশের ট্রাফিক সার্জেন্টের হাতে মার খেলেন চন্দদননগর পুলিশ কমিশনারের নিরাপত্তারক্ষী,কলকাতা পুলিশের ট্রাফিক সার্জেন্টের হাতে মার খেলেন চন্দননগর পুলিশ কমিশনারের নিরাপত্তারক্ষী।,0.1818,0.025,ok
kathbath/bengali/wavs/844424930935286-502-m.wav,/Users/monujgogoi/Downloads/kathbath/bengali/wavs/844424930935286-502-m.wav,5.9443125,তবে এই নেতাদের মধ্যে বিদায়ী কমিটির শ্রম ও জনশক্তি সম্পাদক হাবিবুর রহমান,তবে এই নেতাদের মধ্যে বিদায়ী কমিটির শ্রম ও জনশক্তি সম্পাদক হাবিবুর রহমান।,0.0833,0.0164,ok
kathbath/bengali/wavs/844424930464235-1161-m.wav,/Users/monujgogoi/Downloads/kathbath/bengali/wavs/844424930464235-1161-m.wav,4.435,বিভিন্ন অভিযোগে চবির আট শিক্ষকসহ ৪৬ জনকে দুদকে তলব,বিভিন্ন অভিযোগে চবির আট শিক্ষকসহ ছেচল্লিশ জনকে দুদকে তলব।,0.2222,0.2143,ok
kathbath/bengali/wavs/844424931278980-417-m.wav,/Users/monujgogoi/Downloads/kathbath/bengali/wavs/844424931278980-417-m.wav,4.853,সম্পত্তি বিবাদে বৃদ্ধা মায়ের হাতের কব্জি কেটে দিল ছেলে,সম্পত্তি বিবাদে বৃদ্ধা মায়ের হাতের কব্জি কেটে দিল ছেলে।,0.1111,0.0213,ok
kathbath/bengali/wavs/844424931278997-417-m.wav,/Users/monujgogoi/Downloads/kathbath/bengali/wavs/844424931278997-417-m.wav,7.4768125,ভারত নিয়ন্ত্রিত জম্মু কাশ্মিরের সাবেক মুখ্যমন্ত্রী ও ন্যাশনাল কনফারেন্সের চেয়ারম্যান ডা,ভারত নিয়ন্ত্রিত জম্মু কাশ্মীরের সাবেক মুখ্যমন্ত্রী ও ন্যাশনাল কনফারেন্সের চেয়ারম্যান ডাঃ।,0.1818,0.038,ok
kathbath/bengali/wavs/844424930500947-1161-m.wav,/Users/monujgogoi/Downloads/kathbath/bengali/wavs/844424930500947-1161-m.wav,4.3885625,ঘুমন্ত অবস্থায় এক ব্যক্তিকে ধর্ষণ করার অভিযোগ উঠল এক মহিলার বিরুদ্ধে,ঘুমন্ত অবস্থায় এক ব্যক্তিকে ধর্ষণ করার অভিযোগ উঠল এক মহিলার বিরুদ্ধে।,0.0909,0.0169,ok
kathbath/bengali/wavs/844424931278991-417-m.wav,/Users/monujgogoi/Downloads/kathbath/bengali/wavs/844424931278991-417-m.wav,7.7786875,দেশের উন্নয়নে প্রবাসীদের ঐক্যবদ্ধ ভূমিকা রাখার আহ্বান জানিয়েছেন জাতীয় সংসদের স্পিকার ড,দেশের উন্নয়নে প্রবাসীদের ঐক্যবদ্ধ ভূমিকা রাখার আহ্বান জানিয়েছেন জাতীয় সংসদের স্পিকার ডঃ।,0.0833,0.0256,ok
kathbath/bengali/wavs/844424930941023-417-m.wav,/Users/monujgogoi/Downloads/kathbath/bengali/wavs/844424930941023-417-m.wav,8.4753125,প্রিন্স আনোয়ার শাহ রোডে বিকেলে কলকাতা পুলিশের কম্যান্ডো বাহিনীর টহলদারি,প্রিন্স আনোয়ার শাহ রোডে বিকেলে কলকাতা পুলিশের কমান্ডো বাহিনীর টহলদারি।,0.2,0.0476,ok
kathbath/bengali/wavs/844424930935262-502-m.wav,/Users/monujgogoi/Downloads/kathbath/bengali/wavs/844424930935262-502-m.wav,6.19975,এ নিয়ে জেলায় সর্বমোট মোট ৬১ জন করোনাভাইরাসে আক্রান্ত হিসেবে শনাক্ত হয়েছেন,এ নিয়ে জেলায় সর্বমোট মোট 61 জন করোনাভাইরাসে আক্রান্ত হিসেবে শনাক্ত হয়েছেন।,0.1667,0.0462,ok
kathbath/bengali/wavs/844424930554245-502-m.wav,/Users/monujgogoi/Downloads/kathbath/bengali/wavs/844424930554245-502-m.wav,5.4335,পূর্ব মেদিনীপুরের ৮ টি এলাকাকে অতিস্পর্শকাতর বলে চিহ্নিত করেছে রাজ্য সরকার,পূর্ব মেদিনীপুরের 8টি এলাকাকে অতি স্পর্শকাতর বলে চিহ্নিত করেছে রাজ্য সরকার।,0.4545,0.0312,ok
kathbath/bengali/wavs/844424931239862-1035-m.wav,/Users/monujgogoi/Downloads/kathbath/bengali/wavs/844424931239862-1035-m.wav,6.6176875,দুই মেয়ে রাইমা ও রিয়াকে নিয়ে ভোট দিলেন বাঁকুড়ার তৃণমূল প্রার্থী মুনমুন সেন,দুই মেয়ে রাইমা ও রিয়াকে নিয়ে ভোট দিলেন বাঁকুড়া তৃণমূল প্রার্থী মুনমুন সেন।,0.1538,0.0303,ok
kathbath/bengali/wavs/844424930753498-372-m.wav,/Users/monujgogoi/Downloads/kathbath/bengali/wavs/844424930753498-372-m.wav,11.517125,বাংলাদেশ ন্যাপ মহাসচিব এম গোলাম মোস্তফা ভূঁইয়ার সভাপতিত্বে ও ঢাকা মহানগর সভাপতি মো,বাংলাদেশ ন্যাপ মহাসচিব এম গোলাম মোস্তাফা ভুঁইয়ার সভাপতিত্বে ও ঢাকা মহানগর সভাপতি মো.,0.2308,0.0423,ok
kathbath/bengali/wavs/844424930693507-372-m.wav,/Users/monujgogoi/Downloads/kathbath/bengali/wavs/844424930693507-372-m.wav,8.8700625,সাদা প্যানেল থেকে প্রভাষক পদে বিজয়ী হয়েছেন ফিশারিজ বিভাগে ড,সাদা প্যানেল থেকে প্রভাষক পদে বিজয়ী হয়েছেন ফিশারিজ বিভাগে ডঃ।,0.1,0.0385,ok
kathbath/bengali/wavs/844424930627013-210-m.wav,/Users/monujgogoi/Downloads/kathbath/bengali/wavs/844424930627013-210-m.wav,5.78175,দীর্ঘ কয়েক বছর যাবত মাদক সেবনের ফলে তাঁর শরীর শীর্ণকায়,দীর্ঘ কয়েক বছর যাবত মাদক সেবনের ফলে তার শরীর শীর্ণকায়।,0.2,0.0426,ok
kathbath/bengali/wavs/844424930554278-502-m.wav,/Users/monujgogoi/Downloads/kathbath/bengali/wavs/844424930554278-502-m.wav,6.0371875,রাষ্ট্রপক্ষে মামলাটি পরিচালনা করেন সংশ্লিষ্ট আদালতের স্পেশাল পাবলিক প্রসিকিউটর মো,রাষ্ট্রপক্ষে মামলাটি পরিচালনা করেন সংশ্লিষ্ট আদালতের স্পেশাল পাবলিক প্রসিকিউটর মো।,0.1,0.0139,ok
kathbath/bengali/wavs/844424930554265-502-m.wav,/Users/monujgogoi/Downloads/kathbath/bengali/wavs/844424930554265-502-m.wav,5.41025,তিনি বিএনপির ভারপ্রাপ্ত চেয়ারম্যান তারেক রহমানের স্ত্রী বিশিষ্ট কার্ডিওলজিস্ট ডা,তিনি বিএনপির ভারপ্রাপ্ত চেয়ারম্যান তারেক রহমানের স্ত্রী বিশিষ্ট কার্ডিওলজিস্ট ডা।,0.1,0.0139,ok
kathbath/bengali/wavs/844424931239828-1035-m.wav,/Users/monujgogoi/Downloads/kathbath/bengali/wavs/844424931239828-1035-m.wav,9.47375,পরে সোনাগাজী ইসলামিয়া সিনিয়র ফাজিল মাদ্রাসা পরিদর্শন এবং প্রতিষ্ঠানটির ভারপ্রাপ্ত অধ্যক্ষ মো,পরে সোনাগাজী ইসলামিয়া সিনিয়র ফাজিল মাদ্রাসা পরিদর্শন এবং প্রতিষ্ঠানটির ভারপ্রাপ্ত অধ্যক্রম।,0.1667,0.0241,ok
kathbath/bengali/wavs/844424930436698-253-m.wav,/Users/monujgogoi/Downloads/kathbath/bengali/wavs/844424930436698-253-m.wav,4.24925,কোনটাই পরিস্কার নয়। বিতর্কিত সব্যসাচী কী করবেন তা এখন সময়ের অপেক্ষা,"কোনোটাই পরিষ্কার নয়, বিতর্কিত সব্যসাচী কী করবেন তা এখন সময়ের অপেক্ষা।",0.3636,0.0678,ok
kathbath/bengali/wavs/844424930500974-1161-m.wav,/Users/monujgogoi/Downloads/kathbath/bengali/wavs/844424930500974-1161-m.wav,4.9690625,ক দিন আগে সমুদ্রের মাঝে ইয়েট পার্টিতে দুই লাস্যময়ীর সঙ্গে পোল ডান্স করতে দেখা গিয়েছিল,কদিন আগে সমুদ্রের মাঝেই ইয়েট পার্টিতে দুই লাশ সময়ের সঙ্গে পোল ডান্স করতে দেখা গিয়েছিল।,0.4,0.0811,ok
kathbath/bengali/wavs/844424931279004-417-m.wav,/Users/monujgogoi/Downloads/kathbath/bengali/wavs/844424931279004-417-m.wav,8.4520625,এই অ্যাপের মাধ্যমে যে কেউ সারাদেশের যে কোনো স্থানে মশার প্রজনন স্থান,এই অ্যাপের মাধ্যমে যে কেউ সারাদেশের যে কোনও স্থানে মশার প্রযোজন স্থান।,0.25,0.0877,ok
kathbath/bengali/wavs/844424931239774-1035-m.wav,/Users/monujgogoi/Downloads/kathbath/bengali/wavs/844424931239774-1035-m.wav,8.243125,এর আগে তৃতীয় দিন শেষে ৮ উইকেট হারিয়ে ৩৮৫ রান সংগ্রহ করেছিল দ,এর আগে তৃতীয় দিন শেষে আট উইকেট হারিয়ে ৩৮৫ রান সংগ্রহ করেছিল দ।,0.1538,0.06,ok
kathbath/bengali/wavs/844424930550881-1161-m.wav,/Users/monujgogoi/Downloads/kathbath/bengali/wavs/844424930550881-1161-m.wav,6.014,উত্তর কোরিয়া আর সাবেক সোভিয়েত ইউনিয়নের মধ্যে এক সময় ঘনিষ্ঠ সম্পর্ক ছিল,উত্তর কোরিয়া আর সাবেক সোভিয়েত ইউনিয়নের মধ্যে এক সময় ঘনিষ্ঠ সম্পর্ক ছিল।,0.0833,0.0159,ok
kathbath/bengali/wavs/844424930941009-417-m.wav,/Users/monujgogoi/Downloads/kathbath/bengali/wavs/844424930941009-417-m.wav,9.5201875,করোনা সংক্রমণের প্রেক্ষিতে রাজ্যের চিকিৎসা পরিকাঠামোর সঙ্গে গোড়া থেকে যুক্ত রয়েছে,করোনা সংক্রমণের প্রেক্ষিতে রাজ্যের চিকিৎসা পরিকাঠামোর সঙ্গে গোড়া থেকে যুক্ত রয়েছে।,0.0909,0.0137,ok
kathbath/bengali/wavs/844424930500966-1161-m.wav,/Users/monujgogoi/Downloads/kathbath/bengali/wavs/844424930500966-1161-m.wav,3.784875,স্বেচ্ছায় আগুন থেকে মানুষকে রক্ষা করে চলেছেন প্রৌঢ় বিপিন,স্বেচ্ছায় আগুন থেকে মানুষকে রক্ষা করতে চলেছেন পৌর বিপিন।,0.3333,0.12,ok
kathbath/bengali/wavs/844424930626992-210-m.wav,/Users/monujgogoi/Downloads/kathbath/bengali/wavs/844424930626992-210-m.wav,5.24775,এই প্রযুক্তির একটি ন্যূনতম যাও বর্জ্য পরিমাণ কমাতে পারবেন,এই প্রযুক্তির একটি ন্যূনতম যাও বর্জ্য পরিমাণ কমাতে পারবেন।,0.1111,0.0204,ok
kathbath/bengali/wavs/844424931278987-417-m.wav,/Users/monujgogoi/Downloads/kathbath/bengali/wavs/844424931278987-417-m.wav,5.897875,বীমা সেবা দিতে একসঙ্গে কাজ করবে মিলভিক ও বিকাশ,বীমা সেবা দিতে একসঙ্গে কাজ করবে মিলভিক ও বিকাশ।,0.1111,0.0263,ok
kathbath/bengali/wavs/844424930935290-502-m.wav,/Users/monujgogoi/Downloads/kathbath/bengali/wavs/844424930935290-502-m.wav,6.106875,এতটা গোছানো না হলেও কংগ্রেস নিজেদের মতো করে প্রার্থী নির্বাচনের প্রক্রিয়া চালিয়ে যাচ্ছে,এতটা গোছানো না হলেও কংগ্রেস নিজেদের মত করে প্রার্থী নির্বাচনের প্রক্রিয়া চালিয়ে যাচ্ছে।,0.1538,0.026,ok
kathbath/bengali/wavs/844424930554200-502-m.wav,/Users/monujgogoi/Downloads/kathbath/bengali/wavs/844424930554200-502-m.wav,6.94275,মুক্তিযুদ্ধ বিষয়ক মন্ত্রনালয়ের ওয়েবসাইটে বরগুণার মুক্তিযোদ্ধাদের যে তালিকা দেওয়া আছে সেখানে ড,মুক্তিযুদ্ধ বিষয়ক মন্ত্রণালয়ের ওয়েবসাইটে বরগুনার মুক্তিযোদ্ধাদের যে তালিকা দেওয়া আছে সেখানে ড।,0.25,0.0349,ok
kathbath/bengali/wavs/844424930436673-253-m.wav,/Users/monujgogoi/Downloads/kathbath/bengali/wavs/844424930436673-253-m.wav,4.644,নাটক ও মঞ্চ সম্পর্কে শাকুর মজিদের একটি টেলিফোন সাক্ষাৎকার নিয়েছেন তোফাজ্জল লিটন,নাটক ও মঞ্চ সম্পর্কে সাকুর মজিদের একটি টেলিফোন সাক্ষাৎকার নিয়েছেন তোফাজ্জল লিটন।,0.1667,0.029,ok
kathbath/bengali/wavs/844424930436693-253-m.wav,/Users/monujgogoi/Downloads/kathbath/bengali/wavs/844424930436693-253-m.wav,3.8080625,সাড়ে ৩৬ কোটি টাকার মেয়াদোত্তীর্ণ ওষুধ ধ্বংস করেছে কোম্পানিগুলো,সাড়ে ছত্রিশ কোটি টাকার মেয়াদোত্তীর্ণ ওষুধ ধ্বংস করেছে কোম্পানিগুলো।,0.2222,0.125,ok
kathbath/bengali/wavs/844424930693490-372-m.wav,/Users/monujgogoi/Downloads/kathbath/bengali/wavs/844424930693490-372-m.wav,9.47375,অর্থনৈতিক সহযোগিতা বৃদ্ধির অঙ্গীকারের মধ্যদিয়ে শেষ হলো আসেম সম্মেলন,অর্থনৈতিক সহযোগিতা বৃদ্ধির অঙ্গীকারের মধ্য দিয়ে শেষ হলো আসেম সম্মেলন।,0.3333,0.0167,ok
kathbath/bengali/wavs/844424931233386-1035-m.wav,/Users/monujgogoi/Downloads/kathbath/bengali/wavs/844424931233386-1035-m.wav,6.7338125,এরপর ১৯ এপ্রিল র্যাব সদর দপ্তরের সিনিয়র পুলিশ সুপার মো,এরপর 19শে এপ্রিল জার্বো সদর দপ্তরের সিনিয়র পুলিশ সুপার মো।,0.3,0.2174,ok
kathbath/bengali/wavs/844424930464236-1161-m.wav,/Users/monujgogoi/Downloads/kathbath/bengali/wavs/844424930464236-1161-m.wav,3.8313125,ছায়াময় সুগন্ধী পথ বেয়ে আমার শরীরের ওপর তুই হেঁটে আসিস,ছায়াময় সুগন্ধী পথ বেয়ে আমার শরীরের উপর তুই হেঁটে আসিস।,0.2,0.0426,ok
kathbath/bengali/wavs/844424931239776-1035-m.wav,/Users/monujgogoi/Downloads/kathbath/bengali/wavs/844424931239776-1035-m.wav,5.688875,স্বামীর নাক ডাকার আওয়াজ ৪ বছর ধরে রেকর্ড করলেন,স্বামীর নাক ডাকার আওয়াজ চার বছর ধরে রেকর্ড করলেন।,0.2222,0.1026,ok
kathbath/bengali/wavs/844424930627032-210-m.wav,/Users/monujgogoi/Downloads/kathbath/bengali/wavs/844424930627032-210-m.wav,6.1300625,প্রধানমন্ত্রীকে চিঠি বিশেষজ্ঞ নিয়ে সীমিত পরিসরে আলোচনা চান ড,প্রধানমন্ত্রীকে চিঠি বিশেষজ্ঞ নিয়ে সীমিত পরিসরে আলোচনা চান ডঃ।,0.1111,0.0377,ok
kathbath/bengali/wavs/844424930627052-210-m.wav,/Users/monujgogoi/Downloads/kathbath/bengali/wavs/844424930627052-210-m.wav,6.014,শামসুল আলম খান মিলন দিবস উপলক্ষে বিএনপির মুখপাত্র ড,শামসুল আলম খান মিলন দিবস উপলক্ষে বিএনপির মুখপাত্র ডঃ।,0.1111,0.0465,ok
kathbath/bengali/wavs/844424930436736-253-m.wav,/Users/monujgogoi/Downloads/kathbath/bengali/wavs/844424930436736-253-m.wav,3.413375,বেটিংয়ের দায়ে তিন ক্রিকেটারকে কড়া শাস্তি দিল ক্রিকেট অস্ট্রেলিয়া,ব্যাটিংয়ের দায়ে তিন ক্রিকেটারকে কড়া শাস্তি দিল ক্রিকেট অস্ট্রেলিয়া।,0.2222,0.0667,ok
kathbath/bengali/wavs/844424930693492-372-m.wav,/Users/monujgogoi/Downloads/kathbath/bengali/wavs/844424930693492-372-m.wav,8.6378125,প্রায় তিন মাস ধরে ভারতীয় নির্বাচন কমিশনের অনুশাসন ও মডেল কোড অব কন্ডাক্ট,প্রায় 3 মাস ধরে ভারতীয় নির্বাচন কমিশনের অনুশাসন ও মডেল কোড অব কন্ডাক্ট।,0.1538,0.0645,ok
kathbath/bengali/wavs/844424930707897-210-m.wav,/Users/monujgogoi/Downloads/kathbath/bengali/wavs/844424930707897-210-m.wav,10.26325,কেন্দ্রীয় খেলাঘরের আয়োজনে অনুষ্ঠিত এ চিত্রাংকন প্রতিযোগিতায় প্রধান অতিথি হিসেবে উপস্থিত ছিলেন রেলমন্ত্রী মো,কেন্দ্রীয় খেলাঘরের আয়োজনে অনুষ্ঠিত এ চিত্রাঙ্কন প্রতিযোগিতায় প্রধান অতিথি হিসেবে উপস্থিত ছিলেন রেলমন্ত্রী মোঃ।,0.1429,0.0412,ok
kathbath/bengali/wavs/844424930554252-502-m.wav,/Users/monujgogoi/Downloads/kathbath/bengali/wavs/844424930554252-502-m.wav,4.66725,প্রথমবারের মতো হাইড্রোজেন ওয়াটার ফিল্টার বাজারে আনল সেফ ইন্টারন্যাশনাল,প্রথমবারের মতো হাইড্রোজেন ওয়াটার ফিল্টার বাজারে আনলো সেফ ইন্টারন্যাশনাল।,0.2222,0.0317,ok
kathbath/bengali/wavs/844424930693494-372-m.wav,/Users/monujgogoi/Downloads/kathbath/bengali/wavs/844424930693494-372-m.wav,8.7539375,স্টিংকাণ্ডের ফুটেজ কেন্দ্রীয় তদন্তকারী সংস্থার কাছে জমা দিতে চান ম্যাথু স্যামুয়েল,স্ট্রিং কাণ্ডের ফুটেজ কেন্দ্রীয় তদন্তকারী সংস্থার কাছে জমা দিতে চান ম্যাথিউ স্যামুয়েল।,0.3636,0.0685,ok
kathbath/bengali/wavs/844424931239820-1035-m.wav,/Users/monujgogoi/Downloads/kathbath/bengali/wavs/844424931239820-1035-m.wav,9.5201875,দেশের প্রথম বিশ্ববিদ্যালয় হিসেবে সন্দেহভাজন করোনাভাইরাস রোগীদের নমুনা পরীক্ষার অনুমোদন পেয়েছিল যশোর,দেশের প্রথম বিশ্ববিদ্যালয় হিসেবে সন্দেহভাজন করোনাভাইরাস রোগীদের নমুনা পরীক্ষার অনুমোদন পেয়েছিল যশোর।,0.0833,0.0111,ok
kathbath/bengali/wavs/844424930627010-210-m.wav,/Users/monujgogoi/Downloads/kathbath/bengali/wavs/844424930627010-210-m.wav,4.760125,সন্ত্রাস দমনে যে দিনে দিনে ক্রমশ কড়া হচ্ছে প্রশাসন,সন্ত্রাস দমনে যে দিনে দিনে ক্রমশ করা হচ্ছে প্রশাসন।,0.2222,0.0698,ok
kathbath/bengali/wavs/844424930707917-210-m.wav,/Users/monujgogoi/Downloads/kathbath/bengali/wavs/844424930707917-210-m.wav,5.317375,আফজাল কোহিস্তানি দাবি করেছিলেন যে তার জীবনের ঝুঁকি রয়েছে,আফজাল কোহিস্তানি দাবি করেছিলেন যে তার জীবনের ঝুঁকি রয়েছে।,0.1111,0.0204,ok
kathbath/bengali/wavs/844424930627047-210-m.wav,/Users/monujgogoi/Downloads/kathbath/bengali/wavs/844424930627047-210-m.wav,5.3638125,লাঠি ও রড দিয়ে পুরনো বিবাদের জেরে পিটিয়ে খুনের অভিযোগ,লাঠি ও রড দিয়ে পুরনো বিবাদের জেরে পিটিয়ে খুনের অভিযোগ।,0.1,0.0217,ok
kathbath/bengali/wavs/844424930773496-372-m.wav,/Users/monujgogoi/Downloads/kathbath/bengali/wavs/844424930773496-372-m.wav,5.0851875,ক্যা ম্পা সে র প্রি য় মু খ তমার অন্য ভুবন,ক্যাম্পাসের প্রিয় মুখ তোমার অন্নভুবন।,1.0,0.0938,ok
kathbath/bengali/wavs/844424930753514-372-m.wav,/Users/monujgogoi/Downloads/kathbath/bengali/wavs/844424930753514-372-m.wav,9.26475,পাশে দাঁড়ানোর জন্য মালয়েশিয়ার প্রধানমন্ত্রী মাহাথির মোহাম্মদকে ধন্যবাদ জানিয়েছেন ডা,পাশে দাঁড়ানোর জন্য মালয়েশিয়ার প্রধানমন্ত্রী মাহাথীর মোহাম্মদকে ধন্যবাদ জানিয়েছেন ডাঃ।,0.2,0.0385,ok
kathbath/bengali/wavs/844424930464209-1161-m.wav,/Users/monujgogoi/Downloads/kathbath/bengali/wavs/844424930464209-1161-m.wav,3.8313125,তাহলে কি করতে হবে যখন আপনি ডান দিকে অবৈধভাবে সরিয়ে দিল,তাহলে কি করতে হবে যখন আপনি ডান দিকে অবৈধভাবে সরিয়ে দিলেন?,0.0909,0.0667,ok
kathbath/bengali/wavs/844424931239829-1035-m.wav,/Users/monujgogoi/Downloads/kathbath/bengali/wavs/844424931239829-1035-m.wav,6.0604375,তবে তা দেখে অবশ্য আলটিমেট হাসিতেই ফেটে পড়েছেন আম বাঙালি,তবে তা দেখে অবশ্য আল্টিমেট হাসিতেই ফেটে পড়েছেন আম বাঙালি।,0.2,0.0426,ok
kathbath/bengali/wavs/844424931278973-417-m.wav,/Users/monujgogoi/Downloads/kathbath/bengali/wavs/844424931278973-417-m.wav,8.219875,গণতন্ত্র পুনরুদ্ধার ও খালেদা জিয়ার মুক্তির জন্য বিএনপির এমপিদের সংসদ,গণতন্ত্র পুনরুদ্ধার ও খালেদা জিয়ার মুক্তির জন্য বিএনপির এমপিদের সংসদ।,0.1,0.0167,ok
kathbath/bengali/wavs/844424930627080-210-m.wav,/Users/monujgogoi/Downloads/kathbath/bengali/wavs/844424930627080-210-m.wav,8.1501875,শেরপুরে একটি বাড়ী একটি খামার প্রকল্পের উপকারভোগীদের উঠোন বৈঠকে হাজির হয়ে তাদের সাথে,শেরপুরে একটি বাড়ি একটি খামার প্রকল্পের উপকারভোগীদের উঠোন বৈঠকে হাজির হয়ে তাদের সাথে।,0.1538,0.0274,ok
kathbath/bengali/wavs/844424930554231-502-m.wav,/Users/monujgogoi/Downloads/kathbath/bengali/wavs/844424930554231-502-m.wav,3.784875,বাড়ির সামনে প্রস্রাবের প্রতিবাদে চড় মারায় এক যুবককে খুন,বাড়ির সামনে প্রস্রাবের প্রতিবাদে চড় মারায় এক যুবককে খুন।,0.1111,0.02,ok
kathbath/bengali/wavs/844424930707821-210-m.wav,/Users/monujgogoi/Downloads/kathbath/bengali/wavs/844424930707821-210-m.wav,6.757,আসলে ইনস্টাগ্রামে তাঁর ফ্যান এবং বন্ধুদের সঙ্গে চ্যাট করছিলেন সুহানা,আসলে ইনস্টাগ্রামে তার ফ্যান এবং বন্ধুদের সঙ্গে চ্যাট করেছিলেন সুহানা।,0.3,0.0508,ok
kathbath/bengali/wavs/844424932360026-778-m.wav,/Users/monujgogoi/Downloads/kathbath/bengali/wavs/844424932360026-778-m.wav,7.2910625,তাই ঐতিহ্যের সঙ্গে সঙ্গতি রেখে স্বপ্নীল নগর গড়ার স্বপ্ন দেখাচ্ছেন সিলেট সিটি,তাই ঐতিহ্যের সঙ্গে সঙ্গতি রেখে স্বপ্নিল নগর গড়ার স্বপ্ন দেখাচ্ছেন সিলেট সিটি।,0.1667,0.0303,ok
kathbath/bengali/wavs/844424930773522-372-m.wav,/Users/monujgogoi/Downloads/kathbath/bengali/wavs/844424930773522-372-m.wav,7.430375,কংগ্রেসের গড় কাঁপিয়ে মনোনয়ন জমা কান্দি মহকুমার ৪ তৃণমূল প্রার্থীর,কংগ্রেসের গড় কাঁপিয়ে মনোনয়ন জমা কান্দি মহকুমার চার তৃণমূল প্রার্থীর।,0.2,0.0678,ok
kathbath/bengali/wavs/844424931239821-1035-m.wav,/Users/monujgogoi/Downloads/kathbath/bengali/wavs/844424931239821-1035-m.wav,7.1285625,ম্যাডক্স স্কোয়্যারে মহাষষ্ঠীর রাতে আড্ডা প্রিয় বাঙালির আট থেকে আশির ভিড় ম্যাডক্সে,ম্যাডক্স স্কোয়ারে মহাষষ্ঠীর রাতে আড্ডা প্রিয় বাঙালির আট থেকে আশির ভিড় ম্যাডক্সে।,0.1667,0.0411,ok
kathbath/bengali/wavs/844424930436737-253-m.wav,/Users/monujgogoi/Downloads/kathbath/bengali/wavs/844424930436737-253-m.wav,4.945875,মুনিম হোসেন একই উপজেলার গোপালপুর ইউনিয়নের ভূরঘাটা মসজিদ বাড়ির গ্রামের মো,মুনিম হোসেন একই উপজেলার গোপালপুর ইউনিয়নের ভুরঘাটা মসজিদ বাড়ির গ্রামের মো।,0.1818,0.0312,ok
kathbath/bengali/wavs/844424930693420-372-m.wav,/Users/monujgogoi/Downloads/kathbath/bengali/wavs/844424930693420-372-m.wav,8.219875,জয়দীপ মুখার্জি পরিচালিত এই ছবিতে শাকিব খানের বড় বোনের,জয়দীপ মুখার্জী পরিচালিত এই ছবিতে শাকিব খানের বড় বোনের।,0.2222,0.0426,ok
kathbath/bengali/wavs/844424930436716-253-m.wav,/Users/monujgogoi/Downloads/kathbath/bengali/wavs/844424930436716-253-m.wav,3.274,উত্তরায় এক্সচেঞ্জ ব্যবসায়ীকে গুলি করে ২৫ লাখ টাকা ছিনতাই,উত্তরা এক্সচেঞ্জ ব্যবসায়ীকে গুলি করে ₹25 লাখ টাকা ছিনতাই।,0.3333,0.12,ok
kathbath/bengali/wavs/844424930500911-1161-m.wav,/Users/monujgogoi/Downloads/kathbath/bengali/wavs/844424930500911-1161-m.wav,3.692,যার মধ্যে অন্যতম হচ্ছে হায়ার স্টাডি অ্যাব্রোড বাংলাদেশ চ্যাপ্টার,যার মধ্যে অন্যতম হচ্ছে হায়ার স্টাডি অ্যাব্রোড বাংলাদেশ চ্যাপ্টার।,0.1111,0.0175,ok
kathbath/bengali/wavs/844424930753570-372-m.wav,/Users/monujgogoi/Downloads/kathbath/bengali/wavs/844424930753570-372-m.wav,8.4753125,মিলানে বাংলাদেশ বুদ্ধিস্ট ওয়েলফেয়ার অ্যাসোসিয়েশন উদ্যোগে সংঘ দান অনুষ্ঠিত,মিলানে বাংলাদেশ বুদ্ধিস্ট ওয়েলফেয়ার অ্যাসোসিয়েশন উদ্যোগে সংঘদান অনুষ্ঠিত।,0.3333,0.0147,ok
kathbath/bengali/wavs/844424930940946-417-m.wav,/Users/monujgogoi/Downloads/kathbath/bengali/wavs/844424930940946-417-m.wav,6.19975,ছয় তলা থেকে লাফিয়ে পালানোর চেষ্টা রিমান্ডে থাকা জঙ্গির,ছয়তলা থেকে লাফিয়ে পালানোর চেষ্টা রিমান্ডে থাকা জঙ্গির।,0.3333,0.0208,ok
kathbath/bengali/wavs/844424930773582-372-m.wav,/Users/monujgogoi/Downloads/kathbath/bengali/wavs/844424930773582-372-m.wav,7.5000625,দায়েশের কাছে গোপন তথ্য পাচারের দায়ে মার্কিন এক সেনা গ্রেফতার,দায়েসের কাছে গোপন তথ্য প্রাচারের দায়ে মার্কিন এক সেনা গ্রেপ্তার।,0.3,0.1132,ok
kathbath/bengali/wavs/844424930935241-502-m.wav,/Users/monujgogoi/Downloads/kathbath/bengali/wavs/844424930935241-502-m.wav,5.41025,ঋত্বিকের পৈতৃক ভিটা ভাঙা নিয়ে হোমিওপ্যাথিক কলেজ কর্তৃপক্ষ বলছে ভিন্ন কথা,ঋত্বিকের পৈত্রিক ভিটা ভাঙা নিয়ে হোমিওপ্যাথিক কলেজ কর্তৃপক্ষ বলছে ভিন্ন কথা।,0.1818,0.0635,ok
kathbath/bengali/wavs/844424931233408-1035-m.wav,/Users/monujgogoi/Downloads/kathbath/bengali/wavs/844424931233408-1035-m.wav,8.3591875,তাঁর পিছনে রয়েছেন অস্ট্রেলিয়ার ফাস্ট বোলার প্যাট কমিন্স ও দক্ষিণ আফ্রিকার কাগিসো রাবাডা,তার পেছনে রয়েছেন অস্ট্রেলিয়ার ফাস্ট বোলার প্যাট কমিন্স ও দক্ষিণ আফ্রিকার কাগিসো রাওয়াডা।,0.2308,0.0779,ok
kathbath/bengali/wavs/844424931233417-1035-m.wav,/Users/monujgogoi/Downloads/kathbath/bengali/wavs/844424931233417-1035-m.wav,7.8948125,মধুপুর উপজেলা পরিষদ হলরুমে বন্যা ও করোনা পরিস্থিতিতে কৃষিমন্ত্রী ড,মধুপুর উপজেলা পরিষদ হলরুমে বন্যা ও করোনা পরিস্থিতিতে কৃষিমন্ত্রী ডঃ,0.1,0.0175,ok
kathbath/bengali/wavs/844424930753576-372-m.wav,/Users/monujgogoi/Downloads/kathbath/bengali/wavs/844424930753576-372-m.wav,11.7725,করোনাভাইরাস পরিস্থিতির কারণে শিক্ষাপ্রতিষ্ঠান খোলার মতো অনুকূল পরিবেশ এখনো হয়নি বলে জানিয়েছেন শিক্ষামন্ত্রী ডা,করোনাভাইরাস পরিস্থিতির কারণে শিক্ষা প্রতিষ্ঠান খোলার মতো অনুকূল পরিবেশ এখনও হয়নি বলে জানিয়েছেন শিক্ষামন্ত্রী ডাঃ।,0.2857,0.0303,ok
kathbath/bengali/wavs/844424930436751-253-m.wav,/Users/monujgogoi/Downloads/kathbath/bengali/wavs/844424930436751-253-m.wav,4.1099375,দরিদ্র শিক্ষার্থীদের জন্য ২৫ শতাংশ সংরক্ষণের রায় সুপ্রিম কোর্টের,দরিদ্র শিক্ষার্থীদের জন্য 25 শতাংশ সংরক্ষণের রায় সুপ্রিম কোর্টের।,0.2222,0.0526,ok
kathbath/bengali/wavs/844424931239842-1035-m.wav,/Users/monujgogoi/Downloads/kathbath/bengali/wavs/844424931239842-1035-m.wav,4.8761875,এই বাচ্চারা তাদের চোখ রক্ষা করতে সুরক্ষা গগলস পরা হয়,এই বাচ্চারা তাদের চোখ রক্ষা করতে সুরক্ষা গগলস পরা হয়।,0.1,0.0227,ok
kathbath/bengali/wavs/844424931239796-1035-m.wav,/Users/monujgogoi/Downloads/kathbath/bengali/wavs/844424931239796-1035-m.wav,7.616125,সভায় সভাপতিত্ব করেন জেরাল্ড কে এডামস এবং ব্যবস্থাপনা পরিচালক রূপালী চৌধুরী,সভায় সভাপতিত্ব করেন জেরাল্ড কে অ্যাডামস এবং ব্যবস্থাপনা পরিচালক রুপালী চৌধুরী।,0.2727,0.0923,ok
kathbath/bengali/wavs/844424930753522-372-m.wav,/Users/monujgogoi/Downloads/kathbath/bengali/wavs/844424930753522-372-m.wav,8.986125,কুড়িগ্রামের রৌমারীতে ৩ হাজার ২০০ পিস ইয়াবাসহ ৪ মাদক ব্যবসায়ী গ্রেপ্তার,"কুড়িগ্রামের রৌমারিতে ৩,২০০ পিস ইয়াবাসহ চার মাদক ব্যবসায়ী গ্রেফতার।",0.5455,0.1905,ok
kathbath/bengali/wavs/844424930554240-502-m.wav,/Users/monujgogoi/Downloads/kathbath/bengali/wavs/844424930554240-502-m.wav,4.1099375,অভিযুক্ত মহিলাকে ধরিয়ে দিতে পারলেই মিলবে এক লক্ষ টাকা পুরস্কার,,,,error
kathbath/bengali/wavs/844424930554223-502-m.wav,/Users/monujgogoi/Downloads/kathbath/bengali/wavs/844424930554223-502-m.wav,4.760125,আর তৃণমূল নেতাদের আত্মবিশ্বাসে ফাটল ধরায় উচ্ছ্বসিত বিজেপি নেতারা,,,,error
kathbath/bengali/wavs/844424930464238-1161-m.wav,/Users/monujgogoi/Downloads/kathbath/bengali/wavs/844424930464238-1161-m.wav,4.3189375,আলোচনা অনুষ্ঠানে ছাত্র পরামর্শ ও নির্দেশনা বিভাগের পরিচালক ড,,,,error
kathbath/bengali/wavs/844424930627054-210-m.wav,/Users/monujgogoi/Downloads/kathbath/bengali/wavs/844424930627054-210-m.wav,6.8963125,সংবাদ সম্মেলনে আরও বক্তব্য রাখেন পিকেএসএফের নির্বাহী চেয়ারম্যান ড,,,,error
kathbath/bengali/wavs/844424931239840-1035-m.wav,/Users/monujgogoi/Downloads/kathbath/bengali/wavs/844424931239840-1035-m.wav,5.24775,এমনকি সংস্থা সেই ব্যাপারে কাজ শুরু করেছে বলেও শোনা,,,,error
kathbath/bengali/wavs/844424930554267-502-m.wav,/Users/monujgogoi/Downloads/kathbath/bengali/wavs/844424930554267-502-m.wav,7.73225,সকালে সদরের কেন্দ্রীয় শহীদ মিনারে এবং উপজেলা পরিষদ চত্বরে মুক্তির মঞ্চে উপজেলা নির্বাহী কর্মকর্তা মো,,,,error
kathbath/bengali/wavs/844424931233401-1035-m.wav,/Users/monujgogoi/Downloads/kathbath/bengali/wavs/844424931233401-1035-m.wav,6.849875,নগরের বিপ্লব উদ্যানে জিয়াউর রহমানের ম্যুরাল ভেঙে ফেলার প্রতিবাদ জানিয়ে ডা,,,,error
kathbath/bengali/wavs/844424930753554-372-m.wav,/Users/monujgogoi/Downloads/kathbath/bengali/wavs/844424930753554-372-m.wav,10.9830625,তাকে বাড়ি ছাড়া করতে লোহার শিকলে বেঁধে রেখে অত্যাচার নির্যাতনের মাত্রা বাড়িয়ে দেয় তার শ্বশুরবাড়ির,,,,error
kathbath/bengali/wavs/844424930554276-502-m.wav,/Users/monujgogoi/Downloads/kathbath/bengali/wavs/844424930554276-502-m.wav,4.82975,বিরজু মহারাজের সান্নিধ্যে এক অনন্য সন্ধের সাক্ষী থাকল শীতের কলকাতা,,,,error
kathbath/bengali/wavs/844424930500982-1161-m.wav,/Users/monujgogoi/Downloads/kathbath/bengali/wavs/844424930500982-1161-m.wav,4.5743125,আইসিএসই ও আইএসসি বোর্ডের মেধাতালিকায় স্থান পেল পশ্চিমবঙ্গের পড়ুয়ারা,আইসিএসসি ও আইএসসি বোর্ডের মেধা তালিকায় স্থান পেল পশ্চিমবঙ্গের পড়ুয়ারা।,0.4444,0.0484,ok
kathbath/bengali/wavs/844424930773568-372-m.wav,/Users/monujgogoi/Downloads/kathbath/bengali/wavs/844424930773568-372-m.wav,9.079,এই উপাদানগুলির সমন্বয় এবং সমন্বয় শুধুমাত্র একটি উপর নির্ভর করে আরো কার্যকর হবে,,,,error
kathbath/bengali/wavs/844424930773581-372-m.wav,/Users/monujgogoi/Downloads/kathbath/bengali/wavs/844424930773581-372-m.wav,7.2214375,তবে এই ঘটনাকে তীব্র কটাক্ষ করতে দেখা গেল বিজেপি নেতা মুকুল রা,,,,error
kathbath/bengali/wavs/844424930470409-210-m.wav,/Users/monujgogoi/Downloads/kathbath/bengali/wavs/844424930470409-210-m.wav,7.5696875,দেশে বসবাসের উপযোগী ১১১ টি সেরা শহরের মধ্যে গুয়াহাটির স্থান ৮৫ তম,,,,error
kathbath/bengali/wavs/844424930500976-1161-m.wav,/Users/monujgogoi/Downloads/kathbath/bengali/wavs/844424930500976-1161-m.wav,4.24925,মনমোহনকে ইলিশের শুল্ক তুলে নেওয়ার দাবি জানানোর অনুরোধ মমতার,,,,error
kathbath/bengali/wavs/844424930935302-502-m.wav,/Users/monujgogoi/Downloads/kathbath/bengali/wavs/844424930935302-502-m.wav,6.9891875,লস্ এঞ্জেলেস কনস্যুলেট অফিসে অপ্রিতিকর ঘটনায় বিরুদ্ধে ক্যালিফোর্ণিয়া ষ্টেট আওয়ামিলীগের তীব্র প্রতিবাদ,,,,error
kathbath/bengali/wavs/844424930500925-1161-m.wav,/Users/monujgogoi/Downloads/kathbath/bengali/wavs/844424930500925-1161-m.wav,4.736875,হজে ভর্তুকি খতিয়ে দেখতে ৬ সদস্যের কমিটি কেন্দ্রীয় সংখ্যালঘু মন্ত্রকের,,,,error
kathbath/bengali/wavs/844424930940980-417-m.wav,/Users/monujgogoi/Downloads/kathbath/bengali/wavs/844424930940980-417-m.wav,8.428875,দিল্লি হিংসার একটি ছবিকে পোস্টার হিসাবে ব্যবহার করছে আইএস,,,,error
kathbath/bengali/wavs/844424930693447-372-m.wav,/Users/monujgogoi/Downloads/kathbath/bengali/wavs/844424930693447-372-m.wav,15.4180625,বিশেষ ক্ষমার ৫ মাসেও তাদেরকে বৈধ করতে না পারার জন্য স্কুল পরিচালনা কমিটির চেয়ারম্যান ডা,,,,error
kathbath/bengali/wavs/844424930773539-372-m.wav,/Users/monujgogoi/Downloads/kathbath/bengali/wavs/844424930773539-372-m.wav,8.243125,বিউটির ধর্ষণ ও হত্যার ঘটনাটিকে ক্ষমতার উদাহরণ হিসেবে টেনে ডা,,,,error
kathbath/bengali/wavs/844424930693466-372-m.wav,/Users/monujgogoi/Downloads/kathbath/bengali/wavs/844424930693466-372-m.wav,13.1193125,৩১ জানুয়ারির সময়সীমা পেরিয়ে যাওয়ায় জলপাইগুড়ি রোড স্টেশন থেকে উঠে গিয়েছে পদাতিক এক্সপ্রেসের স্টপ,,,,error
kathbath/bengali/wavs/844424930627067-210-m.wav,/Users/monujgogoi/Downloads/kathbath/bengali/wavs/844424930627067-210-m.wav,5.712125,যে ঘটনার জেরে মিকাকে আদালতে পর্যন্ত টেনে নিয়ে যান রাখি,,,,error
kathbath/bengali/wavs/844424932675108-725-f.wav,/Users/monujgogoi/Downloads/kathbath/bengali/wavs/844424932675108-725-f.wav,4.5743125,ডাকসু নির্বাচন নিয়ে হাইকোর্টের আদেশের বিরুদ্ধে ঢাবি প্রশাসনের আপিল,ডাকসু নির্বাচন নিয়ে হাইকোর্টের আদেশের বিরুদ্ধে ঢাবি প্রশাসনের আপিল।,0.1111,0.0169,ok
kathbath/bengali/wavs/844424930554240-502-m.wav,/Users/monujgogoi/Downloads/kathbath/bengali/wavs/844424930554240-502-m.wav,4.1099375,অভিযুক্ত মহিলাকে ধরিয়ে দিতে পারলেই মিলবে এক লক্ষ টাকা পুরস্কার,"অভিযুক্ত মহিলাকে ধরিয়ে দিতে পারলেই মিলবে ₹1,00,000 পুরস্কার।",0.4,0.2037,ok
kathbath/bengali/wavs/844424930554223-502-m.wav,/Users/monujgogoi/Downloads/kathbath/bengali/wavs/844424930554223-502-m.wav,4.760125,আর তৃণমূল নেতাদের আত্মবিশ্বাসে ফাটল ধরায় উচ্ছ্বসিত বিজেপি নেতারা,আর তৃণমূল নেতাদের আত্মবিশ্বাসে ফাটল ধরায় উচ্ছ্বসিত বিজেপি নেতারা।,0.1111,0.0175,ok
kathbath/bengali/wavs/844424930464238-1161-m.wav,/Users/monujgogoi/Downloads/kathbath/bengali/wavs/844424930464238-1161-m.wav,4.3189375,আলোচনা অনুষ্ঠানে ছাত্র পরামর্শ ও নির্দেশনা বিভাগের পরিচালক ড,আলোচনা অনুষ্ঠানে ছাত্র পরামর্শ ও নির্দেশনা বিভাগের পরিচালক ডঃ।,0.1111,0.0385,ok
kathbath/bengali/wavs/844424930627054-210-m.wav,/Users/monujgogoi/Downloads/kathbath/bengali/wavs/844424930627054-210-m.wav,6.8963125,সংবাদ সম্মেলনে আরও বক্তব্য রাখেন পিকেএসএফের নির্বাহী চেয়ারম্যান ড,সংবাদ সম্মেলনে আরও বক্তব্য রাখেন পিকেএসএফের নির্বাহী চেয়ারম্যান ডঃ।,0.1111,0.0345,ok
kathbath/bengali/wavs/844424931239840-1035-m.wav,/Users/monujgogoi/Downloads/kathbath/bengali/wavs/844424931239840-1035-m.wav,5.24775,এমনকি সংস্থা সেই ব্যাপারে কাজ শুরু করেছে বলেও শোনা,এমনকি সংস্থা সেই ব্যাপারে কাজ শুরু করেছে বলেও শোনা।,0.1111,0.0238,ok
kathbath/bengali/wavs/844424930554267-502-m.wav,/Users/monujgogoi/Downloads/kathbath/bengali/wavs/844424930554267-502-m.wav,7.73225,সকালে সদরের কেন্দ্রীয় শহীদ মিনারে এবং উপজেলা পরিষদ চত্বরে মুক্তির মঞ্চে উপজেলা নির্বাহী কর্মকর্তা মো,সকালে সদরের কেন্দ্রীয় শহীদ মিনারে এবং উপজেলা পরিষদ চত্বরে মুক্তির মঞ্চে উপজেলা নির্বাহী কর্মকর্তা মো.,0.0667,0.0115,ok
kathbath/bengali/wavs/844424931233401-1035-m.wav,/Users/monujgogoi/Downloads/kathbath/bengali/wavs/844424931233401-1035-m.wav,6.849875,নগরের বিপ্লব উদ্যানে জিয়াউর রহমানের ম্যুরাল ভেঙে ফেলার প্রতিবাদ জানিয়ে ডা,নগরের বিপ্লব উদ্যানে জিয়াউর রহমানের মোরাল ভেঙে ফেলার প্রতিবাদ জানিয়ে ডা।,0.1818,0.0615,ok
kathbath/bengali/wavs/844424930753554-372-m.wav,/Users/monujgogoi/Downloads/kathbath/bengali/wavs/844424930753554-372-m.wav,10.9830625,তাকে বাড়ি ছাড়া করতে লোহার শিকলে বেঁধে রেখে অত্যাচার নির্যাতনের মাত্রা বাড়িয়ে দেয় তার শ্বশুরবাড়ির,তাকে বাড়ি ছাড়া করতে লোহার শিকলে বেঁধে রেখে অত্যাচার নির্যাতনের মাত্রা বাড়িয়ে দেয় তার শ্বশুরবাড়ির।,0.0667,0.0114,ok
kathbath/bengali/wavs/844424930554276-502-m.wav,/Users/monujgogoi/Downloads/kathbath/bengali/wavs/844424930554276-502-m.wav,4.82975,বিরজু মহারাজের সান্নিধ্যে এক অনন্য সন্ধের সাক্ষী থাকল শীতের কলকাতা,বীরজু মহারাজের সান্নিধ্যে এক অনন্য সন্ধ্যের সাক্ষী থাকলো শীতের কলকাতা।,0.4,0.0877,ok
kathbath/bengali/wavs/844424930773568-372-m.wav,/Users/monujgogoi/Downloads/kathbath/bengali/wavs/844424930773568-372-m.wav,9.079,এই উপাদানগুলির সমন্বয় এবং সমন্বয় শুধুমাত্র একটি উপর নির্ভর করে আরো কার্যকর হবে,এই উপাদানগুলির সমন্বয় এবং সমন্বয় শুধুমাত্র একটি উপর নির্ভর করে আরও কার্যকর হবে।,0.1538,0.0294,ok
kathbath/bengali/wavs/844424930773581-372-m.wav,/Users/monujgogoi/Downloads/kathbath/bengali/wavs/844424930773581-372-m.wav,7.2214375,তবে এই ঘটনাকে তীব্র কটাক্ষ করতে দেখা গেল বিজেপি নেতা মুকুল রা,তবে এই ঘটনাকে তীব্র কটাক্ষ করতে দেখা গেল বিজেপি নেতা মুকুল রা।,0.0833,0.02,ok
kathbath/bengali/wavs/844424930470409-210-m.wav,/Users/monujgogoi/Downloads/kathbath/bengali/wavs/844424930470409-210-m.wav,7.5696875,দেশে বসবাসের উপযোগী ১১১ টি সেরা শহরের মধ্যে গুয়াহাটির স্থান ৮৫ তম,দেশে বসবাসের উপযোগী 111টি সেরা শহরের মধ্যে গুওয়াহাটির স্থান 85তম।,0.4167,0.1273,ok
kathbath/bengali/wavs/844424930500976-1161-m.wav,/Users/monujgogoi/Downloads/kathbath/bengali/wavs/844424930500976-1161-m.wav,4.24925,মনমোহনকে ইলিশের শুল্ক তুলে নেওয়ার দাবি জানানোর অনুরোধ মমতার,মনমোহনকে ইলিশের শুল্ক তুলে নেওয়ার দাবি জানানোর অনুরোধ মমতার।,0.1111,0.0192,ok
kathbath/bengali/wavs/844424930935302-502-m.wav,/Users/monujgogoi/Downloads/kathbath/bengali/wavs/844424930935302-502-m.wav,6.9891875,লস্ এঞ্জেলেস কনস্যুলেট অফিসে অপ্রিতিকর ঘটনায় বিরুদ্ধে ক্যালিফোর্ণিয়া ষ্টেট আওয়ামিলীগের তীব্র প্রতিবাদ,লস এঞ্জেলেস কনসুলেট অফিসে অপ্রীতিকর ঘটনার বিরুদ্ধে ক্যালিফোর্নিয়ার টেস্ট আওয়ামী লীগের তীব্র প্রতিবাদ।,0.75,0.1398,ok
kathbath/bengali/wavs/844424930500925-1161-m.wav,/Users/monujgogoi/Downloads/kathbath/bengali/wavs/844424930500925-1161-m.wav,4.736875,হজে ভর্তুকি খতিয়ে দেখতে ৬ সদস্যের কমিটি কেন্দ্রীয় সংখ্যালঘু মন্ত্রকের,হজে ভর্তুকি খতিয়ে দেখতে ছয় সদস্যের কমিটি কেন্দ্রীয় সংখ্যালঘু মন্ত্রকের।,0.2,0.0645,ok
kathbath/bengali/wavs/844424930940980-417-m.wav,/Users/monujgogoi/Downloads/kathbath/bengali/wavs/844424930940980-417-m.wav,8.428875,দিল্লি হিংসার একটি ছবিকে পোস্টার হিসাবে ব্যবহার করছে আইএস,দিল্লি হিংসার একটি ছবিকে পোস্টার হিসেবে ব্যবহার করছে আইএস।,0.2222,0.0408,ok
kathbath/bengali/wavs/844424930693447-372-m.wav,/Users/monujgogoi/Downloads/kathbath/bengali/wavs/844424930693447-372-m.wav,15.4180625,বিশেষ ক্ষমার ৫ মাসেও তাদেরকে বৈধ করতে না পারার জন্য স্কুল পরিচালনা কমিটির চেয়ারম্যান ডা,বিশেষ ক্ষমার পাঁচ মাসেও তাদেরকে বৈধ করতে না পারার জন্য স্কুল পরিচালনা কমিটির চেয়ারম্যান ডা।,0.1333,0.0676,ok
kathbath/bengali/wavs/844424930773539-372-m.wav,/Users/monujgogoi/Downloads/kathbath/bengali/wavs/844424930773539-372-m.wav,8.243125,বিউটির ধর্ষণ ও হত্যার ঘটনাটিকে ক্ষমতার উদাহরণ হিসেবে টেনে ডা,বিউটির ধর্ষণ ও হত্যার ঘটনাটিকে ক্ষমতার উদাহরণ হিসেবে টেনে ডা।,0.1,0.0196,ok
kathbath/bengali/wavs/844424930693466-372-m.wav,/Users/monujgogoi/Downloads/kathbath/bengali/wavs/844424930693466-372-m.wav,13.1193125,৩১ জানুয়ারির সময়সীমা পেরিয়ে যাওয়ায় জলপাইগুড়ি রোড স্টেশন থেকে উঠে গিয়েছে পদাতিক এক্সপ্রেসের স্টপ,31শে জানুয়ারির সময়সীমা পেরিয়ে যাওয়ায় জলপাইগুড়ি রোড স্টেশন থেকে উঠে গিয়েছে পদাতিক এক্সপ্রেসের স্টপ।,0.1429,0.0562,ok
kathbath/bengali/wavs/844424930627067-210-m.wav,/Users/monujgogoi/Downloads/kathbath/bengali/wavs/844424930627067-210-m.wav,5.712125,যে ঘটনার জেরে মিকাকে আদালতে পর্যন্ত টেনে নিয়ে যান রাখি,যে ঘটনার জেরে মিকাকে আদালতে পর্যন্ত টেনে নিয়ে যান রাখি।,0.1,0.0217,ok
kathbath/bengali/wavs/844424930627081-210-m.wav,/Users/monujgogoi/Downloads/kathbath/bengali/wavs/844424930627081-210-m.wav,7.1285625,এই প্রতিবেদনটি পড়তে পড়তে আগামী ১ মিনিটে আপনার শরীরে কী কী ঘটবে জেনে নিন,এই প্রতিবেদনটি পড়তে পড়তে আগামী 1 মিনিটে আপনার শরীরে কী কী ঘটবে জেনে নিন।,0.1429,0.0333,ok
kathbath/bengali/wavs/844424930753508-372-m.wav,/Users/monujgogoi/Downloads/kathbath/bengali/wavs/844424930753508-372-m.wav,8.010875,বিশ্ব ক্যানসার দিবস বাংলাদেশে ক্যানসার প্রতিরোধ ও প্রতিকারের রূপকল্প,বিশ্ব ক্যান্সার দিবস বাংলাদেশে ক্যান্সার প্রতিরোধ ও প্রতিকারের রূপকল্প।,0.3333,0.05,ok
kathbath/bengali/wavs/844424930693454-372-m.wav,/Users/monujgogoi/Downloads/kathbath/bengali/wavs/844424930693454-372-m.wav,7.1981875,কোন ঝুঁকি না নিয়েই অবশেষে প্রার্থী বদল করল বিজেপি,কোনো ঝুঁকি না নিয়েই অবশেষে প্রার্থী বদল করল বিজেপি।,0.2222,0.0476,ok
kathbath/bengali/wavs/844424931233468-1035-m.wav,/Users/monujgogoi/Downloads/kathbath/bengali/wavs/844424931233468-1035-m.wav,7.1981875,কনকচাঁপার নগদ রয়েছে ৬৫ লাখ ৫০ হাজার ২১৭ টাকা,কনক চাপার নগদ রয়েছে পঁয়ষট্টি লাখ পঞ্চাশ হাজার দুশো সতেরো টাকা।,0.7778,0.7027,ok
kathbath/bengali/wavs/844424930773503-372-m.wav,/Users/monujgogoi/Downloads/kathbath/bengali/wavs/844424930773503-372-m.wav,9.26475,তাজরীন ফ্যাশনসে অগ্নিকাণ্ড ৪১৫ জনের ক্ষতিপূরণ ১৪ কোটি টাকা চূড়ান্ত,তাজরিন ফ্যাশনসে অগ্নিকাণ্ড ৪১৫ জনের ক্ষতিপূরণ ১৪ কোটি টাকা চূড়ান্ত।,0.2,0.0345,ok
kathbath/bengali/wavs/844424930773540-372-m.wav,/Users/monujgogoi/Downloads/kathbath/bengali/wavs/844424930773540-372-m.wav,8.010875,রাস্তার ভয়াবহ যানজট ঠেলে রোজ অফিস যেতে যেতে বিরক্ত হয়ে উঠেছিলেন জুজুন,রাস্তার ভয়াবহ যানজট ঠেলে রোজ অফিস যেতে যেতে বিরক্ত হয়ে উঠেছিলেন জুজুন।,0.0833,0.0167,ok
kathbath/bengali/wavs/844424930935282-502-m.wav,/Users/monujgogoi/Downloads/kathbath/bengali/wavs/844424930935282-502-m.wav,4.3189375,ভূতুড়ে মাস্ক পড়ে ভয় দেখানোর ফল ভুগতে হল ৪ কিশোরকে,ভূতুড়ে মাস্ক পরে ভয় দেখানোর ফল ভুগতে হলো চার কিশোরকে।,0.4,0.1628,ok
kathbath/bengali/wavs/844424930627073-210-m.wav,/Users/monujgogoi/Downloads/kathbath/bengali/wavs/844424930627073-210-m.wav,5.61925,আপনার নিজের চুল জন্য প্রাকৃতিক চুল শ্যাম্পু জন্য প্রণালী,আপনার নিজের চুল জন্য প্রাকৃতিক চুল শ্যাম্পুর জন্য প্রণালী।,0.2222,0.0417,ok
kathbath/bengali/wavs/844424930773504-372-m.wav,/Users/monujgogoi/Downloads/kathbath/bengali/wavs/844424930773504-372-m.wav,7.058875,সিরাজগঞ্জে প্রিজন ভ্যান উল্টে পুলিশ সদস্যসহ ২ জনের মৃত্যু,সিরাজগঞ্জে প্রিজন ভ্যান উল্টে পুলিশ সদস্যসহ দুজনের মৃত্যু।,0.3333,0.0612,ok
kathbath/bengali/wavs/844424930753547-372-m.wav,/Users/monujgogoi/Downloads/kathbath/bengali/wavs/844424930753547-372-m.wav,8.986125,হোম এবং ব্যবসায় অ্যাকাউন্ট উভয় জন্য একটি ব্যক্তিগত অ্যাকাউন্টিং সিস্টেম ব্যবহার,হোম এবং ব্যবসায় অ্যাকাউন্ট উভয়ের জন্য একটি ব্যক্তিগত অ্যাকাউন্টিং সিস্টেম ব্যবহার।,0.1818,0.0423,ok
kathbath/bengali/wavs/844424930436706-253-m.wav,/Users/monujgogoi/Downloads/kathbath/bengali/wavs/844424930436706-253-m.wav,2.832875,অর্ধ মিনিট জন্য ঝাপসা না করে লাল শীট তাকান,অর্ধ মিনিট জন্য ঝাপসা না করে লাল সিট তাকান।,0.2222,0.0882,ok
kathbath/bengali/wavs/844424930940978-417-m.wav,/Users/monujgogoi/Downloads/kathbath/bengali/wavs/844424930940978-417-m.wav,8.3591875,পরীক্ষা সুষ্ঠুভাবে গ্রহণের জন্য এরইমধ্যে সব প্রস্তুতি শেষ করেছে,পরীক্ষা সুষ্ঠভাবে গ্রহণের জন্য এরই মধ্যে সব প্রস্তুতি শেষ করেছে।,0.4444,0.0364,ok
kathbath/bengali/wavs/844424931239863-1035-m.wav,/Users/monujgogoi/Downloads/kathbath/bengali/wavs/844424931239863-1035-m.wav,5.82825,এক তথ্য থেকে একটি প্যারামিটার অনুমান এবং রৈখিক মডেল প্রয়োগ,এক তথ্য থেকে আরেকটি প্যারামিটার অনুমান এবং রৈখিক মডেল প্রয়োগ।,0.2,0.08,ok
kathbath/bengali/wavs/844424930773536-372-m.wav,/Users/monujgogoi/Downloads/kathbath/bengali/wavs/844424930773536-372-m.wav,7.244625,ঘটনার বিষয়ে জানতে চাওয়া হলে আওয়ামী লীগের স্বাস্থ্য বিষয়ক সম্পাদক ডা,ঘটনার বিষয়ে জানতে চাওয়া হলে আওয়ামী লীগের স্বাস্থ্য বিষয়ক সম্পাদক ডাঃ।,0.0909,0.0328,ok
kathbath/bengali/wavs/844424930436718-253-m.wav,/Users/monujgogoi/Downloads/kathbath/bengali/wavs/844424930436718-253-m.wav,4.853,বাংলাদেশ থেকে বিদেশে টাকা পাচার করা হচ্ছে বলে অভিযোগ করেছেন গণফোরাম সভাপতি ড,বাংলাদেশ থেকে বিদেশে টাকা পাচার করা হচ্ছে বলে অভিযোগ করেছেন গণফরাম সভাপতি ডঃ।,0.1538,0.0469,ok
kathbath/bengali/wavs/844424930500936-1161-m.wav,/Users/monujgogoi/Downloads/kathbath/bengali/wavs/844424930500936-1161-m.wav,4.2028125,বেশ সাহসের সঙ্গে রুশ ভাষায় ভালোবাসার প্রস্তাব দিয়েছিলেন মি,বেশ সাহসের সঙ্গে রুশ ভাষায় ভালোবাসার প্রস্তাব দিয়েছিলেন মি।,0.1111,0.0192,ok
kathbath/bengali/wavs/844424930693488-372-m.wav,/Users/monujgogoi/Downloads/kathbath/bengali/wavs/844424930693488-372-m.wav,7.5929375,ভারত বনাম নিউ জিল্যান্ড চতুর্থ একদিনের ম্যাচ লাইভ দেখুন,ভারত বনাম নিউজিল্যান্ড চতুর্থ একদিনের ম্যাচ লাইভ দেখুন।,0.3333,0.0213,ok
kathbath/bengali/wavs/844424930627017-210-m.wav,/Users/monujgogoi/Downloads/kathbath/bengali/wavs/844424930627017-210-m.wav,7.5696875,কাটমানি না দেওয়ায় প্রধানমন্ত্রী আবাস যোজনার সুবিধা থেকে বঞ্চিত বহু অনগ্ৰসর পরিবার,কাটমানি না দেওয়ায় প্রধানমন্ত্রী আবাস যোজনার সুবিধা থেকে বঞ্চিত বহু অনগ্রসর পরিবার।,0.1667,0.0278,ok
kathbath/bengali/wavs/844424930693435-372-m.wav,/Users/monujgogoi/Downloads/kathbath/bengali/wavs/844424930693435-372-m.wav,10.031,২২ ক্যারাটের পাশাপাশি ২৪ ক্যারাটের দামেও এসেছে পতন । প্রতীকী ছবি,22 ক্যারেটের পাশাপাশি 24 ক্যারেটের দামেও এসেছে পতন প্রতীকী ছবি।,0.5455,0.1481,ok
kathbath/bengali/wavs/844424930773498-372-m.wav,/Users/monujgogoi/Downloads/kathbath/bengali/wavs/844424930773498-372-m.wav,7.244625,যদিও এর উল্টো কথা বলেছেন মার্কিন সংক্রমণ বিশেষজ্ঞ ডা,যদিও এর উল্টো কথা বলেছেন মার্কিন সংক্রমণ বিশেষজ্ঞ ডা।,0.1111,0.0227,ok
kathbath/bengali/wavs/844424930773556-372-m.wav,/Users/monujgogoi/Downloads/kathbath/bengali/wavs/844424930773556-372-m.wav,7.2910625,ময়নাতদন্তের পরই গোটা বিষয়টির তদন্তে নামবেন পুলিশ বলে জানিয়েছে,ময়না তদন্তের পরই গোটা বিষয়টির তদন্তে নামবেন পুলিশ বলে জানিয়েছে।,0.3333,0.0179,ok
kathbath/bengali/wavs/844424930707893-210-m.wav,/Users/monujgogoi/Downloads/kathbath/bengali/wavs/844424930707893-210-m.wav,6.9195625,মুম্বই ইন্ডিয়ান্সের হয়ে খেলা পেসার রাসিখ সালাম দারের বিরুদ্ধে বয়স ভাঁড়ানোর অভিযোগ,মুম্বাই ইন্ডিয়ান্সের হয়ে খেলা পেসার রাশিদ সালামদারের বিরুদ্ধে বয়স বাড়ানোর অভিযোগ।,0.5,0.0811,ok
kathbath/bengali/wavs/844424930940934-417-m.wav,/Users/monujgogoi/Downloads/kathbath/bengali/wavs/844424930940934-417-m.wav,7.94125,কিন্তু এসব পণ্যের মাত্রাতিরিক্ত ব্যবহার সব সময় ভালো ফল বয়ে আনে,কিন্তু এসব পণ্যের মাত্রাতিক্ত ব্যবহার সবসময় ভালো ফল বয়ে আনে।,0.3636,0.0556,ok
kathbath/bengali/wavs/844424932360036-778-m.wav,/Users/monujgogoi/Downloads/kathbath/bengali/wavs/844424932360036-778-m.wav,7.918,কিন্তু আপনি যদি আপনার সতীর্থদের সাথে একটি অডিও কনফারেন্স হোস্ট করতে চান সে ক্ষেত্রে ফ্রিকনফারেন্স,কিন্তু আপনি যদি আপনার সতীর্থদের সাথে একটি অডিও কনফারেন্স হোস্ট করতে চান সেক্ষেত্রে ফ্রি কনফারেন্স।,0.2,0.012,ok
kathbath/bengali/wavs/844424930500942-1161-m.wav,/Users/monujgogoi/Downloads/kathbath/bengali/wavs/844424930500942-1161-m.wav,6.7338125,রাজধানীর শেরেবাংলা নগরে অভিযান চালিয়ে দুই কোটি টাকার মেয়াদোত্তীর্ণ বিদেশি খাদ্যদ্রব্য জব্দ করেছে র্যাপিড,রাজধানীর শেরেবাংলা নগরে অভিযান চালিয়ে দুই কোটি টাকার মেয়াদুত্তীর্ণ বিদেশী খাদ্যদ্রব্য জব্দ করেছে জারপিড।,0.2143,0.0753,ok
kathbath/bengali/wavs/844424931279037-417-m.wav,/Users/monujgogoi/Downloads/kathbath/bengali/wavs/844424931279037-417-m.wav,6.6176875,কালভার্ট ভেঙে যান চলা বন্ধ দুর্ভোগে সাত গ্রামের মানুষ,কালভার্ট ভেঙে যান চলা বন্ধ দুর্ভোগে সাত গ্রামের মানুষ।,0.1111,0.0222,ok
kathbath/bengali/wavs/844424932360020-778-m.wav,/Users/monujgogoi/Downloads/kathbath/bengali/wavs/844424932360020-778-m.wav,5.03875,সব মন্তব্যের জন্য কয়েকঘণ্টার জন্য বন্ধ ছিল বিডিনিউজ টোয়েন্টি ফোর,সব মন্তব্যের জন্য কয়েক ঘণ্টার জন্য বন্ধ ছিল বিডি নিউজ ২৪।,0.5,0.2105,ok
kathbath/bengali/wavs/844424930773587-372-m.wav,/Users/monujgogoi/Downloads/kathbath/bengali/wavs/844424930773587-372-m.wav,8.800375,গোয়েন্দা পুলিশের পরিদর্শক আবুল খায়ের ঘটনা তদন্ত করে ওই বছরের ৯ আগস্ট আব্দুলস্নাহ মো,গোয়েন্দা পুলিশের পরিদর্শক আবুল খায়ের ঘটনা তদন্ত করে ওই বছরের ৯ আগস্ট আব্দুল স্নামও।,0.1429,0.0417,ok
kathbath/bengali/wavs/844424930500952-1161-m.wav,/Users/monujgogoi/Downloads/kathbath/bengali/wavs/844424930500952-1161-m.wav,3.0418125,শেষ পর্যন্ত সরকার টিকিয়ে রাখতে না পারলে বদনাম হত,শেষ পর্যন্ত সরকার টিকিয়ে রাখতে না পারলে বদনাম হতো।,0.1111,0.0488,ok
kathbath/bengali/wavs/844424931233444-1035-m.wav,/Users/monujgogoi/Downloads/kathbath/bengali/wavs/844424931233444-1035-m.wav,7.52325,দ্বিতীয় দিনের শেষে দ্বিতীয় ইনিংসে দক্ষিণ আফ্রিকার রান ২ উইকেটে ৬৫,দ্বিতীয় দিনের শেষে দ্বিতীয় ইনিংসে দক্ষিণ আফ্রিকার রান দু উইকেটে পঁয়ষট্টি।,0.1818,0.2105,ok
kathbath/bengali/wavs/844424930773511-372-m.wav,/Users/monujgogoi/Downloads/kathbath/bengali/wavs/844424930773511-372-m.wav,8.31275,গত ২৫ মার্চ থেকে চট্টগ্রামের করোনা পরীক্ষা শুরুর পর ল্যাবের নেতৃত্ব দিচ্ছিলেন ডা,গত ২৫শে মার্চ থেকে চট্টগ্রামের করোনা পরীক্ষা শুরুর পর ল্যাবের নেতৃত্ব দিচ্ছিলেন ডা।,0.1538,0.0441,ok
kathbath/bengali/wavs/844424930550845-1161-m.wav,/Users/monujgogoi/Downloads/kathbath/bengali/wavs/844424930550845-1161-m.wav,6.4086875,৮১ তম প্রতিষ্ঠাতা দিবসে সিআরপিএফ ১৮৪ নং ব্যাটেলিয়নের রক্তদান শিবির,81 তম প্রতিষ্ঠাতা দিবসে সিআরপিএফ 184 নম্বর ব্যাটালিয়নের রক্তদান শিবির।,0.5,0.1897,ok
kathbath/bengali/wavs/844424930554269-502-m.wav,/Users/monujgogoi/Downloads/kathbath/bengali/wavs/844424930554269-502-m.wav,5.3638125,বিষণ্নতার কারণে তাদের মাথার দুই দিকে মস্তিষ্কের তরঙ্গ প্রবাহে তারতম্য দেখা দেয়,অসন্ন্যতার কারণে তাদের মাথার দুই দিকে মস্তিষ্কের তরঙ্গ প্রবাহে তারতম্য দেখা দেয়।,0.1667,0.1029,ok
kathbath/bengali/wavs/844424930500961-1161-m.wav,/Users/monujgogoi/Downloads/kathbath/bengali/wavs/844424930500961-1161-m.wav,5.0619375,তার পরে এক ইঞ্চিও এগোয়নি কলকাতা পুরসভার সিআইটি রোডের প্রস্তাবিত মঞ্চ,তারপরে এক ইঞ্চিও এগোয়নি কলকাতা পুরসভার সিআইটি রোডের প্রস্তাবিত মঞ্চ।,0.2727,0.0169,ok
kathbath/bengali/wavs/844424930940994-417-m.wav,/Users/monujgogoi/Downloads/kathbath/bengali/wavs/844424930940994-417-m.wav,6.5945,বাতাসে এতটাই আর্দ্রতা থাকে যে ঘাম হতে বাধ্য হয়,বাতাসে এতটাই আর্দ্রতা থাকে যে ঘাম হতে বাধ্য হয়।,0.1111,0.0256,ok
kathbath/bengali/wavs/844424930773532-372-m.wav,/Users/monujgogoi/Downloads/kathbath/bengali/wavs/844424930773532-372-m.wav,9.3344375,সাবেত আলীর সভাপতিত্বে সমাবেশে বক্তব্য রাখেন সমাবেশের প্রধান অতিথি জেলা প্রশাসক মো,সাবেত আলীর সভাপতিত্বে সমাবেশে বক্তব্য রাখেন সমাবেশের প্রধান অতিথি জেলা প্রশাসক মোঃ।,0.0833,0.0286,ok
kathbath/bengali/wavs/844424930464156-1161-m.wav,/Users/monujgogoi/Downloads/kathbath/bengali/wavs/844424930464156-1161-m.wav,3.9241875,একটি শিশুর আছে সাহস থাকার জন্য আমি ক্ষমাপ্রার্থী না,একটি শিশুর আছে সাহস থাকার জন্য আমি ক্ষমা প্রার্থী না।,0.3333,0.0233,ok
kathbath/bengali/wavs/844424930464170-1161-m.wav,/Users/monujgogoi/Downloads/kathbath/bengali/wavs/844424930464170-1161-m.wav,3.8545,প্রথম দল হিসাবে পাঁচশাের গন্ডি পার করার আশা প্রকাশ হােপের,প্রথম দল হিসাবে ৫০০-র গন্ডি পার করার আশা প্রকাশ হোপের।,0.2,0.2083,ok
kathbath/bengali/wavs/844424930940935-417-m.wav,/Users/monujgogoi/Downloads/kathbath/bengali/wavs/844424930940935-417-m.wav,7.430375,এই গাড়িতেই নিয়ে যাওয়া হচ্ছে অটল বিহারী বাজপেয়ীর মৃতদেহ,এই গাড়িতেই নিয়ে যাওয়া হচ্ছে অটল বিহারী বাজপেয়ীর মৃতদেহ।,0.1111,0.02,ok
kathbath/bengali/wavs/844424931233426-1035-m.wav,/Users/monujgogoi/Downloads/kathbath/bengali/wavs/844424931233426-1035-m.wav,9.7988125,পৈতৃক আবাসস্থল মোহনগঞ্জের লোহিয়ার মাঠে আবদুল মমিন ও আমার বাবা ডা,পৈত্রিক আবাসস্থল মোহনগঞ্জের লোহিয়ার মাঠে আব্দুল মোমিন ও আমার বাবা ডা।,0.3636,0.1091,ok
kathbath/bengali/wavs/844424931278984-417-m.wav,/Users/monujgogoi/Downloads/kathbath/bengali/wavs/844424931278984-417-m.wav,7.94125,এদিকে অধিনায়ক দীনেশ কার্তিক লড়াই চালাচ্ছেন । সঙ্গী আন্দ্রে রাসেল,"এদিকে অধিনায়ক দিনেশ কার্তিক লড়াই চালাচ্ছেন, সঙ্গী আন্দ্রে রাসেল।",0.4,0.0526,ok
kathbath/bengali/wavs/844424930554249-502-m.wav,/Users/monujgogoi/Downloads/kathbath/bengali/wavs/844424930554249-502-m.wav,5.1780625,বেদান্ত সেন্টার থেকে প্রকাশিত স্বামী বিবেকানন্দ ইন ইংল্যান্ড এ পিক্টোরিয়াল গাইড,বেদান্ত সেন্টার থেকে প্রকাশিত স্বামী বিবেকানন্দ ইন ইংল্যান্ড এ পিকটোরিয়াল গাইড।,0.1818,0.0286,ok
kathbath/bengali/wavs/844424930436732-253-m.wav,/Users/monujgogoi/Downloads/kathbath/bengali/wavs/844424930436732-253-m.wav,6.8963125,শিশুদের হৃদরোগের বিষয়ে এনটিভির নিয়মিত আয়োজন স্বাস্থ্য প্রতিদিন অনুষ্ঠানের ৩২৫৯ তম পর্বে কথা বলেছেন ডা,"শিশুদের হৃদরোগের বিষয়ে এনটিভির নিয়মিত আয়োজন স্বাস্থ্য প্রতিদিন অনুষ্ঠানে ৩,২৬৯ তম পর্বে কথা বলেছেন ডা।",0.2,0.0444,ok
kathbath/bengali/wavs/844424930500923-1161-m.wav,/Users/monujgogoi/Downloads/kathbath/bengali/wavs/844424930500923-1161-m.wav,3.9009375,বঙ্গের পরিযায়ী শ্রমিকদের ফেরাতে রাজস্থান থেকে শুরু হবে ট্রেন যাত্রা,বঙ্গের পরিযায়ী শ্রমিকদের ফেরাতে রাজস্থান থেকে শুরু হবে ট্রেন যাত্রা।,0.1,0.0169,ok
kathbath/bengali/wavs/844424930941027-417-m.wav,/Users/monujgogoi/Downloads/kathbath/bengali/wavs/844424930941027-417-m.wav,8.52175,একটি ৪০ ওয়াট সড়কবাতির দাম ৩১ হাজার ৯৭১ টাকা,"একটি 40 ওয়াট সড়কবাতির দাম ₹31,971।",0.5556,0.4324,ok
kathbath/bengali/wavs/844424930773531-372-m.wav,/Users/monujgogoi/Downloads/kathbath/bengali/wavs/844424930773531-372-m.wav,6.2229375,জমি কেনার সময় যে যে বিষয়ের উপর গুরুত্ব দিতে হবে,জমি কেনার সময় যে যে বিষয়ের উপর গুরুত্ব দিতে হবে।,0.1,0.025,ok
